nohup: ignoring input
2026-03-22 07:12:20 [INFO] Polymarket Data Collector starting
2026-03-22 07:12:20 [INFO] Assets: ['BTC-USD', 'ETH-USD', 'SOL-USD', 'XRP-USD', 'DOGE-USD', 'BNB-USD', 'HYPE-USD'], Windows: ['5m', '15m']
2026-03-22 07:12:20 [INFO] Data dir: /root/pmbot-rust/data/polymarket
2026-03-22 07:12:20 [INFO] Starting Binance spot WS (price + aggTrade flow)...
2026-03-22 07:12:20 [INFO] Starting Binance futures WS (funding rate + mark price)...
2026-03-22 07:12:21 [INFO] Websocket connected
2026-03-22 07:12:21 [INFO] Binance futures WebSocket connected (funding + mark price)
2026-03-22 07:12:21 [INFO] Websocket connected
2026-03-22 07:12:21 [INFO] Binance spot WebSocket connected (ticker + aggTrade)
2026-03-22 07:12:22 [INFO] NEW BTC-USD Bitcoin Up or Down - March 22, 3:10AM-3:15AM ET yes=0.52 window=300s
2026-03-22 07:12:22 [INFO] NEW ETH-USD Ethereum Up or Down - March 22, 3:10AM-3:15AM ET yes=0.51 window=300s
2026-03-22 07:12:22 [INFO] NEW SOL-USD Solana Up or Down - March 22, 3:10AM-3:15AM ET yes=0.51 window=300s
2026-03-22 07:12:22 [INFO] NEW XRP-USD XRP Up or Down - March 22, 3:10AM-3:15AM ET yes=0.49 window=300s
2026-03-22 07:12:22 [INFO] NEW DOGE-USD Dogecoin Up or Down - March 22, 3:10AM-3:15AM ET yes=0.50 window=300s
2026-03-22 07:12:22 [INFO] NEW BNB-USD BNB Up or Down - March 22, 3:10AM-3:15AM ET yes=0.29 window=300s
2026-03-22 07:12:22 [INFO] NEW HYPE-USD Hyperliquid Up or Down - March 22, 3:10AM-3:15AM ET yes=0.50 window=300s
2026-03-22 07:12:22 [INFO] NEW BTC-USD Bitcoin Up or Down - March 22, 3:00AM-3:15AM ET yes=0.56 window=900s
2026-03-22 07:12:22 [INFO] NEW ETH-USD Ethereum Up or Down - March 22, 3:00AM-3:15AM ET yes=0.56 window=900s
2026-03-22 07:12:22 [INFO] NEW SOL-USD Solana Up or Down - March 22, 3:00AM-3:15AM ET yes=0.41 window=900s
2026-03-22 07:12:22 [INFO] NEW XRP-USD XRP Up or Down - March 22, 3:00AM-3:15AM ET yes=0.69 window=900s
2026-03-22 07:12:22 [INFO] NEW DOGE-USD Dogecoin Up or Down - March 22, 3:00AM-3:15AM ET yes=0.50 window=900s
2026-03-22 07:12:22 [INFO] NEW BNB-USD BNB Up or Down - March 22, 3:00AM-3:15AM ET yes=0.49 window=900s
2026-03-22 07:12:22 [INFO] NEW HYPE-USD Hyperliquid Up or Down - March 22, 3:00AM-3:15AM ET yes=0.49 window=900s
2026-03-22 07:12:29 [INFO] Status: 14 active, 14 disc, 14 poly, 45 price, 19 flow, 16 funding, 0 resolved | DOGE-USD=$0 | SOL-USD=$88 | BTC-USD=$69173 | ETH-USD=$2109 | BNB-USD=$634 | XRP-USD=$1 | BTC-USD fr=-0.000047 | ETH-USD fr=-0.000012
2026-03-22 07:13:35 [INFO] Status: 14 active, 14 disc, 98 poly, 380 price, 178 flow, 148 funding, 0 resolved | DOGE-USD=$0 | SOL-USD=$88 | BTC-USD=$69179 | ETH-USD=$2110 | BNB-USD=$634 | XRP-USD=$1 | BTC-USD fr=-0.000047 | ETH-USD fr=-0.000012
2026-03-22 07:14:39 [INFO] Status: 14 active, 14 disc, 182 poly, 704 price, 339 flow, 276 funding, 0 resolved | DOGE-USD=$0 | SOL-USD=$88 | BTC-USD=$69186 | ETH-USD=$2111 | BNB-USD=$634 | XRP-USD=$1 | BTC-USD fr=-0.000047 | ETH-USD fr=-0.000011
2026-03-22 07:15:06 [INFO] NEW BTC-USD Bitcoin Up or Down - March 22, 3:15AM-3:20AM ET yes=0.51 window=300s
2026-03-22 07:15:06 [INFO] NEW ETH-USD Ethereum Up or Down - March 22, 3:15AM-3:20AM ET yes=0.51 window=300s
2026-03-22 07:15:06 [INFO] NEW SOL-USD Solana Up or Down - March 22, 3:15AM-3:20AM ET yes=0.54 window=300s
2026-03-22 07:15:06 [INFO] NEW XRP-USD XRP Up or Down - March 22, 3:15AM-3:20AM ET yes=0.51 window=300s
2026-03-22 07:15:06 [INFO] NEW DOGE-USD Dogecoin Up or Down - March 22, 3:15AM-3:20AM ET yes=0.50 window=300s
2026-03-22 07:15:06 [INFO] NEW BNB-USD BNB Up or Down - March 22, 3:15AM-3:20AM ET yes=0.55 window=300s
2026-03-22 07:15:06 [INFO] NEW HYPE-USD Hyperliquid Up or Down - March 22, 3:15AM-3:20AM ET yes=0.50 window=300s
2026-03-22 07:15:06 [INFO] NEW BTC-USD Bitcoin Up or Down - March 22, 3:15AM-3:30AM ET yes=0.53 window=900s
2026-03-22 07:15:06 [INFO] NEW ETH-USD Ethereum Up or Down - March 22, 3:15AM-3:30AM ET yes=0.54 window=900s
2026-03-22 07:15:06 [INFO] NEW SOL-USD Solana Up or Down - March 22, 3:15AM-3:30AM ET yes=0.54 window=900s
2026-03-22 07:15:06 [INFO] NEW XRP-USD XRP Up or Down - March 22, 3:15AM-3:30AM ET yes=0.54 window=900s
2026-03-22 07:15:06 [INFO] NEW DOGE-USD Dogecoin Up or Down - March 22, 3:15AM-3:30AM ET yes=0.50 window=900s
2026-03-22 07:15:06 [INFO] NEW BNB-USD BNB Up or Down - March 22, 3:15AM-3:30AM ET yes=0.50 window=900s
2026-03-22 07:15:06 [INFO] NEW HYPE-USD Hyperliquid Up or Down - March 22, 3:15AM-3:30AM ET yes=0.50 window=900s
2026-03-22 07:15:25 [INFO] RESOLVED BTC-USD -> DOWN yes=0.50 Bitcoin Up or Down - March 22, 3:10AM-3:
2026-03-22 07:15:25 [INFO] RESOLVED ETH-USD -> DOWN yes=0.50 Ethereum Up or Down - March 22, 3:10AM-3
2026-03-22 07:15:25 [INFO] RESOLVED SOL-USD -> DOWN yes=0.50 Solana Up or Down - March 22, 3:10AM-3:1
2026-03-22 07:15:25 [INFO] RESOLVED XRP-USD -> DOWN yes=0.50 XRP Up or Down - March 22, 3:10AM-3:15AM
2026-03-22 07:15:25 [INFO] RESOLVED DOGE-USD -> DOWN yes=0.50 Dogecoin Up or Down - March 22, 3:10AM-3
2026-03-22 07:15:25 [INFO] RESOLVED BNB-USD -> DOWN yes=0.50 BNB Up or Down - March 22, 3:10AM-3:15AM
2026-03-22 07:15:25 [INFO] RESOLVED HYPE-USD -> DOWN yes=0.50 Hyperliquid Up or Down - March 22, 3:10A
2026-03-22 07:15:25 [INFO] RESOLVED BTC-USD -> UP yes=0.52 Bitcoin Up or Down - March 22, 3:00AM-3:
2026-03-22 07:15:25 [INFO] RESOLVED ETH-USD -> DOWN yes=0.50 Ethereum Up or Down - March 22, 3:00AM-3
2026-03-22 07:15:25 [INFO] RESOLVED SOL-USD -> DOWN yes=0.50 Solana Up or Down - March 22, 3:00AM-3:1
2026-03-22 07:15:25 [INFO] RESOLVED XRP-USD -> DOWN yes=0.50 XRP Up or Down - March 22, 3:00AM-3:15AM
2026-03-22 07:15:25 [INFO] RESOLVED DOGE-USD -> DOWN yes=0.50 Dogecoin Up or Down - March 22, 3:00AM-3
2026-03-22 07:15:25 [INFO] RESOLVED BNB-USD -> DOWN yes=0.50 BNB Up or Down - March 22, 3:00AM-3:15AM
2026-03-22 07:15:25 [INFO] RESOLVED HYPE-USD -> DOWN yes=0.50 Hyperliquid Up or Down - March 22, 3:00A
2026-03-22 07:15:43 [INFO] Status: 14 active, 28 disc, 266 poly, 1048 price, 508 flow, 404 funding, 14 resolved | DOGE-USD=$0 | SOL-USD=$88 | BTC-USD=$69158 | ETH-USD=$2110 | BNB-USD=$634 | XRP-USD=$1 | BTC-USD fr=-0.000046 | ETH-USD fr=-0.000009
2026-03-22 07:16:46 [INFO] Status: 14 active, 28 disc, 350 poly, 1371 price, 656 flow, 530 funding, 14 resolved | DOGE-USD=$0 | SOL-USD=$88 | BTC-USD=$69167 | ETH-USD=$2111 | BNB-USD=$634 | XRP-USD=$1 | BTC-USD fr=-0.000046 | ETH-USD fr=-0.000009
2026-03-22 07:17:50 [INFO] Status: 14 active, 28 disc, 434 poly, 1712 price, 833 flow, 658 funding, 14 resolved | DOGE-USD=$0 | SOL-USD=$88 | BTC-USD=$69168 | ETH-USD=$2111 | BNB-USD=$634 | XRP-USD=$1 | BTC-USD fr=-0.000046 | ETH-USD fr=-0.000008
2026-03-22 07:18:55 [INFO] Status: 14 active, 28 disc, 518 poly, 2060 price, 996 flow, 788 funding, 14 resolved | DOGE-USD=$0 | SOL-USD=$88 | BTC-USD=$69168 | ETH-USD=$2111 | BNB-USD=$634 | XRP-USD=$1 | BTC-USD fr=-0.000045 | ETH-USD fr=-0.000007
2026-03-22 07:20:04 [INFO] Status: 14 active, 28 disc, 602 poly, 2415 price, 1149 flow, 926 funding, 14 resolved | DOGE-USD=$0 | SOL-USD=$88 | BTC-USD=$69154 | ETH-USD=$2110 | BNB-USD=$634 | XRP-USD=$1 | BTC-USD fr=-0.000044 | ETH-USD fr=-0.000006
2026-03-22 07:20:08 [INFO] NEW BTC-USD Bitcoin Up or Down - March 22, 3:20AM-3:25AM ET yes=0.51 window=300s
2026-03-22 07:20:08 [INFO] NEW ETH-USD Ethereum Up or Down - March 22, 3:20AM-3:25AM ET yes=0.50 window=300s
2026-03-22 07:20:08 [INFO] NEW SOL-USD Solana Up or Down - March 22, 3:20AM-3:25AM ET yes=0.51 window=300s
2026-03-22 07:20:08 [INFO] NEW XRP-USD XRP Up or Down - March 22, 3:20AM-3:25AM ET yes=0.49 window=300s
2026-03-22 07:20:08 [INFO] NEW DOGE-USD Dogecoin Up or Down - March 22, 3:20AM-3:25AM ET yes=0.50 window=300s
2026-03-22 07:20:08 [INFO] NEW BNB-USD BNB Up or Down - March 22, 3:20AM-3:25AM ET yes=0.55 window=300s
2026-03-22 07:20:08 [INFO] NEW HYPE-USD Hyperliquid Up or Down - March 22, 3:20AM-3:25AM ET yes=0.50 window=300s
2026-03-22 07:20:25 [INFO] RESOLVED BTC-USD -> DOWN yes=0.50 Bitcoin Up or Down - March 22, 3:15AM-3:
2026-03-22 07:20:25 [INFO] RESOLVED ETH-USD -> DOWN yes=0.50 Ethereum Up or Down - March 22, 3:15AM-3
2026-03-22 07:20:25 [INFO] RESOLVED SOL-USD -> DOWN yes=0.50 Solana Up or Down - March 22, 3:15AM-3:2
2026-03-22 07:20:25 [INFO] RESOLVED XRP-USD -> DOWN yes=0.50 XRP Up or Down - March 22, 3:15AM-3:20AM
2026-03-22 07:20:25 [INFO] RESOLVED DOGE-USD -> DOWN yes=0.50 Dogecoin Up or Down - March 22, 3:15AM-3
2026-03-22 07:20:25 [INFO] RESOLVED BNB-USD -> DOWN yes=0.50 BNB Up or Down - March 22, 3:15AM-3:20AM
2026-03-22 07:20:25 [INFO] RESOLVED HYPE-USD -> DOWN yes=0.50 Hyperliquid Up or Down - March 22, 3:15A
2026-03-22 07:21:07 [INFO] Status: 14 active, 35 disc, 679 poly, 2754 price, 1301 flow, 1052 funding, 21 resolved | DOGE-USD=$0 | SOL-USD=$88 | BTC-USD=$69171 | ETH-USD=$2110 | BNB-USD=$634 | XRP-USD=$1 | BTC-USD fr=-0.000044 | ETH-USD fr=-0.000005
2026-03-22 07:22:13 [INFO] Status: 14 active, 35 disc, 763 poly, 3103 price, 1468 flow, 1184 funding, 21 resolved | DOGE-USD=$0 | SOL-USD=$88 | BTC-USD=$69176 | ETH-USD=$2111 | BNB-USD=$634 | XRP-USD=$1 | BTC-USD fr=-0.000043 | ETH-USD fr=-0.000004
2026-03-22 07:23:20 [INFO] Status: 14 active, 35 disc, 847 poly, 3446 price, 1629 flow, 1316 funding, 21 resolved | DOGE-USD=$0 | SOL-USD=$88 | BTC-USD=$69176 | ETH-USD=$2111 | BNB-USD=$634 | XRP-USD=$1 | BTC-USD fr=-0.000043 | ETH-USD fr=-0.000003
2026-03-22 07:24:25 [INFO] Status: 14 active, 35 disc, 931 poly, 3799 price, 1787 flow, 1448 funding, 21 resolved | DOGE-USD=$0 | SOL-USD=$88 | BTC-USD=$69200 | ETH-USD=$2112 | BNB-USD=$634 | XRP-USD=$1 | BTC-USD fr=-0.000043 | ETH-USD fr=-0.000003
2026-03-22 07:25:02 [INFO] NEW BTC-USD Bitcoin Up or Down - March 22, 3:25AM-3:30AM ET yes=0.51 window=300s
2026-03-22 07:25:02 [INFO] NEW ETH-USD Ethereum Up or Down - March 22, 3:25AM-3:30AM ET yes=0.51 window=300s
2026-03-22 07:25:02 [INFO] NEW SOL-USD Solana Up or Down - March 22, 3:25AM-3:30AM ET yes=0.52 window=300s
2026-03-22 07:25:02 [INFO] NEW XRP-USD XRP Up or Down - March 22, 3:25AM-3:30AM ET yes=0.47 window=300s
2026-03-22 07:25:02 [INFO] NEW DOGE-USD Dogecoin Up or Down - March 22, 3:25AM-3:30AM ET yes=0.50 window=300s
2026-03-22 07:25:02 [INFO] NEW BNB-USD BNB Up or Down - March 22, 3:25AM-3:30AM ET yes=0.55 window=300s
2026-03-22 07:25:02 [INFO] NEW HYPE-USD Hyperliquid Up or Down - March 22, 3:25AM-3:30AM ET yes=0.50 window=300s
2026-03-22 07:25:22 [INFO] RESOLVED BTC-USD -> DOWN yes=0.50 Bitcoin Up or Down - March 22, 3:20AM-3:
2026-03-22 07:25:22 [INFO] RESOLVED ETH-USD -> DOWN yes=0.50 Ethereum Up or Down - March 22, 3:20AM-3
2026-03-22 07:25:22 [INFO] RESOLVED SOL-USD -> DOWN yes=0.50 Solana Up or Down - March 22, 3:20AM-3:2
2026-03-22 07:25:22 [INFO] RESOLVED XRP-USD -> DOWN yes=0.50 XRP Up or Down - March 22, 3:20AM-3:25AM
2026-03-22 07:25:22 [INFO] RESOLVED DOGE-USD -> DOWN yes=0.50 Dogecoin Up or Down - March 22, 3:20AM-3
2026-03-22 07:25:22 [INFO] RESOLVED BNB-USD -> DOWN yes=0.50 BNB Up or Down - March 22, 3:20AM-3:25AM
2026-03-22 07:25:22 [INFO] RESOLVED HYPE-USD -> DOWN yes=0.50 Hyperliquid Up or Down - March 22, 3:20A
2026-03-22 07:25:26 [INFO] Status: 14 active, 42 disc, 1008 poly, 4111 price, 1926 flow, 1570 funding, 28 resolved | DOGE-USD=$0 | SOL-USD=$88 | BTC-USD=$69170 | ETH-USD=$2111 | BNB-USD=$634 | XRP-USD=$1 | BTC-USD fr=-0.000042 | ETH-USD fr=-0.000002
2026-03-22 07:26:33 [INFO] Status: 14 active, 42 disc, 1092 poly, 4468 price, 2099 flow, 1704 funding, 28 resolved | DOGE-USD=$0 | SOL-USD=$88 | BTC-USD=$69200 | ETH-USD=$2112 | BNB-USD=$634 | XRP-USD=$1 | BTC-USD fr=-0.000042 | ETH-USD fr=-0.000001
2026-03-22 07:27:39 [INFO] Status: 14 active, 42 disc, 1176 poly, 4806 price, 2227 flow, 1836 funding, 28 resolved | DOGE-USD=$0 | SOL-USD=$88 | BTC-USD=$69194 | ETH-USD=$2112 | BNB-USD=$634 | XRP-USD=$1 | BTC-USD fr=-0.000042 | ETH-USD fr=-0.000001
2026-03-22 07:28:44 [INFO] Status: 14 active, 42 disc, 1260 poly, 5135 price, 2373 flow, 1966 funding, 28 resolved | DOGE-USD=$0 | SOL-USD=$88 | BTC-USD=$69198 | ETH-USD=$2112 | BNB-USD=$634 | XRP-USD=$1 | BTC-USD fr=-0.000041 | ETH-USD fr=-0.000001
2026-03-22 07:29:51 [INFO] Status: 14 active, 42 disc, 1344 poly, 5467 price, 2528 flow, 2100 funding, 28 resolved | DOGE-USD=$0 | SOL-USD=$88 | BTC-USD=$69182 | ETH-USD=$2111 | BNB-USD=$634 | XRP-USD=$1 | BTC-USD fr=-0.000041 | ETH-USD fr=-0.000000
2026-03-22 07:30:08 [INFO] NEW BTC-USD Bitcoin Up or Down - March 22, 3:30AM-3:35AM ET yes=0.51 window=300s
2026-03-22 07:30:08 [INFO] NEW ETH-USD Ethereum Up or Down - March 22, 3:30AM-3:35AM ET yes=0.51 window=300s
2026-03-22 07:30:08 [INFO] NEW SOL-USD Solana Up or Down - March 22, 3:30AM-3:35AM ET yes=0.49 window=300s
2026-03-22 07:30:08 [INFO] NEW XRP-USD XRP Up or Down - March 22, 3:30AM-3:35AM ET yes=0.46 window=300s
2026-03-22 07:30:08 [INFO] NEW DOGE-USD Dogecoin Up or Down - March 22, 3:30AM-3:35AM ET yes=0.50 window=300s
2026-03-22 07:30:08 [INFO] NEW BNB-USD BNB Up or Down - March 22, 3:30AM-3:35AM ET yes=0.48 window=300s
2026-03-22 07:30:08 [INFO] NEW HYPE-USD Hyperliquid Up or Down - March 22, 3:30AM-3:35AM ET yes=0.50 window=300s
2026-03-22 07:30:08 [INFO] NEW BTC-USD Bitcoin Up or Down - March 22, 3:30AM-3:45AM ET yes=0.53 window=900s
2026-03-22 07:30:08 [INFO] NEW ETH-USD Ethereum Up or Down - March 22, 3:30AM-3:45AM ET yes=0.46 window=900s
2026-03-22 07:30:08 [INFO] NEW SOL-USD Solana Up or Down - March 22, 3:30AM-3:45AM ET yes=0.46 window=900s
2026-03-22 07:30:08 [INFO] NEW XRP-USD XRP Up or Down - March 22, 3:30AM-3:45AM ET yes=0.42 window=900s
2026-03-22 07:30:08 [INFO] NEW DOGE-USD Dogecoin Up or Down - March 22, 3:30AM-3:45AM ET yes=0.50 window=900s
2026-03-22 07:30:08 [INFO] NEW BNB-USD BNB Up or Down - March 22, 3:30AM-3:45AM ET yes=0.50 window=900s
2026-03-22 07:30:08 [INFO] NEW HYPE-USD Hyperliquid Up or Down - March 22, 3:30AM-3:45AM ET yes=0.50 window=900s
2026-03-22 07:30:29 [INFO] RESOLVED BTC-USD -> DOWN yes=0.50 Bitcoin Up or Down - March 22, 3:15AM-3:
2026-03-22 07:30:29 [INFO] RESOLVED ETH-USD -> DOWN yes=0.50 Ethereum Up or Down - March 22, 3:15AM-3
2026-03-22 07:30:29 [INFO] RESOLVED SOL-USD -> DOWN yes=0.50 Solana Up or Down - March 22, 3:15AM-3:3
2026-03-22 07:30:29 [INFO] RESOLVED XRP-USD -> DOWN yes=0.50 XRP Up or Down - March 22, 3:15AM-3:30AM
2026-03-22 07:30:29 [INFO] RESOLVED DOGE-USD -> DOWN yes=0.50 Dogecoin Up or Down - March 22, 3:15AM-3
2026-03-22 07:30:29 [INFO] RESOLVED BNB-USD -> DOWN yes=0.50 BNB Up or Down - March 22, 3:15AM-3:30AM
2026-03-22 07:30:29 [INFO] RESOLVED HYPE-USD -> DOWN yes=0.50 Hyperliquid Up or Down - March 22, 3:15A
2026-03-22 07:30:29 [INFO] RESOLVED BTC-USD -> DOWN yes=0.50 Bitcoin Up or Down - March 22, 3:25AM-3:
2026-03-22 07:30:29 [INFO] RESOLVED ETH-USD -> DOWN yes=0.50 Ethereum Up or Down - March 22, 3:25AM-3
2026-03-22 07:30:29 [INFO] RESOLVED SOL-USD -> DOWN yes=0.50 Solana Up or Down - March 22, 3:25AM-3:3
2026-03-22 07:30:29 [INFO] RESOLVED XRP-USD -> DOWN yes=0.50 XRP Up or Down - March 22, 3:25AM-3:30AM
2026-03-22 07:30:29 [INFO] RESOLVED DOGE-USD -> DOWN yes=0.50 Dogecoin Up or Down - March 22, 3:25AM-3
2026-03-22 07:30:29 [INFO] RESOLVED BNB-USD -> DOWN yes=0.50 BNB Up or Down - March 22, 3:25AM-3:30AM
2026-03-22 07:30:29 [INFO] RESOLVED HYPE-USD -> DOWN yes=0.50 Hyperliquid Up or Down - March 22, 3:25A
2026-03-22 07:31:00 [INFO] Status: 14 active, 56 disc, 1428 poly, 5818 price, 2728 flow, 2236 funding, 42 resolved | DOGE-USD=$0 | SOL-USD=$88 | BTC-USD=$69171 | ETH-USD=$2110 | BNB-USD=$634 | XRP-USD=$1 | BTC-USD fr=-0.000041 | ETH-USD fr=0.000000
2026-03-22 07:32:05 [INFO] Status: 14 active, 56 disc, 1512 poly, 6149 price, 2882 flow, 2368 funding, 42 resolved | DOGE-USD=$0 | SOL-USD=$88 | BTC-USD=$69171 | ETH-USD=$2110 | BNB-USD=$634 | XRP-USD=$1 | BTC-USD fr=-0.000041 | ETH-USD fr=0.000000
2026-03-22 07:33:10 [INFO] Status: 14 active, 56 disc, 1596 poly, 6497 price, 3051 flow, 2498 funding, 42 resolved | DOGE-USD=$0 | SOL-USD=$88 | BTC-USD=$69166 | ETH-USD=$2109 | BNB-USD=$634 | XRP-USD=$1 | BTC-USD fr=-0.000041 | ETH-USD fr=0.000001
2026-03-22 07:34:15 [INFO] Status: 14 active, 56 disc, 1680 poly, 6863 price, 3248 flow, 2628 funding, 42 resolved | DOGE-USD=$0 | SOL-USD=$88 | BTC-USD=$69087 | ETH-USD=$2105 | BNB-USD=$633 | XRP-USD=$1 | BTC-USD fr=-0.000041 | ETH-USD fr=0.000001
2026-03-22 07:35:03 [INFO] NEW BTC-USD Bitcoin Up or Down - March 22, 3:35AM-3:40AM ET yes=0.52 window=300s
2026-03-22 07:35:03 [INFO] NEW ETH-USD Ethereum Up or Down - March 22, 3:35AM-3:40AM ET yes=0.51 window=300s
2026-03-22 07:35:03 [INFO] NEW SOL-USD Solana Up or Down - March 22, 3:35AM-3:40AM ET yes=0.52 window=300s
2026-03-22 07:35:03 [INFO] NEW XRP-USD XRP Up or Down - March 22, 3:35AM-3:40AM ET yes=0.48 window=300s
2026-03-22 07:35:03 [INFO] NEW DOGE-USD Dogecoin Up or Down - March 22, 3:35AM-3:40AM ET yes=0.50 window=300s
2026-03-22 07:35:03 [INFO] NEW BNB-USD BNB Up or Down - March 22, 3:35AM-3:40AM ET yes=0.48 window=300s
2026-03-22 07:35:03 [INFO] NEW HYPE-USD Hyperliquid Up or Down - March 22, 3:35AM-3:40AM ET yes=0.50 window=300s
2026-03-22 07:35:20 [INFO] RESOLVED BTC-USD -> DOWN yes=0.50 Bitcoin Up or Down - March 22, 3:30AM-3:
2026-03-22 07:35:20 [INFO] RESOLVED ETH-USD -> DOWN yes=0.50 Ethereum Up or Down - March 22, 3:30AM-3
2026-03-22 07:35:20 [INFO] RESOLVED SOL-USD -> DOWN yes=0.50 Solana Up or Down - March 22, 3:30AM-3:3
2026-03-22 07:35:20 [INFO] RESOLVED XRP-USD -> DOWN yes=0.50 XRP Up or Down - March 22, 3:30AM-3:35AM
2026-03-22 07:35:20 [INFO] RESOLVED DOGE-USD -> DOWN yes=0.50 Dogecoin Up or Down - March 22, 3:30AM-3
2026-03-22 07:35:20 [INFO] RESOLVED BNB-USD -> DOWN yes=0.50 BNB Up or Down - March 22, 3:30AM-3:35AM
2026-03-22 07:35:20 [INFO] RESOLVED HYPE-USD -> DOWN yes=0.50 Hyperliquid Up or Down - March 22, 3:30A
2026-03-22 07:35:28 [INFO] Status: 14 active, 63 disc, 1771 poly, 7264 price, 3468 flow, 2772 funding, 49 resolved | DOGE-USD=$0 | SOL-USD=$88 | BTC-USD=$69136 | ETH-USD=$2107 | BNB-USD=$634 | XRP-USD=$1 | BTC-USD fr=-0.000042 | ETH-USD fr=0.000000
2026-03-22 07:36:32 [INFO] Status: 14 active, 63 disc, 1855 poly, 7626 price, 3680 flow, 2900 funding, 49 resolved | DOGE-USD=$0 | SOL-USD=$88 | BTC-USD=$69109 | ETH-USD=$2105 | BNB-USD=$633 | XRP-USD=$1 | BTC-USD fr=-0.000042 | ETH-USD fr=0.000001
2026-03-22 07:37:36 [INFO] Status: 14 active, 63 disc, 1939 poly, 7984 price, 3893 flow, 3030 funding, 49 resolved | DOGE-USD=$0 | SOL-USD=$88 | BTC-USD=$69094 | ETH-USD=$2105 | BNB-USD=$633 | XRP-USD=$1 | BTC-USD fr=-0.000042 | ETH-USD fr=0.000001
2026-03-22 07:38:41 [INFO] Status: 14 active, 63 disc, 2023 poly, 8338 price, 4094 flow, 3160 funding, 49 resolved | DOGE-USD=$0 | SOL-USD=$88 | BTC-USD=$69092 | ETH-USD=$2104 | BNB-USD=$633 | XRP-USD=$1 | BTC-USD fr=-0.000042 | ETH-USD fr=0.000001
2026-03-22 07:39:46 [INFO] Status: 14 active, 63 disc, 2107 poly, 8695 price, 4267 flow, 3288 funding, 49 resolved | DOGE-USD=$0 | SOL-USD=$88 | BTC-USD=$69086 | ETH-USD=$2103 | BNB-USD=$633 | XRP-USD=$1 | BTC-USD fr=-0.000042 | ETH-USD fr=0.000002
2026-03-22 07:40:13 [INFO] NEW BTC-USD Bitcoin Up or Down - March 22, 3:40AM-3:45AM ET yes=0.52 window=300s
2026-03-22 07:40:13 [INFO] NEW ETH-USD Ethereum Up or Down - March 22, 3:40AM-3:45AM ET yes=0.54 window=300s
2026-03-22 07:40:13 [INFO] NEW SOL-USD Solana Up or Down - March 22, 3:40AM-3:45AM ET yes=0.54 window=300s
2026-03-22 07:40:13 [INFO] NEW XRP-USD XRP Up or Down - March 22, 3:40AM-3:45AM ET yes=0.54 window=300s
2026-03-22 07:40:13 [INFO] NEW DOGE-USD Dogecoin Up or Down - March 22, 3:40AM-3:45AM ET yes=0.50 window=300s
2026-03-22 07:40:13 [INFO] NEW BNB-USD BNB Up or Down - March 22, 3:40AM-3:45AM ET yes=0.55 window=300s
2026-03-22 07:40:13 [INFO] NEW HYPE-USD Hyperliquid Up or Down - March 22, 3:40AM-3:45AM ET yes=0.50 window=300s
2026-03-22 07:40:17 [INFO] RESOLVED BTC-USD -> DOWN yes=0.50 Bitcoin Up or Down - March 22, 3:35AM-3:
2026-03-22 07:40:17 [INFO] RESOLVED ETH-USD -> DOWN yes=0.50 Ethereum Up or Down - March 22, 3:35AM-3
2026-03-22 07:40:17 [INFO] RESOLVED SOL-USD -> DOWN yes=0.50 Solana Up or Down - March 22, 3:35AM-3:4
2026-03-22 07:40:17 [INFO] RESOLVED XRP-USD -> DOWN yes=0.50 XRP Up or Down - March 22, 3:35AM-3:40AM
2026-03-22 07:40:17 [INFO] RESOLVED DOGE-USD -> DOWN yes=0.50 Dogecoin Up or Down - March 22, 3:35AM-3
2026-03-22 07:40:17 [INFO] RESOLVED BNB-USD -> DOWN yes=0.50 BNB Up or Down - March 22, 3:35AM-3:40AM
2026-03-22 07:40:17 [INFO] RESOLVED HYPE-USD -> DOWN yes=0.50 Hyperliquid Up or Down - March 22, 3:35A
2026-03-22 07:40:53 [INFO] Status: 14 active, 70 disc, 2191 poly, 9094 price, 4509 flow, 3424 funding, 56 resolved | DOGE-USD=$0 | SOL-USD=$88 | BTC-USD=$68996 | ETH-USD=$2100 | BNB-USD=$633 | XRP-USD=$1 | BTC-USD fr=-0.000042 | ETH-USD fr=0.000002
2026-03-22 07:41:59 [INFO] Status: 14 active, 70 disc, 2275 poly, 9472 price, 4708 flow, 3556 funding, 56 resolved | DOGE-USD=$0 | SOL-USD=$88 | BTC-USD=$69028 | ETH-USD=$2101 | BNB-USD=$633 | XRP-USD=$1 | BTC-USD fr=-0.000042 | ETH-USD fr=0.000002
2026-03-22 07:43:05 [INFO] Status: 14 active, 70 disc, 2359 poly, 9854 price, 4907 flow, 3688 funding, 56 resolved | DOGE-USD=$0 | SOL-USD=$88 | BTC-USD=$68993 | ETH-USD=$2101 | BNB-USD=$633 | XRP-USD=$1 | BTC-USD fr=-0.000042 | ETH-USD fr=0.000002
2026-03-22 07:44:13 [INFO] Status: 14 active, 70 disc, 2443 poly, 10230 price, 5114 flow, 3824 funding, 56 resolved | DOGE-USD=$0 | SOL-USD=$88 | BTC-USD=$68949 | ETH-USD=$2099 | BNB-USD=$633 | XRP-USD=$1 | BTC-USD fr=-0.000042 | ETH-USD fr=0.000003
2026-03-22 07:45:00 [INFO] NEW BTC-USD Bitcoin Up or Down - March 22, 3:45AM-4:00AM ET yes=0.54 window=900s
2026-03-22 07:45:00 [INFO] NEW ETH-USD Ethereum Up or Down - March 22, 3:45AM-4:00AM ET yes=0.56 window=900s
2026-03-22 07:45:00 [INFO] NEW SOL-USD Solana Up or Down - March 22, 3:45AM-4:00AM ET yes=0.56 window=900s
2026-03-22 07:45:00 [INFO] NEW XRP-USD XRP Up or Down - March 22, 3:45AM-4:00AM ET yes=0.55 window=900s
2026-03-22 07:45:00 [INFO] NEW DOGE-USD Dogecoin Up or Down - March 22, 3:45AM-4:00AM ET yes=0.54 window=900s
2026-03-22 07:45:00 [INFO] NEW BNB-USD BNB Up or Down - March 22, 3:45AM-4:00AM ET yes=0.50 window=900s
2026-03-22 07:45:00 [INFO] NEW HYPE-USD Hyperliquid Up or Down - March 22, 3:45AM-4:00AM ET yes=0.50 window=900s
2026-03-22 07:45:19 [INFO] NEW BTC-USD Bitcoin Up or Down - March 22, 3:45AM-3:50AM ET yes=0.55 window=300s
2026-03-22 07:45:19 [INFO] NEW ETH-USD Ethereum Up or Down - March 22, 3:45AM-3:50AM ET yes=0.51 window=300s
2026-03-22 07:45:19 [INFO] NEW SOL-USD Solana Up or Down - March 22, 3:45AM-3:50AM ET yes=0.50 window=300s
2026-03-22 07:45:19 [INFO] NEW XRP-USD XRP Up or Down - March 22, 3:45AM-3:50AM ET yes=0.56 window=300s
2026-03-22 07:45:19 [INFO] NEW DOGE-USD Dogecoin Up or Down - March 22, 3:45AM-3:50AM ET yes=0.50 window=300s
2026-03-22 07:45:19 [INFO] NEW BNB-USD BNB Up or Down - March 22, 3:45AM-3:50AM ET yes=0.50 window=300s
2026-03-22 07:45:19 [INFO] NEW HYPE-USD Hyperliquid Up or Down - March 22, 3:45AM-3:50AM ET yes=0.50 window=300s
2026-03-22 07:45:19 [INFO] RESOLVED BTC-USD -> DOWN yes=0.50 Bitcoin Up or Down - March 22, 3:30AM-3:
2026-03-22 07:45:19 [INFO] RESOLVED ETH-USD -> DOWN yes=0.50 Ethereum Up or Down - March 22, 3:30AM-3
2026-03-22 07:45:19 [INFO] RESOLVED SOL-USD -> DOWN yes=0.50 Solana Up or Down - March 22, 3:30AM-3:4
2026-03-22 07:45:19 [INFO] RESOLVED XRP-USD -> DOWN yes=0.50 XRP Up or Down - March 22, 3:30AM-3:45AM
2026-03-22 07:45:19 [INFO] RESOLVED DOGE-USD -> DOWN yes=0.50 Dogecoin Up or Down - March 22, 3:30AM-3
2026-03-22 07:45:19 [INFO] RESOLVED BNB-USD -> DOWN yes=0.50 BNB Up or Down - March 22, 3:30AM-3:45AM
2026-03-22 07:45:19 [INFO] RESOLVED HYPE-USD -> DOWN yes=0.50 Hyperliquid Up or Down - March 22, 3:30A
2026-03-22 07:45:19 [INFO] RESOLVED BTC-USD -> DOWN yes=0.50 Bitcoin Up or Down - March 22, 3:40AM-3:
2026-03-22 07:45:19 [INFO] RESOLVED ETH-USD -> DOWN yes=0.50 Ethereum Up or Down - March 22, 3:40AM-3
2026-03-22 07:45:19 [INFO] RESOLVED SOL-USD -> UP yes=0.54 Solana Up or Down - March 22, 3:40AM-3:4
2026-03-22 07:45:19 [INFO] RESOLVED XRP-USD -> DOWN yes=0.50 XRP Up or Down - March 22, 3:40AM-3:45AM
2026-03-22 07:45:19 [INFO] RESOLVED DOGE-USD -> DOWN yes=0.50 Dogecoin Up or Down - March 22, 3:40AM-3
2026-03-22 07:45:19 [INFO] RESOLVED BNB-USD -> DOWN yes=0.50 BNB Up or Down - March 22, 3:40AM-3:45AM
2026-03-22 07:45:19 [INFO] RESOLVED HYPE-USD -> DOWN yes=0.50 Hyperliquid Up or Down - March 22, 3:40A
2026-03-22 07:45:27 [INFO] Status: 14 active, 84 disc, 2534 poly, 10667 price, 5362 flow, 3972 funding, 70 resolved | DOGE-USD=$0 | SOL-USD=$88 | BTC-USD=$68942 | ETH-USD=$2098 | BNB-USD=$633 | XRP-USD=$1 | BTC-USD fr=-0.000042 | ETH-USD fr=0.000003
2026-03-22 07:46:34 [INFO] Status: 14 active, 84 disc, 2618 poly, 11062 price, 5595 flow, 4106 funding, 70 resolved | DOGE-USD=$0 | SOL-USD=$88 | BTC-USD=$69006 | ETH-USD=$2100 | BNB-USD=$633 | XRP-USD=$1 | BTC-USD fr=-0.000043 | ETH-USD fr=0.000003
2026-03-22 07:47:38 [INFO] Status: 14 active, 84 disc, 2702 poly, 11436 price, 5811 flow, 4234 funding, 70 resolved | DOGE-USD=$0 | SOL-USD=$88 | BTC-USD=$69024 | ETH-USD=$2101 | BNB-USD=$633 | XRP-USD=$1 | BTC-USD fr=-0.000042 | ETH-USD fr=0.000004
2026-03-22 07:48:43 [INFO] Status: 14 active, 84 disc, 2786 poly, 11797 price, 6012 flow, 4364 funding, 70 resolved | DOGE-USD=$0 | SOL-USD=$88 | BTC-USD=$69019 | ETH-USD=$2101 | BNB-USD=$633 | XRP-USD=$1 | BTC-USD fr=-0.000042 | ETH-USD fr=0.000004
2026-03-22 07:49:47 [INFO] Status: 14 active, 84 disc, 2870 poly, 12160 price, 6197 flow, 4492 funding, 70 resolved | DOGE-USD=$0 | SOL-USD=$88 | BTC-USD=$69036 | ETH-USD=$2103 | BNB-USD=$633 | XRP-USD=$1 | BTC-USD fr=-0.000042 | ETH-USD fr=0.000005
2026-03-22 07:50:01 [INFO] NEW BTC-USD Bitcoin Up or Down - March 22, 3:50AM-3:55AM ET yes=0.54 window=300s
2026-03-22 07:50:01 [INFO] NEW ETH-USD Ethereum Up or Down - March 22, 3:50AM-3:55AM ET yes=0.56 window=300s
2026-03-22 07:50:01 [INFO] NEW SOL-USD Solana Up or Down - March 22, 3:50AM-3:55AM ET yes=0.56 window=300s
2026-03-22 07:50:01 [INFO] NEW XRP-USD XRP Up or Down - March 22, 3:50AM-3:55AM ET yes=0.54 window=300s
2026-03-22 07:50:01 [INFO] NEW DOGE-USD Dogecoin Up or Down - March 22, 3:50AM-3:55AM ET yes=0.50 window=300s
2026-03-22 07:50:01 [INFO] NEW BNB-USD BNB Up or Down - March 22, 3:50AM-3:55AM ET yes=0.58 window=300s
2026-03-22 07:50:01 [INFO] NEW HYPE-USD Hyperliquid Up or Down - March 22, 3:50AM-3:55AM ET yes=0.50 window=300s
2026-03-22 07:50:21 [INFO] RESOLVED BTC-USD -> DOWN yes=0.50 Bitcoin Up or Down - March 22, 3:45AM-3:
2026-03-22 07:50:21 [INFO] RESOLVED ETH-USD -> DOWN yes=0.50 Ethereum Up or Down - March 22, 3:45AM-3
2026-03-22 07:50:21 [INFO] RESOLVED SOL-USD -> DOWN yes=0.50 Solana Up or Down - March 22, 3:45AM-3:5
2026-03-22 07:50:21 [INFO] RESOLVED XRP-USD -> DOWN yes=0.50 XRP Up or Down - March 22, 3:45AM-3:50AM
2026-03-22 07:50:21 [INFO] RESOLVED DOGE-USD -> DOWN yes=0.50 Dogecoin Up or Down - March 22, 3:45AM-3
2026-03-22 07:50:21 [INFO] RESOLVED BNB-USD -> DOWN yes=0.50 BNB Up or Down - March 22, 3:45AM-3:50AM
2026-03-22 07:50:21 [INFO] RESOLVED HYPE-USD -> DOWN yes=0.50 Hyperliquid Up or Down - March 22, 3:45A
2026-03-22 07:50:56 [INFO] Status: 14 active, 91 disc, 2961 poly, 12549 price, 6401 flow, 4630 funding, 77 resolved | DOGE-USD=$0 | SOL-USD=$88 | BTC-USD=$69047 | ETH-USD=$2104 | BNB-USD=$633 | XRP-USD=$1 | BTC-USD fr=-0.000043 | ETH-USD fr=0.000006
2026-03-22 07:52:01 [INFO] Status: 14 active, 91 disc, 3045 poly, 12903 price, 6572 flow, 4760 funding, 77 resolved | DOGE-USD=$0 | SOL-USD=$88 | BTC-USD=$69047 | ETH-USD=$2104 | BNB-USD=$633 | XRP-USD=$1 | BTC-USD fr=-0.000042 | ETH-USD fr=0.000008
2026-03-22 07:53:09 [INFO] Status: 14 active, 91 disc, 3129 poly, 13267 price, 6733 flow, 4896 funding, 77 resolved | DOGE-USD=$0 | SOL-USD=$88 | BTC-USD=$69036 | ETH-USD=$2103 | BNB-USD=$633 | XRP-USD=$1 | BTC-USD fr=-0.000043 | ETH-USD fr=0.000009
2026-03-22 07:54:13 [INFO] Status: 14 active, 91 disc, 3213 poly, 13606 price, 6921 flow, 5024 funding, 77 resolved | DOGE-USD=$0 | SOL-USD=$88 | BTC-USD=$69016 | ETH-USD=$2102 | BNB-USD=$633 | XRP-USD=$1 | BTC-USD fr=-0.000043 | ETH-USD fr=0.000009
2026-03-22 07:55:12 [INFO] NEW BTC-USD Bitcoin Up or Down - March 22, 3:55AM-4:00AM ET yes=0.51 window=300s
2026-03-22 07:55:12 [INFO] NEW ETH-USD Ethereum Up or Down - March 22, 3:55AM-4:00AM ET yes=0.52 window=300s
2026-03-22 07:55:12 [INFO] NEW SOL-USD Solana Up or Down - March 22, 3:55AM-4:00AM ET yes=0.54 window=300s
2026-03-22 07:55:12 [INFO] NEW XRP-USD XRP Up or Down - March 22, 3:55AM-4:00AM ET yes=0.53 window=300s
2026-03-22 07:55:12 [INFO] NEW DOGE-USD Dogecoin Up or Down - March 22, 3:55AM-4:00AM ET yes=0.50 window=300s
2026-03-22 07:55:12 [INFO] NEW BNB-USD BNB Up or Down - March 22, 3:55AM-4:00AM ET yes=0.58 window=300s
2026-03-22 07:55:12 [INFO] NEW HYPE-USD Hyperliquid Up or Down - March 22, 3:55AM-4:00AM ET yes=0.50 window=300s
2026-03-22 07:55:24 [INFO] Status: 21 active, 98 disc, 3304 poly, 14004 price, 7133 flow, 5166 funding, 77 resolved | DOGE-USD=$0 | SOL-USD=$88 | BTC-USD=$68993 | ETH-USD=$2102 | BNB-USD=$633 | XRP-USD=$1 | BTC-USD fr=-0.000043 | ETH-USD fr=0.000010
2026-03-22 07:55:31 [INFO] RESOLVED BTC-USD -> DOWN yes=0.50 Bitcoin Up or Down - March 22, 3:50AM-3:
2026-03-22 07:55:31 [INFO] RESOLVED ETH-USD -> DOWN yes=0.50 Ethereum Up or Down - March 22, 3:50AM-3
2026-03-22 07:55:31 [INFO] RESOLVED SOL-USD -> DOWN yes=0.50 Solana Up or Down - March 22, 3:50AM-3:5
2026-03-22 07:55:31 [INFO] RESOLVED XRP-USD -> DOWN yes=0.50 XRP Up or Down - March 22, 3:50AM-3:55AM
2026-03-22 07:55:31 [INFO] RESOLVED DOGE-USD -> DOWN yes=0.50 Dogecoin Up or Down - March 22, 3:50AM-3
2026-03-22 07:55:31 [INFO] RESOLVED BNB-USD -> DOWN yes=0.50 BNB Up or Down - March 22, 3:50AM-3:55AM
2026-03-22 07:55:31 [INFO] RESOLVED HYPE-USD -> DOWN yes=0.50 Hyperliquid Up or Down - March 22, 3:50A
2026-03-22 07:56:28 [INFO] Status: 14 active, 98 disc, 3388 poly, 14354 price, 7319 flow, 5294 funding, 84 resolved | DOGE-USD=$0 | SOL-USD=$88 | BTC-USD=$69018 | ETH-USD=$2102 | BNB-USD=$633 | XRP-USD=$1 | BTC-USD fr=-0.000043 | ETH-USD fr=0.000010
2026-03-22 07:57:32 [INFO] Status: 14 active, 98 disc, 3472 poly, 14718 price, 7535 flow, 5422 funding, 84 resolved | DOGE-USD=$0 | SOL-USD=$88 | BTC-USD=$68952 | ETH-USD=$2098 | BNB-USD=$632 | XRP-USD=$1 | BTC-USD fr=-0.000044 | ETH-USD fr=0.000010
2026-03-22 07:58:38 [INFO] Status: 14 active, 98 disc, 3556 poly, 15097 price, 7739 flow, 5554 funding, 84 resolved | DOGE-USD=$0 | SOL-USD=$88 | BTC-USD=$68944 | ETH-USD=$2096 | BNB-USD=$632 | XRP-USD=$1 | BTC-USD fr=-0.000044 | ETH-USD fr=0.000011
2026-03-22 07:59:43 [INFO] Status: 14 active, 98 disc, 3640 poly, 15469 price, 7949 flow, 5684 funding, 84 resolved | DOGE-USD=$0 | SOL-USD=$88 | BTC-USD=$68927 | ETH-USD=$2095 | BNB-USD=$632 | XRP-USD=$1 | BTC-USD fr=-0.000044 | ETH-USD fr=0.000011
2026-03-22 08:00:12 [INFO] NEW BTC-USD Bitcoin Up or Down - March 22, 4:00AM-4:05AM ET yes=0.51 window=300s
2026-03-22 08:00:12 [INFO] NEW ETH-USD Ethereum Up or Down - March 22, 4:00AM-4:05AM ET yes=0.52 window=300s
2026-03-22 08:00:12 [INFO] NEW SOL-USD Solana Up or Down - March 22, 4:00AM-4:05AM ET yes=0.55 window=300s
2026-03-22 08:00:12 [INFO] NEW XRP-USD XRP Up or Down - March 22, 4:00AM-4:05AM ET yes=0.50 window=300s
2026-03-22 08:00:12 [INFO] NEW DOGE-USD Dogecoin Up or Down - March 22, 4:00AM-4:05AM ET yes=0.50 window=300s
2026-03-22 08:00:12 [INFO] NEW BNB-USD BNB Up or Down - March 22, 4:00AM-4:05AM ET yes=0.50 window=300s
2026-03-22 08:00:12 [INFO] NEW HYPE-USD Hyperliquid Up or Down - March 22, 4:00AM-4:05AM ET yes=0.50 window=300s
2026-03-22 08:00:12 [INFO] NEW BTC-USD Bitcoin Up or Down - March 22, 4:00AM-4:15AM ET yes=0.55 window=900s
2026-03-22 08:00:12 [INFO] NEW ETH-USD Ethereum Up or Down - March 22, 4:00AM-4:15AM ET yes=0.53 window=900s
2026-03-22 08:00:12 [INFO] NEW SOL-USD Solana Up or Down - March 22, 4:00AM-4:15AM ET yes=0.55 window=900s
2026-03-22 08:00:12 [INFO] NEW XRP-USD XRP Up or Down - March 22, 4:00AM-4:15AM ET yes=0.58 window=900s
2026-03-22 08:00:12 [INFO] NEW DOGE-USD Dogecoin Up or Down - March 22, 4:00AM-4:15AM ET yes=0.56 window=900s
2026-03-22 08:00:12 [INFO] NEW BNB-USD BNB Up or Down - March 22, 4:00AM-4:15AM ET yes=0.56 window=900s
2026-03-22 08:00:12 [INFO] NEW HYPE-USD Hyperliquid Up or Down - March 22, 4:00AM-4:15AM ET yes=0.50 window=900s
2026-03-22 08:00:32 [INFO] RESOLVED BTC-USD -> DOWN yes=0.50 Bitcoin Up or Down - March 22, 3:45AM-4:
2026-03-22 08:00:32 [INFO] RESOLVED ETH-USD -> DOWN yes=0.50 Ethereum Up or Down - March 22, 3:45AM-4
2026-03-22 08:00:32 [INFO] RESOLVED SOL-USD -> DOWN yes=0.50 Solana Up or Down - March 22, 3:45AM-4:0
2026-03-22 08:00:32 [INFO] RESOLVED XRP-USD -> DOWN yes=0.50 XRP Up or Down - March 22, 3:45AM-4:00AM
2026-03-22 08:00:32 [INFO] RESOLVED DOGE-USD -> DOWN yes=0.50 Dogecoin Up or Down - March 22, 3:45AM-4
2026-03-22 08:00:32 [INFO] RESOLVED BNB-USD -> DOWN yes=0.50 BNB Up or Down - March 22, 3:45AM-4:00AM
2026-03-22 08:00:32 [INFO] RESOLVED HYPE-USD -> DOWN yes=0.50 Hyperliquid Up or Down - March 22, 3:45A
2026-03-22 08:00:32 [INFO] RESOLVED BTC-USD -> DOWN yes=0.50 Bitcoin Up or Down - March 22, 3:55AM-4:
2026-03-22 08:00:32 [INFO] RESOLVED ETH-USD -> DOWN yes=0.50 Ethereum Up or Down - March 22, 3:55AM-4
2026-03-22 08:00:32 [INFO] RESOLVED SOL-USD -> DOWN yes=0.50 Solana Up or Down - March 22, 3:55AM-4:0
2026-03-22 08:00:32 [INFO] RESOLVED XRP-USD -> DOWN yes=0.50 XRP Up or Down - March 22, 3:55AM-4:00AM
2026-03-22 08:00:32 [INFO] RESOLVED DOGE-USD -> DOWN yes=0.50 Dogecoin Up or Down - March 22, 3:55AM-4
2026-03-22 08:00:32 [INFO] RESOLVED BNB-USD -> DOWN yes=0.50 BNB Up or Down - March 22, 3:55AM-4:00AM
2026-03-22 08:00:32 [INFO] RESOLVED HYPE-USD -> DOWN yes=0.50 Hyperliquid Up or Down - March 22, 3:55A
2026-03-22 08:00:51 [INFO] Status: 14 active, 112 disc, 3724 poly, 15874 price, 8222 flow, 5820 funding, 98 resolved | DOGE-USD=$0 | SOL-USD=$88 | BTC-USD=$68895 | ETH-USD=$2095 | BNB-USD=$632 | XRP-USD=$1 | BTC-USD fr=-0.000044 | ETH-USD fr=0.000011
2026-03-22 08:01:55 [INFO] Status: 14 active, 112 disc, 3808 poly, 16241 price, 8429 flow, 5946 funding, 98 resolved | DOGE-USD=$0 | SOL-USD=$88 | BTC-USD=$68861 | ETH-USD=$2093 | BNB-USD=$632 | XRP-USD=$1 | BTC-USD fr=-0.000044 | ETH-USD fr=0.000012
2026-03-22 08:02:59 [INFO] Status: 14 active, 112 disc, 3892 poly, 16628 price, 8722 flow, 6076 funding, 98 resolved | DOGE-USD=$0 | SOL-USD=$87 | BTC-USD=$68720 | ETH-USD=$2084 | BNB-USD=$631 | XRP-USD=$1 | BTC-USD fr=-0.000044 | ETH-USD fr=0.000013
2026-03-22 08:04:03 [INFO] Status: 14 active, 112 disc, 3976 poly, 17008 price, 8959 flow, 6204 funding, 98 resolved | DOGE-USD=$0 | SOL-USD=$87 | BTC-USD=$68763 | ETH-USD=$2086 | BNB-USD=$631 | XRP-USD=$1 | BTC-USD fr=-0.000045 | ETH-USD fr=0.000012
2026-03-22 08:05:08 [INFO] Status: 14 active, 112 disc, 4060 poly, 17393 price, 9184 flow, 6334 funding, 98 resolved | DOGE-USD=$0 | SOL-USD=$87 | BTC-USD=$68839 | ETH-USD=$2089 | BNB-USD=$631 | XRP-USD=$1 | BTC-USD fr=-0.000045 | ETH-USD fr=0.000012
2026-03-22 08:05:12 [INFO] NEW BTC-USD Bitcoin Up or Down - March 22, 4:05AM-4:10AM ET yes=0.50 window=300s
2026-03-22 08:05:12 [INFO] NEW ETH-USD Ethereum Up or Down - March 22, 4:05AM-4:10AM ET yes=0.51 window=300s
2026-03-22 08:05:12 [INFO] NEW SOL-USD Solana Up or Down - March 22, 4:05AM-4:10AM ET yes=0.55 window=300s
2026-03-22 08:05:12 [INFO] NEW XRP-USD XRP Up or Down - March 22, 4:05AM-4:10AM ET yes=0.55 window=300s
2026-03-22 08:05:12 [INFO] NEW DOGE-USD Dogecoin Up or Down - March 22, 4:05AM-4:10AM ET yes=0.50 window=300s
2026-03-22 08:05:12 [INFO] NEW BNB-USD BNB Up or Down - March 22, 4:05AM-4:10AM ET yes=0.58 window=300s
2026-03-22 08:05:12 [INFO] NEW HYPE-USD Hyperliquid Up or Down - March 22, 4:05AM-4:10AM ET yes=0.50 window=300s
2026-03-22 08:05:26 [INFO] RESOLVED BTC-USD -> DOWN yes=0.50 Bitcoin Up or Down - March 22, 4:00AM-4:
2026-03-22 08:05:26 [INFO] RESOLVED ETH-USD -> DOWN yes=0.50 Ethereum Up or Down - March 22, 4:00AM-4
2026-03-22 08:05:26 [INFO] RESOLVED SOL-USD -> DOWN yes=0.50 Solana Up or Down - March 22, 4:00AM-4:0
2026-03-22 08:05:26 [INFO] RESOLVED XRP-USD -> DOWN yes=0.50 XRP Up or Down - March 22, 4:00AM-4:05AM
2026-03-22 08:05:26 [INFO] RESOLVED DOGE-USD -> DOWN yes=0.50 Dogecoin Up or Down - March 22, 4:00AM-4
2026-03-22 08:05:26 [INFO] RESOLVED BNB-USD -> DOWN yes=0.50 BNB Up or Down - March 22, 4:00AM-4:05AM
2026-03-22 08:05:26 [INFO] RESOLVED HYPE-USD -> DOWN yes=0.50 Hyperliquid Up or Down - March 22, 4:00A
2026-03-22 08:06:17 [INFO] Status: 14 active, 119 disc, 4151 poly, 17799 price, 9421 flow, 6472 funding, 105 resolved | DOGE-USD=$0 | SOL-USD=$87 | BTC-USD=$68897 | ETH-USD=$2090 | BNB-USD=$631 | XRP-USD=$1 | BTC-USD fr=-0.000045 | ETH-USD fr=0.000012
2026-03-22 08:07:22 [INFO] Status: 14 active, 119 disc, 4235 poly, 18184 price, 9647 flow, 6602 funding, 105 resolved | DOGE-USD=$0 | SOL-USD=$87 | BTC-USD=$68888 | ETH-USD=$2090 | BNB-USD=$631 | XRP-USD=$1 | BTC-USD fr=-0.000045 | ETH-USD fr=0.000013
2026-03-22 08:08:28 [INFO] Status: 14 active, 119 disc, 4319 poly, 18573 price, 9872 flow, 6734 funding, 105 resolved | DOGE-USD=$0 | SOL-USD=$87 | BTC-USD=$68877 | ETH-USD=$2088 | BNB-USD=$631 | XRP-USD=$1 | BTC-USD fr=-0.000044 | ETH-USD fr=0.000013
2026-03-22 08:09:33 [INFO] Status: 14 active, 119 disc, 4403 poly, 18951 price, 10083 flow, 6864 funding, 105 resolved | DOGE-USD=$0 | SOL-USD=$87 | BTC-USD=$68916 | ETH-USD=$2090 | BNB-USD=$631 | XRP-USD=$1 | BTC-USD fr=-0.000045 | ETH-USD fr=0.000013
2026-03-22 08:10:14 [INFO] NEW BTC-USD Bitcoin Up or Down - March 22, 4:10AM-4:15AM ET yes=0.52 window=300s
2026-03-22 08:10:14 [INFO] NEW ETH-USD Ethereum Up or Down - March 22, 4:10AM-4:15AM ET yes=0.56 window=300s
2026-03-22 08:10:14 [INFO] NEW SOL-USD Solana Up or Down - March 22, 4:10AM-4:15AM ET yes=0.55 window=300s
2026-03-22 08:10:14 [INFO] NEW XRP-USD XRP Up or Down - March 22, 4:10AM-4:15AM ET yes=0.55 window=300s
2026-03-22 08:10:14 [INFO] NEW DOGE-USD Dogecoin Up or Down - March 22, 4:10AM-4:15AM ET yes=0.50 window=300s
2026-03-22 08:10:14 [INFO] NEW BNB-USD BNB Up or Down - March 22, 4:10AM-4:15AM ET yes=0.58 window=300s
2026-03-22 08:10:14 [INFO] NEW HYPE-USD Hyperliquid Up or Down - March 22, 4:10AM-4:15AM ET yes=0.50 window=300s
2026-03-22 08:10:18 [INFO] RESOLVED BTC-USD -> DOWN yes=0.50 Bitcoin Up or Down - March 22, 4:05AM-4:
2026-03-22 08:10:18 [INFO] RESOLVED ETH-USD -> DOWN yes=0.50 Ethereum Up or Down - March 22, 4:05AM-4
2026-03-22 08:10:18 [INFO] RESOLVED SOL-USD -> DOWN yes=0.50 Solana Up or Down - March 22, 4:05AM-4:1
2026-03-22 08:10:18 [INFO] RESOLVED XRP-USD -> DOWN yes=0.50 XRP Up or Down - March 22, 4:05AM-4:10AM
2026-03-22 08:10:18 [INFO] RESOLVED DOGE-USD -> DOWN yes=0.50 Dogecoin Up or Down - March 22, 4:05AM-4
2026-03-22 08:10:18 [INFO] RESOLVED BNB-USD -> DOWN yes=0.50 BNB Up or Down - March 22, 4:05AM-4:10AM
2026-03-22 08:10:18 [INFO] RESOLVED HYPE-USD -> DOWN yes=0.50 Hyperliquid Up or Down - March 22, 4:05A
2026-03-22 08:10:35 [INFO] Status: 14 active, 126 disc, 4473 poly, 19310 price, 10289 flow, 6988 funding, 112 resolved | DOGE-USD=$0 | SOL-USD=$87 | BTC-USD=$68900 | ETH-USD=$2088 | BNB-USD=$631 | XRP-USD=$1 | BTC-USD fr=-0.000045 | ETH-USD fr=0.000013
2026-03-22 08:11:43 [INFO] Status: 14 active, 126 disc, 4557 poly, 19710 price, 10504 flow, 7124 funding, 112 resolved | DOGE-USD=$0 | SOL-USD=$87 | BTC-USD=$68954 | ETH-USD=$2091 | BNB-USD=$631 | XRP-USD=$1 | BTC-USD fr=-0.000045 | ETH-USD fr=0.000013
2026-03-22 08:12:49 [INFO] Status: 14 active, 126 disc, 4641 poly, 20085 price, 10712 flow, 7256 funding, 112 resolved | DOGE-USD=$0 | SOL-USD=$87 | BTC-USD=$68943 | ETH-USD=$2091 | BNB-USD=$631 | XRP-USD=$1 | BTC-USD fr=-0.000044 | ETH-USD fr=0.000013
2026-03-22 08:13:55 [INFO] Status: 14 active, 126 disc, 4725 poly, 20453 price, 10902 flow, 7386 funding, 112 resolved | DOGE-USD=$0 | SOL-USD=$87 | BTC-USD=$68942 | ETH-USD=$2091 | BNB-USD=$631 | XRP-USD=$1 | BTC-USD fr=-0.000044 | ETH-USD fr=0.000013
2026-03-22 08:14:59 [INFO] Status: 14 active, 126 disc, 4809 poly, 20832 price, 11094 flow, 7516 funding, 112 resolved | DOGE-USD=$0 | SOL-USD=$88 | BTC-USD=$68991 | ETH-USD=$2092 | BNB-USD=$631 | XRP-USD=$1 | BTC-USD fr=-0.000044 | ETH-USD fr=0.000014
2026-03-22 08:15:05 [INFO] NEW BTC-USD Bitcoin Up or Down - March 22, 4:15AM-4:20AM ET yes=0.52 window=300s
2026-03-22 08:15:05 [INFO] NEW ETH-USD Ethereum Up or Down - March 22, 4:15AM-4:20AM ET yes=0.55 window=300s
2026-03-22 08:15:05 [INFO] NEW SOL-USD Solana Up or Down - March 22, 4:15AM-4:20AM ET yes=0.50 window=300s
2026-03-22 08:15:05 [INFO] NEW XRP-USD XRP Up or Down - March 22, 4:15AM-4:20AM ET yes=0.55 window=300s
2026-03-22 08:15:05 [INFO] NEW DOGE-USD Dogecoin Up or Down - March 22, 4:15AM-4:20AM ET yes=0.50 window=300s
2026-03-22 08:15:05 [INFO] NEW BNB-USD BNB Up or Down - March 22, 4:15AM-4:20AM ET yes=0.50 window=300s
2026-03-22 08:15:05 [INFO] NEW HYPE-USD Hyperliquid Up or Down - March 22, 4:15AM-4:20AM ET yes=0.50 window=300s
2026-03-22 08:15:05 [INFO] NEW BTC-USD Bitcoin Up or Down - March 22, 4:15AM-4:30AM ET yes=0.54 window=900s
2026-03-22 08:15:05 [INFO] NEW ETH-USD Ethereum Up or Down - March 22, 4:15AM-4:30AM ET yes=0.40 window=900s
2026-03-22 08:15:05 [INFO] NEW SOL-USD Solana Up or Down - March 22, 4:15AM-4:30AM ET yes=0.59 window=900s
2026-03-22 08:15:05 [INFO] NEW XRP-USD XRP Up or Down - March 22, 4:15AM-4:30AM ET yes=0.56 window=900s
2026-03-22 08:15:05 [INFO] NEW DOGE-USD Dogecoin Up or Down - March 22, 4:15AM-4:30AM ET yes=0.52 window=900s
2026-03-22 08:15:05 [INFO] NEW BNB-USD BNB Up or Down - March 22, 4:15AM-4:30AM ET yes=0.57 window=900s
2026-03-22 08:15:05 [INFO] NEW HYPE-USD Hyperliquid Up or Down - March 22, 4:15AM-4:30AM ET yes=0.50 window=900s
2026-03-22 08:15:24 [INFO] RESOLVED BTC-USD -> DOWN yes=0.50 Bitcoin Up or Down - March 22, 4:00AM-4:
2026-03-22 08:15:24 [INFO] RESOLVED ETH-USD -> DOWN yes=0.50 Ethereum Up or Down - March 22, 4:00AM-4
2026-03-22 08:15:24 [INFO] RESOLVED SOL-USD -> DOWN yes=0.50 Solana Up or Down - March 22, 4:00AM-4:1
2026-03-22 08:15:24 [INFO] RESOLVED XRP-USD -> DOWN yes=0.50 XRP Up or Down - March 22, 4:00AM-4:15AM
2026-03-22 08:15:24 [INFO] RESOLVED DOGE-USD -> DOWN yes=0.50 Dogecoin Up or Down - March 22, 4:00AM-4
2026-03-22 08:15:24 [INFO] RESOLVED BNB-USD -> DOWN yes=0.50 BNB Up or Down - March 22, 4:00AM-4:15AM
2026-03-22 08:15:24 [INFO] RESOLVED HYPE-USD -> DOWN yes=0.50 Hyperliquid Up or Down - March 22, 4:00A
2026-03-22 08:15:24 [INFO] RESOLVED BTC-USD -> DOWN yes=0.50 Bitcoin Up or Down - March 22, 4:10AM-4:
2026-03-22 08:15:24 [INFO] RESOLVED ETH-USD -> DOWN yes=0.50 Ethereum Up or Down - March 22, 4:10AM-4
2026-03-22 08:15:24 [INFO] RESOLVED SOL-USD -> DOWN yes=0.50 Solana Up or Down - March 22, 4:10AM-4:1
2026-03-22 08:15:24 [INFO] RESOLVED XRP-USD -> DOWN yes=0.50 XRP Up or Down - March 22, 4:10AM-4:15AM
2026-03-22 08:15:24 [INFO] RESOLVED DOGE-USD -> DOWN yes=0.50 Dogecoin Up or Down - March 22, 4:10AM-4
2026-03-22 08:15:24 [INFO] RESOLVED BNB-USD -> DOWN yes=0.50 BNB Up or Down - March 22, 4:10AM-4:15AM
2026-03-22 08:15:24 [INFO] RESOLVED HYPE-USD -> DOWN yes=0.50 Hyperliquid Up or Down - March 22, 4:10A
2026-03-22 08:16:03 [INFO] Status: 14 active, 140 disc, 4893 poly, 21178 price, 11273 flow, 7644 funding, 126 resolved | DOGE-USD=$0 | SOL-USD=$88 | BTC-USD=$68971 | ETH-USD=$2092 | BNB-USD=$632 | XRP-USD=$1 | BTC-USD fr=-0.000044 | ETH-USD fr=0.000015
2026-03-22 08:17:09 [INFO] Status: 14 active, 140 disc, 4977 poly, 21554 price, 11472 flow, 7776 funding, 126 resolved | DOGE-USD=$0 | SOL-USD=$87 | BTC-USD=$68947 | ETH-USD=$2090 | BNB-USD=$631 | XRP-USD=$1 | BTC-USD fr=-0.000044 | ETH-USD fr=0.000015
2026-03-22 08:18:14 [INFO] Status: 14 active, 140 disc, 5061 poly, 21932 price, 11682 flow, 7906 funding, 126 resolved | DOGE-USD=$0 | SOL-USD=$87 | BTC-USD=$68876 | ETH-USD=$2088 | BNB-USD=$631 | XRP-USD=$1 | BTC-USD fr=-0.000045 | ETH-USD fr=0.000014
2026-03-22 08:19:22 [INFO] Status: 14 active, 140 disc, 5145 poly, 22326 price, 11919 flow, 8040 funding, 126 resolved | DOGE-USD=$0 | SOL-USD=$87 | BTC-USD=$68870 | ETH-USD=$2087 | BNB-USD=$630 | XRP-USD=$1 | BTC-USD fr=-0.000046 | ETH-USD fr=0.000013
2026-03-22 08:20:13 [INFO] NEW BTC-USD Bitcoin Up or Down - March 22, 4:20AM-4:25AM ET yes=0.51 window=300s
2026-03-22 08:20:13 [INFO] NEW ETH-USD Ethereum Up or Down - March 22, 4:20AM-4:25AM ET yes=0.56 window=300s
2026-03-22 08:20:13 [INFO] NEW SOL-USD Solana Up or Down - March 22, 4:20AM-4:25AM ET yes=0.56 window=300s
2026-03-22 08:20:13 [INFO] NEW XRP-USD XRP Up or Down - March 22, 4:20AM-4:25AM ET yes=0.53 window=300s
2026-03-22 08:20:13 [INFO] NEW DOGE-USD Dogecoin Up or Down - March 22, 4:20AM-4:25AM ET yes=0.50 window=300s
2026-03-22 08:20:13 [INFO] NEW BNB-USD BNB Up or Down - March 22, 4:20AM-4:25AM ET yes=0.55 window=300s
2026-03-22 08:20:13 [INFO] NEW HYPE-USD Hyperliquid Up or Down - March 22, 4:20AM-4:25AM ET yes=0.50 window=300s
2026-03-22 08:20:13 [INFO] RESOLVED BTC-USD -> DOWN yes=0.50 Bitcoin Up or Down - March 22, 4:15AM-4:
2026-03-22 08:20:13 [INFO] RESOLVED ETH-USD -> DOWN yes=0.50 Ethereum Up or Down - March 22, 4:15AM-4
2026-03-22 08:20:13 [INFO] RESOLVED SOL-USD -> DOWN yes=0.50 Solana Up or Down - March 22, 4:15AM-4:2
2026-03-22 08:20:13 [INFO] RESOLVED XRP-USD -> DOWN yes=0.50 XRP Up or Down - March 22, 4:15AM-4:20AM
2026-03-22 08:20:13 [INFO] RESOLVED DOGE-USD -> DOWN yes=0.50 Dogecoin Up or Down - March 22, 4:15AM-4
2026-03-22 08:20:13 [INFO] RESOLVED BNB-USD -> DOWN yes=0.50 BNB Up or Down - March 22, 4:15AM-4:20AM
2026-03-22 08:20:13 [INFO] RESOLVED HYPE-USD -> DOWN yes=0.50 Hyperliquid Up or Down - March 22, 4:15A
2026-03-22 08:20:34 [INFO] Status: 14 active, 147 disc, 5229 poly, 22750 price, 12181 flow, 8184 funding, 133 resolved | DOGE-USD=$0 | SOL-USD=$87 | BTC-USD=$68861 | ETH-USD=$2086 | BNB-USD=$630 | XRP-USD=$1 | BTC-USD fr=-0.000046 | ETH-USD fr=0.000013
2026-03-22 08:21:39 [INFO] Status: 14 active, 147 disc, 5313 poly, 23142 price, 12439 flow, 8316 funding, 133 resolved | DOGE-USD=$0 | SOL-USD=$87 | BTC-USD=$68783 | ETH-USD=$2084 | BNB-USD=$630 | XRP-USD=$1 | BTC-USD fr=-0.000046 | ETH-USD fr=0.000013
2026-03-22 08:22:43 [INFO] Status: 14 active, 147 disc, 5397 poly, 23526 price, 12678 flow, 8444 funding, 133 resolved | DOGE-USD=$0 | SOL-USD=$87 | BTC-USD=$68772 | ETH-USD=$2082 | BNB-USD=$630 | XRP-USD=$1 | BTC-USD fr=-0.000047 | ETH-USD fr=0.000012
2026-03-22 08:23:49 [INFO] Status: 14 active, 147 disc, 5481 poly, 23917 price, 12919 flow, 8576 funding, 133 resolved | DOGE-USD=$0 | SOL-USD=$87 | BTC-USD=$68827 | ETH-USD=$2084 | BNB-USD=$630 | XRP-USD=$1 | BTC-USD fr=-0.000047 | ETH-USD fr=0.000012
2026-03-22 08:24:52 [INFO] Status: 14 active, 147 disc, 5565 poly, 24286 price, 13113 flow, 8702 funding, 133 resolved | DOGE-USD=$0 | SOL-USD=$87 | BTC-USD=$68891 | ETH-USD=$2086 | BNB-USD=$631 | XRP-USD=$1 | BTC-USD fr=-0.000047 | ETH-USD fr=0.000012
2026-03-22 08:25:08 [INFO] NEW BTC-USD Bitcoin Up or Down - March 22, 4:25AM-4:30AM ET yes=0.54 window=300s
2026-03-22 08:25:08 [INFO] NEW ETH-USD Ethereum Up or Down - March 22, 4:25AM-4:30AM ET yes=0.57 window=300s
2026-03-22 08:25:08 [INFO] NEW SOL-USD Solana Up or Down - March 22, 4:25AM-4:30AM ET yes=0.56 window=300s
2026-03-22 08:25:08 [INFO] NEW XRP-USD XRP Up or Down - March 22, 4:25AM-4:30AM ET yes=0.55 window=300s
2026-03-22 08:25:08 [INFO] NEW DOGE-USD Dogecoin Up or Down - March 22, 4:25AM-4:30AM ET yes=0.50 window=300s
2026-03-22 08:25:08 [INFO] NEW BNB-USD BNB Up or Down - March 22, 4:25AM-4:30AM ET yes=0.50 window=300s
2026-03-22 08:25:08 [INFO] NEW HYPE-USD Hyperliquid Up or Down - March 22, 4:25AM-4:30AM ET yes=0.50 window=300s
2026-03-22 08:25:26 [INFO] RESOLVED BTC-USD -> DOWN yes=0.50 Bitcoin Up or Down - March 22, 4:20AM-4:
2026-03-22 08:25:26 [INFO] RESOLVED ETH-USD -> DOWN yes=0.50 Ethereum Up or Down - March 22, 4:20AM-4
2026-03-22 08:25:26 [INFO] RESOLVED SOL-USD -> DOWN yes=0.50 Solana Up or Down - March 22, 4:20AM-4:2
2026-03-22 08:25:26 [INFO] RESOLVED XRP-USD -> DOWN yes=0.50 XRP Up or Down - March 22, 4:20AM-4:25AM
2026-03-22 08:25:26 [INFO] RESOLVED DOGE-USD -> DOWN yes=0.50 Dogecoin Up or Down - March 22, 4:20AM-4
2026-03-22 08:25:26 [INFO] RESOLVED BNB-USD -> DOWN yes=0.50 BNB Up or Down - March 22, 4:20AM-4:25AM
2026-03-22 08:25:26 [INFO] RESOLVED HYPE-USD -> DOWN yes=0.50 Hyperliquid Up or Down - March 22, 4:20A
2026-03-22 08:26:03 [INFO] Status: 14 active, 154 disc, 5656 poly, 24705 price, 13338 flow, 8844 funding, 140 resolved | DOGE-USD=$0 | SOL-USD=$87 | BTC-USD=$68884 | ETH-USD=$2086 | BNB-USD=$631 | XRP-USD=$1 | BTC-USD fr=-0.000046 | ETH-USD fr=0.000013
2026-03-22 08:27:09 [INFO] Status: 14 active, 154 disc, 5740 poly, 25085 price, 13576 flow, 8974 funding, 140 resolved | DOGE-USD=$0 | SOL-USD=$87 | BTC-USD=$68757 | ETH-USD=$2077 | BNB-USD=$630 | XRP-USD=$1 | BTC-USD fr=-0.000047 | ETH-USD fr=0.000012
2026-03-22 08:28:15 [INFO] Status: 14 active, 154 disc, 5824 poly, 25482 price, 13835 flow, 9108 funding, 140 resolved | DOGE-USD=$0 | SOL-USD=$87 | BTC-USD=$68583 | ETH-USD=$2075 | BNB-USD=$629 | XRP-USD=$1 | BTC-USD fr=-0.000047 | ETH-USD fr=0.000012
2026-03-22 08:29:21 [INFO] Status: 14 active, 154 disc, 5908 poly, 25876 price, 14086 flow, 9240 funding, 140 resolved | DOGE-USD=$0 | SOL-USD=$87 | BTC-USD=$68683 | ETH-USD=$2079 | BNB-USD=$630 | XRP-USD=$1 | BTC-USD fr=-0.000048 | ETH-USD fr=0.000012
2026-03-22 08:30:13 [INFO] NEW BTC-USD Bitcoin Up or Down - March 22, 4:30AM-4:35AM ET yes=0.49 window=300s
2026-03-22 08:30:13 [INFO] NEW ETH-USD Ethereum Up or Down - March 22, 4:30AM-4:35AM ET yes=0.55 window=300s
2026-03-22 08:30:13 [INFO] NEW SOL-USD Solana Up or Down - March 22, 4:30AM-4:35AM ET yes=0.56 window=300s
2026-03-22 08:30:13 [INFO] NEW XRP-USD XRP Up or Down - March 22, 4:30AM-4:35AM ET yes=0.53 window=300s
2026-03-22 08:30:13 [INFO] NEW DOGE-USD Dogecoin Up or Down - March 22, 4:30AM-4:35AM ET yes=0.50 window=300s
2026-03-22 08:30:13 [INFO] NEW BNB-USD BNB Up or Down - March 22, 4:30AM-4:35AM ET yes=0.55 window=300s
2026-03-22 08:30:13 [INFO] NEW HYPE-USD Hyperliquid Up or Down - March 22, 4:30AM-4:35AM ET yes=0.50 window=300s
2026-03-22 08:30:13 [INFO] NEW BTC-USD Bitcoin Up or Down - March 22, 4:30AM-4:45AM ET yes=0.55 window=900s
2026-03-22 08:30:13 [INFO] NEW ETH-USD Ethereum Up or Down - March 22, 4:30AM-4:45AM ET yes=0.57 window=900s
2026-03-22 08:30:13 [INFO] NEW SOL-USD Solana Up or Down - March 22, 4:30AM-4:45AM ET yes=0.57 window=900s
2026-03-22 08:30:13 [INFO] NEW XRP-USD XRP Up or Down - March 22, 4:30AM-4:45AM ET yes=0.55 window=900s
2026-03-22 08:30:13 [INFO] NEW DOGE-USD Dogecoin Up or Down - March 22, 4:30AM-4:45AM ET yes=0.59 window=900s
2026-03-22 08:30:13 [INFO] NEW BNB-USD BNB Up or Down - March 22, 4:30AM-4:45AM ET yes=0.57 window=900s
2026-03-22 08:30:13 [INFO] NEW HYPE-USD Hyperliquid Up or Down - March 22, 4:30AM-4:45AM ET yes=0.50 window=900s
2026-03-22 08:30:35 [INFO] RESOLVED BTC-USD -> DOWN yes=0.50 Bitcoin Up or Down - March 22, 4:15AM-4:
2026-03-22 08:30:35 [INFO] RESOLVED ETH-USD -> DOWN yes=0.50 Ethereum Up or Down - March 22, 4:15AM-4
2026-03-22 08:30:35 [INFO] RESOLVED SOL-USD -> DOWN yes=0.50 Solana Up or Down - March 22, 4:15AM-4:3
2026-03-22 08:30:35 [INFO] RESOLVED XRP-USD -> DOWN yes=0.50 XRP Up or Down - March 22, 4:15AM-4:30AM
2026-03-22 08:30:35 [INFO] RESOLVED DOGE-USD -> DOWN yes=0.50 Dogecoin Up or Down - March 22, 4:15AM-4
2026-03-22 08:30:35 [INFO] RESOLVED BNB-USD -> DOWN yes=0.50 BNB Up or Down - March 22, 4:15AM-4:30AM
2026-03-22 08:30:35 [INFO] RESOLVED HYPE-USD -> DOWN yes=0.50 Hyperliquid Up or Down - March 22, 4:15A
2026-03-22 08:30:35 [INFO] RESOLVED BTC-USD -> DOWN yes=0.50 Bitcoin Up or Down - March 22, 4:25AM-4:
2026-03-22 08:30:35 [INFO] RESOLVED ETH-USD -> DOWN yes=0.50 Ethereum Up or Down - March 22, 4:25AM-4
2026-03-22 08:30:35 [INFO] RESOLVED SOL-USD -> DOWN yes=0.50 Solana Up or Down - March 22, 4:25AM-4:3
2026-03-22 08:30:35 [INFO] RESOLVED XRP-USD -> DOWN yes=0.50 XRP Up or Down - March 22, 4:25AM-4:30AM
2026-03-22 08:30:35 [INFO] RESOLVED DOGE-USD -> DOWN yes=0.50 Dogecoin Up or Down - March 22, 4:25AM-4
2026-03-22 08:30:35 [INFO] RESOLVED BNB-USD -> DOWN yes=0.50 BNB Up or Down - March 22, 4:25AM-4:30AM
2026-03-22 08:30:35 [INFO] RESOLVED HYPE-USD -> DOWN yes=0.50 Hyperliquid Up or Down - March 22, 4:25A
2026-03-22 08:30:44 [INFO] Status: 14 active, 168 disc, 6006 poly, 26364 price, 14371 flow, 9406 funding, 154 resolved | DOGE-USD=$0 | SOL-USD=$87 | BTC-USD=$68666 | ETH-USD=$2079 | BNB-USD=$630 | XRP-USD=$1 | BTC-USD fr=-0.000049 | ETH-USD fr=0.000012
2026-03-22 08:31:50 [INFO] Status: 14 active, 168 disc, 6090 poly, 26752 price, 14609 flow, 9538 funding, 154 resolved | DOGE-USD=$0 | SOL-USD=$87 | BTC-USD=$68671 | ETH-USD=$2079 | BNB-USD=$630 | XRP-USD=$1 | BTC-USD fr=-0.000049 | ETH-USD fr=0.000012
2026-03-22 08:32:55 [INFO] Status: 14 active, 168 disc, 6174 poly, 27128 price, 14826 flow, 9668 funding, 154 resolved | DOGE-USD=$0 | SOL-USD=$87 | BTC-USD=$68713 | ETH-USD=$2080 | BNB-USD=$630 | XRP-USD=$1 | BTC-USD fr=-0.000049 | ETH-USD fr=0.000012
2026-03-22 08:34:00 [INFO] Status: 14 active, 168 disc, 6258 poly, 27496 price, 15030 flow, 9798 funding, 154 resolved | DOGE-USD=$0 | SOL-USD=$87 | BTC-USD=$68694 | ETH-USD=$2079 | BNB-USD=$630 | XRP-USD=$1 | BTC-USD fr=-0.000050 | ETH-USD fr=0.000011
2026-03-22 08:35:05 [INFO] Status: 14 active, 168 disc, 6342 poly, 27877 price, 15235 flow, 9928 funding, 154 resolved | DOGE-USD=$0 | SOL-USD=$87 | BTC-USD=$68625 | ETH-USD=$2078 | BNB-USD=$630 | XRP-USD=$1 | BTC-USD fr=-0.000050 | ETH-USD fr=0.000011
2026-03-22 08:35:11 [INFO] NEW BTC-USD Bitcoin Up or Down - March 22, 4:35AM-4:40AM ET yes=0.54 window=300s
2026-03-22 08:35:11 [INFO] NEW ETH-USD Ethereum Up or Down - March 22, 4:35AM-4:40AM ET yes=0.55 window=300s
2026-03-22 08:35:11 [INFO] NEW SOL-USD Solana Up or Down - March 22, 4:35AM-4:40AM ET yes=0.55 window=300s
2026-03-22 08:35:11 [INFO] NEW XRP-USD XRP Up or Down - March 22, 4:35AM-4:40AM ET yes=0.50 window=300s
2026-03-22 08:35:11 [INFO] NEW DOGE-USD Dogecoin Up or Down - March 22, 4:35AM-4:40AM ET yes=0.50 window=300s
2026-03-22 08:35:11 [INFO] NEW BNB-USD BNB Up or Down - March 22, 4:35AM-4:40AM ET yes=0.55 window=300s
2026-03-22 08:35:11 [INFO] NEW HYPE-USD Hyperliquid Up or Down - March 22, 4:35AM-4:40AM ET yes=0.50 window=300s
2026-03-22 08:35:25 [INFO] RESOLVED BTC-USD -> DOWN yes=0.50 Bitcoin Up or Down - March 22, 4:30AM-4:
2026-03-22 08:35:25 [INFO] RESOLVED ETH-USD -> DOWN yes=0.50 Ethereum Up or Down - March 22, 4:30AM-4
2026-03-22 08:35:25 [INFO] RESOLVED SOL-USD -> DOWN yes=0.50 Solana Up or Down - March 22, 4:30AM-4:3
2026-03-22 08:35:25 [INFO] RESOLVED XRP-USD -> DOWN yes=0.50 XRP Up or Down - March 22, 4:30AM-4:35AM
2026-03-22 08:35:25 [INFO] RESOLVED DOGE-USD -> DOWN yes=0.50 Dogecoin Up or Down - March 22, 4:30AM-4
2026-03-22 08:35:25 [INFO] RESOLVED BNB-USD -> DOWN yes=0.50 BNB Up or Down - March 22, 4:30AM-4:35AM
2026-03-22 08:35:25 [INFO] RESOLVED HYPE-USD -> DOWN yes=0.50 Hyperliquid Up or Down - March 22, 4:30A
2026-03-22 08:36:05 [INFO] Status: 14 active, 175 disc, 6419 poly, 28228 price, 15438 flow, 10048 funding, 161 resolved | DOGE-USD=$0 | SOL-USD=$87 | BTC-USD=$68656 | ETH-USD=$2079 | BNB-USD=$630 | XRP-USD=$1 | BTC-USD fr=-0.000051 | ETH-USD fr=0.000010
2026-03-22 08:37:09 [INFO] Status: 14 active, 175 disc, 6503 poly, 28594 price, 15645 flow, 10176 funding, 161 resolved | DOGE-USD=$0 | SOL-USD=$87 | BTC-USD=$68688 | ETH-USD=$2081 | BNB-USD=$630 | XRP-USD=$1 | BTC-USD fr=-0.000051 | ETH-USD fr=0.000011
2026-03-22 08:38:16 [INFO] Status: 14 active, 175 disc, 6587 poly, 28982 price, 15850 flow, 10310 funding, 161 resolved | DOGE-USD=$0 | SOL-USD=$87 | BTC-USD=$68697 | ETH-USD=$2081 | BNB-USD=$630 | XRP-USD=$1 | BTC-USD fr=-0.000050 | ETH-USD fr=0.000011
2026-03-22 08:39:24 [INFO] Status: 14 active, 175 disc, 6671 poly, 29352 price, 16037 flow, 10446 funding, 161 resolved | DOGE-USD=$0 | SOL-USD=$87 | BTC-USD=$68698 | ETH-USD=$2081 | BNB-USD=$630 | XRP-USD=$1 | BTC-USD fr=-0.000050 | ETH-USD fr=0.000011
2026-03-22 08:40:02 [INFO] NEW BTC-USD Bitcoin Up or Down - March 22, 4:40AM-4:45AM ET yes=0.54 window=300s
2026-03-22 08:40:02 [INFO] NEW ETH-USD Ethereum Up or Down - March 22, 4:40AM-4:45AM ET yes=0.55 window=300s
2026-03-22 08:40:02 [INFO] NEW SOL-USD Solana Up or Down - March 22, 4:40AM-4:45AM ET yes=0.53 window=300s
2026-03-22 08:40:02 [INFO] NEW XRP-USD XRP Up or Down - March 22, 4:40AM-4:45AM ET yes=0.54 window=300s
2026-03-22 08:40:02 [INFO] NEW DOGE-USD Dogecoin Up or Down - March 22, 4:40AM-4:45AM ET yes=0.50 window=300s
2026-03-22 08:40:02 [INFO] NEW BNB-USD BNB Up or Down - March 22, 4:40AM-4:45AM ET yes=0.55 window=300s
2026-03-22 08:40:02 [INFO] NEW HYPE-USD Hyperliquid Up or Down - March 22, 4:40AM-4:45AM ET yes=0.50 window=300s
2026-03-22 08:40:25 [INFO] RESOLVED BTC-USD -> DOWN yes=0.50 Bitcoin Up or Down - March 22, 4:35AM-4:
2026-03-22 08:40:25 [INFO] RESOLVED ETH-USD -> DOWN yes=0.50 Ethereum Up or Down - March 22, 4:35AM-4
2026-03-22 08:40:25 [INFO] RESOLVED SOL-USD -> DOWN yes=0.50 Solana Up or Down - March 22, 4:35AM-4:4
2026-03-22 08:40:25 [INFO] RESOLVED XRP-USD -> DOWN yes=0.50 XRP Up or Down - March 22, 4:35AM-4:40AM
2026-03-22 08:40:25 [INFO] RESOLVED DOGE-USD -> DOWN yes=0.50 Dogecoin Up or Down - March 22, 4:35AM-4
2026-03-22 08:40:25 [INFO] RESOLVED BNB-USD -> DOWN yes=0.50 BNB Up or Down - March 22, 4:35AM-4:40AM
2026-03-22 08:40:25 [INFO] RESOLVED HYPE-USD -> DOWN yes=0.50 Hyperliquid Up or Down - March 22, 4:35A
2026-03-22 08:40:30 [INFO] Status: 14 active, 182 disc, 6748 poly, 29726 price, 16246 flow, 10578 funding, 168 resolved | DOGE-USD=$0 | SOL-USD=$87 | BTC-USD=$68713 | ETH-USD=$2082 | BNB-USD=$630 | XRP-USD=$1 | BTC-USD fr=-0.000050 | ETH-USD fr=0.000010
2026-03-22 08:41:38 [INFO] Status: 14 active, 182 disc, 6832 poly, 30125 price, 16475 flow, 10714 funding, 168 resolved | DOGE-USD=$0 | SOL-USD=$87 | BTC-USD=$68788 | ETH-USD=$2085 | BNB-USD=$631 | XRP-USD=$1 | BTC-USD fr=-0.000050 | ETH-USD fr=0.000010
2026-03-22 08:42:44 [INFO] Status: 14 active, 182 disc, 6916 poly, 30498 price, 16680 flow, 10846 funding, 168 resolved | DOGE-USD=$0 | SOL-USD=$87 | BTC-USD=$68766 | ETH-USD=$2084 | BNB-USD=$631 | XRP-USD=$1 | BTC-USD fr=-0.000050 | ETH-USD fr=0.000010
2026-03-22 08:43:50 [INFO] Status: 14 active, 182 disc, 7000 poly, 30860 price, 16858 flow, 10978 funding, 168 resolved | DOGE-USD=$0 | SOL-USD=$87 | BTC-USD=$68747 | ETH-USD=$2083 | BNB-USD=$630 | XRP-USD=$1 | BTC-USD fr=-0.000050 | ETH-USD fr=0.000010
2026-03-22 08:44:56 [INFO] Status: 14 active, 182 disc, 7084 poly, 31220 price, 17052 flow, 11110 funding, 168 resolved | DOGE-USD=$0 | SOL-USD=$87 | BTC-USD=$68739 | ETH-USD=$2083 | BNB-USD=$630 | XRP-USD=$1 | BTC-USD fr=-0.000050 | ETH-USD fr=0.000010
2026-03-22 08:45:12 [INFO] NEW BTC-USD Bitcoin Up or Down - March 22, 4:45AM-4:50AM ET yes=0.52 window=300s
2026-03-22 08:45:12 [INFO] NEW ETH-USD Ethereum Up or Down - March 22, 4:45AM-4:50AM ET yes=0.54 window=300s
2026-03-22 08:45:12 [INFO] NEW SOL-USD Solana Up or Down - March 22, 4:45AM-4:50AM ET yes=0.53 window=300s
2026-03-22 08:45:12 [INFO] NEW XRP-USD XRP Up or Down - March 22, 4:45AM-4:50AM ET yes=0.50 window=300s
2026-03-22 08:45:12 [INFO] NEW DOGE-USD Dogecoin Up or Down - March 22, 4:45AM-4:50AM ET yes=0.50 window=300s
2026-03-22 08:45:12 [INFO] NEW BNB-USD BNB Up or Down - March 22, 4:45AM-4:50AM ET yes=0.50 window=300s
2026-03-22 08:45:12 [INFO] NEW HYPE-USD Hyperliquid Up or Down - March 22, 4:45AM-4:50AM ET yes=0.50 window=300s
2026-03-22 08:45:12 [INFO] NEW BTC-USD Bitcoin Up or Down - March 22, 4:45AM-5:00AM ET yes=0.54 window=900s
2026-03-22 08:45:12 [INFO] NEW ETH-USD Ethereum Up or Down - March 22, 4:45AM-5:00AM ET yes=0.56 window=900s
2026-03-22 08:45:12 [INFO] NEW SOL-USD Solana Up or Down - March 22, 4:45AM-5:00AM ET yes=0.50 window=900s
2026-03-22 08:45:12 [INFO] NEW XRP-USD XRP Up or Down - March 22, 4:45AM-5:00AM ET yes=0.54 window=900s
2026-03-22 08:45:12 [INFO] NEW DOGE-USD Dogecoin Up or Down - March 22, 4:45AM-5:00AM ET yes=0.50 window=900s
2026-03-22 08:45:12 [INFO] NEW BNB-USD BNB Up or Down - March 22, 4:45AM-5:00AM ET yes=0.54 window=900s
2026-03-22 08:45:12 [INFO] NEW HYPE-USD Hyperliquid Up or Down - March 22, 4:45AM-5:00AM ET yes=0.50 window=900s
2026-03-22 08:45:12 [INFO] RESOLVED BTC-USD -> DOWN yes=0.50 Bitcoin Up or Down - March 22, 4:30AM-4:
2026-03-22 08:45:12 [INFO] RESOLVED ETH-USD -> DOWN yes=0.50 Ethereum Up or Down - March 22, 4:30AM-4
2026-03-22 08:45:12 [INFO] RESOLVED SOL-USD -> DOWN yes=0.50 Solana Up or Down - March 22, 4:30AM-4:4
2026-03-22 08:45:12 [INFO] RESOLVED XRP-USD -> DOWN yes=0.50 XRP Up or Down - March 22, 4:30AM-4:45AM
2026-03-22 08:45:12 [INFO] RESOLVED DOGE-USD -> DOWN yes=0.50 Dogecoin Up or Down - March 22, 4:30AM-4
2026-03-22 08:45:12 [INFO] RESOLVED BNB-USD -> DOWN yes=0.50 BNB Up or Down - March 22, 4:30AM-4:45AM
2026-03-22 08:45:12 [INFO] RESOLVED HYPE-USD -> DOWN yes=0.50 Hyperliquid Up or Down - March 22, 4:30A
2026-03-22 08:45:12 [INFO] RESOLVED BTC-USD -> DOWN yes=0.50 Bitcoin Up or Down - March 22, 4:40AM-4:
2026-03-22 08:45:12 [INFO] RESOLVED ETH-USD -> DOWN yes=0.50 Ethereum Up or Down - March 22, 4:40AM-4
2026-03-22 08:45:12 [INFO] RESOLVED SOL-USD -> DOWN yes=0.50 Solana Up or Down - March 22, 4:40AM-4:4
2026-03-22 08:45:12 [INFO] RESOLVED XRP-USD -> DOWN yes=0.50 XRP Up or Down - March 22, 4:40AM-4:45AM
2026-03-22 08:45:12 [INFO] RESOLVED DOGE-USD -> DOWN yes=0.50 Dogecoin Up or Down - March 22, 4:40AM-4
2026-03-22 08:45:12 [INFO] RESOLVED BNB-USD -> DOWN yes=0.50 BNB Up or Down - March 22, 4:40AM-4:45AM
2026-03-22 08:45:12 [INFO] RESOLVED HYPE-USD -> DOWN yes=0.50 Hyperliquid Up or Down - March 22, 4:40A
2026-03-22 08:46:07 [INFO] Status: 14 active, 196 disc, 7168 poly, 31627 price, 17279 flow, 11252 funding, 182 resolved | DOGE-USD=$0 | SOL-USD=$87 | BTC-USD=$68774 | ETH-USD=$2085 | BNB-USD=$631 | XRP-USD=$1 | BTC-USD fr=-0.000051 | ETH-USD fr=0.000009
2026-03-22 08:47:13 [INFO] Status: 14 active, 196 disc, 7252 poly, 32001 price, 17482 flow, 11384 funding, 182 resolved | DOGE-USD=$0 | SOL-USD=$87 | BTC-USD=$68760 | ETH-USD=$2084 | BNB-USD=$630 | XRP-USD=$1 | BTC-USD fr=-0.000051 | ETH-USD fr=0.000008
2026-03-22 08:48:17 [INFO] Status: 14 active, 196 disc, 7336 poly, 32362 price, 17672 flow, 11512 funding, 182 resolved | DOGE-USD=$0 | SOL-USD=$87 | BTC-USD=$68748 | ETH-USD=$2084 | BNB-USD=$630 | XRP-USD=$1 | BTC-USD fr=-0.000051 | ETH-USD fr=0.000008
2026-03-22 08:49:22 [INFO] Status: 14 active, 196 disc, 7420 poly, 32727 price, 17865 flow, 11642 funding, 182 resolved | DOGE-USD=$0 | SOL-USD=$87 | BTC-USD=$68792 | ETH-USD=$2086 | BNB-USD=$631 | XRP-USD=$1 | BTC-USD fr=-0.000051 | ETH-USD fr=0.000008
2026-03-22 08:50:11 [INFO] NEW BTC-USD Bitcoin Up or Down - March 22, 4:50AM-4:55AM ET yes=0.52 window=300s
2026-03-22 08:50:11 [INFO] NEW ETH-USD Ethereum Up or Down - March 22, 4:50AM-4:55AM ET yes=0.54 window=300s
2026-03-22 08:50:11 [INFO] NEW SOL-USD Solana Up or Down - March 22, 4:50AM-4:55AM ET yes=0.52 window=300s
2026-03-22 08:50:11 [INFO] NEW XRP-USD XRP Up or Down - March 22, 4:50AM-4:55AM ET yes=0.50 window=300s
2026-03-22 08:50:11 [INFO] NEW DOGE-USD Dogecoin Up or Down - March 22, 4:50AM-4:55AM ET yes=0.50 window=300s
2026-03-22 08:50:11 [INFO] NEW BNB-USD BNB Up or Down - March 22, 4:50AM-4:55AM ET yes=0.55 window=300s
2026-03-22 08:50:11 [INFO] NEW HYPE-USD Hyperliquid Up or Down - March 22, 4:50AM-4:55AM ET yes=0.50 window=300s
2026-03-22 08:50:27 [INFO] RESOLVED BTC-USD -> DOWN yes=0.50 Bitcoin Up or Down - March 22, 4:45AM-4:
2026-03-22 08:50:27 [INFO] RESOLVED ETH-USD -> DOWN yes=0.50 Ethereum Up or Down - March 22, 4:45AM-4
2026-03-22 08:50:27 [INFO] RESOLVED SOL-USD -> DOWN yes=0.50 Solana Up or Down - March 22, 4:45AM-4:5
2026-03-22 08:50:27 [INFO] RESOLVED XRP-USD -> DOWN yes=0.50 XRP Up or Down - March 22, 4:45AM-4:50AM
2026-03-22 08:50:27 [INFO] RESOLVED DOGE-USD -> DOWN yes=0.50 Dogecoin Up or Down - March 22, 4:45AM-4
2026-03-22 08:50:27 [INFO] RESOLVED BNB-USD -> DOWN yes=0.50 BNB Up or Down - March 22, 4:45AM-4:50AM
2026-03-22 08:50:27 [INFO] RESOLVED HYPE-USD -> DOWN yes=0.50 Hyperliquid Up or Down - March 22, 4:45A
2026-03-22 08:50:34 [INFO] Status: 14 active, 203 disc, 7511 poly, 33120 price, 18068 flow, 11786 funding, 189 resolved | DOGE-USD=$0 | SOL-USD=$87 | BTC-USD=$68778 | ETH-USD=$2086 | BNB-USD=$631 | XRP-USD=$1 | BTC-USD fr=-0.000051 | ETH-USD fr=0.000008
2026-03-22 08:51:39 [INFO] Status: 14 active, 203 disc, 7595 poly, 33478 price, 18254 flow, 11916 funding, 189 resolved | DOGE-USD=$0 | SOL-USD=$87 | BTC-USD=$68747 | ETH-USD=$2086 | BNB-USD=$631 | XRP-USD=$1 | BTC-USD fr=-0.000051 | ETH-USD fr=0.000007
2026-03-22 08:52:45 [INFO] Status: 14 active, 203 disc, 7679 poly, 33853 price, 18436 flow, 12048 funding, 189 resolved | DOGE-USD=$0 | SOL-USD=$87 | BTC-USD=$68700 | ETH-USD=$2083 | BNB-USD=$630 | XRP-USD=$1 | BTC-USD fr=-0.000052 | ETH-USD fr=0.000006
2026-03-22 08:53:52 [INFO] Status: 14 active, 203 disc, 7763 poly, 34219 price, 18614 flow, 12182 funding, 189 resolved | DOGE-USD=$0 | SOL-USD=$87 | BTC-USD=$68721 | ETH-USD=$2085 | BNB-USD=$631 | XRP-USD=$1 | BTC-USD fr=-0.000052 | ETH-USD fr=0.000006
2026-03-22 08:54:57 [INFO] Status: 14 active, 203 disc, 7847 poly, 34580 price, 18796 flow, 12312 funding, 189 resolved | DOGE-USD=$0 | SOL-USD=$87 | BTC-USD=$68740 | ETH-USD=$2086 | BNB-USD=$631 | XRP-USD=$1 | BTC-USD fr=-0.000053 | ETH-USD fr=0.000005
2026-03-22 08:55:14 [INFO] NEW BTC-USD Bitcoin Up or Down - March 22, 4:55AM-5:00AM ET yes=0.49 window=300s
2026-03-22 08:55:14 [INFO] NEW ETH-USD Ethereum Up or Down - March 22, 4:55AM-5:00AM ET yes=0.46 window=300s
2026-03-22 08:55:14 [INFO] NEW SOL-USD Solana Up or Down - March 22, 4:55AM-5:00AM ET yes=0.51 window=300s
2026-03-22 08:55:14 [INFO] NEW XRP-USD XRP Up or Down - March 22, 4:55AM-5:00AM ET yes=0.51 window=300s
2026-03-22 08:55:14 [INFO] NEW DOGE-USD Dogecoin Up or Down - March 22, 4:55AM-5:00AM ET yes=0.50 window=300s
2026-03-22 08:55:14 [INFO] NEW BNB-USD BNB Up or Down - March 22, 4:55AM-5:00AM ET yes=0.55 window=300s
2026-03-22 08:55:14 [INFO] NEW HYPE-USD Hyperliquid Up or Down - March 22, 4:55AM-5:00AM ET yes=0.50 window=300s
2026-03-22 08:55:18 [INFO] RESOLVED BTC-USD -> DOWN yes=0.50 Bitcoin Up or Down - March 22, 4:50AM-4:
2026-03-22 08:55:18 [INFO] RESOLVED ETH-USD -> DOWN yes=0.50 Ethereum Up or Down - March 22, 4:50AM-4
2026-03-22 08:55:18 [INFO] RESOLVED SOL-USD -> DOWN yes=0.50 Solana Up or Down - March 22, 4:50AM-4:5
2026-03-22 08:55:18 [INFO] RESOLVED XRP-USD -> DOWN yes=0.50 XRP Up or Down - March 22, 4:50AM-4:55AM
2026-03-22 08:55:18 [INFO] RESOLVED DOGE-USD -> DOWN yes=0.50 Dogecoin Up or Down - March 22, 4:50AM-4
2026-03-22 08:55:18 [INFO] RESOLVED BNB-USD -> DOWN yes=0.50 BNB Up or Down - March 22, 4:50AM-4:55AM
2026-03-22 08:55:18 [INFO] RESOLVED HYPE-USD -> DOWN yes=0.50 Hyperliquid Up or Down - March 22, 4:50A
2026-03-22 08:56:04 [INFO] Status: 14 active, 210 disc, 7931 poly, 34955 price, 18978 flow, 12446 funding, 196 resolved | DOGE-USD=$0 | SOL-USD=$87 | BTC-USD=$68710 | ETH-USD=$2083 | BNB-USD=$630 | XRP-USD=$1 | BTC-USD fr=-0.000054 | ETH-USD fr=0.000004
2026-03-22 08:57:08 [INFO] Status: 14 active, 210 disc, 8015 poly, 35309 price, 19128 flow, 12574 funding, 196 resolved | DOGE-USD=$0 | SOL-USD=$87 | BTC-USD=$68767 | ETH-USD=$2085 | BNB-USD=$631 | XRP-USD=$1 | BTC-USD fr=-0.000054 | ETH-USD fr=0.000004
2026-03-22 08:58:13 [INFO] Status: 14 active, 210 disc, 8099 poly, 35666 price, 19300 flow, 12702 funding, 196 resolved | DOGE-USD=$0 | SOL-USD=$87 | BTC-USD=$68798 | ETH-USD=$2086 | BNB-USD=$631 | XRP-USD=$1 | BTC-USD fr=-0.000054 | ETH-USD fr=0.000004
2026-03-22 08:59:21 [INFO] Status: 14 active, 210 disc, 8183 poly, 36055 price, 19492 flow, 12840 funding, 196 resolved | DOGE-USD=$0 | SOL-USD=$87 | BTC-USD=$68814 | ETH-USD=$2087 | BNB-USD=$631 | XRP-USD=$1 | BTC-USD fr=-0.000054 | ETH-USD fr=0.000004
2026-03-22 09:00:15 [INFO] NEW BTC-USD Bitcoin Up or Down - March 22, 5:00AM-5:05AM ET yes=0.51 window=300s
2026-03-22 09:00:15 [INFO] NEW ETH-USD Ethereum Up or Down - March 22, 5:00AM-5:05AM ET yes=0.49 window=300s
2026-03-22 09:00:15 [INFO] NEW SOL-USD Solana Up or Down - March 22, 5:00AM-5:05AM ET yes=0.51 window=300s
2026-03-22 09:00:15 [INFO] NEW XRP-USD XRP Up or Down - March 22, 5:00AM-5:05AM ET yes=0.49 window=300s
2026-03-22 09:00:15 [INFO] NEW DOGE-USD Dogecoin Up or Down - March 22, 5:00AM-5:05AM ET yes=0.50 window=300s
2026-03-22 09:00:15 [INFO] NEW BNB-USD BNB Up or Down - March 22, 5:00AM-5:05AM ET yes=0.55 window=300s
2026-03-22 09:00:15 [INFO] NEW HYPE-USD Hyperliquid Up or Down - March 22, 5:00AM-5:05AM ET yes=0.50 window=300s
2026-03-22 09:00:15 [INFO] NEW BTC-USD Bitcoin Up or Down - March 22, 5:00AM-5:15AM ET yes=0.52 window=900s
2026-03-22 09:00:15 [INFO] NEW ETH-USD Ethereum Up or Down - March 22, 5:00AM-5:15AM ET yes=0.52 window=900s
2026-03-22 09:00:15 [INFO] NEW SOL-USD Solana Up or Down - March 22, 5:00AM-5:15AM ET yes=0.47 window=900s
2026-03-22 09:00:15 [INFO] NEW XRP-USD XRP Up or Down - March 22, 5:00AM-5:15AM ET yes=0.49 window=900s
2026-03-22 09:00:15 [INFO] NEW DOGE-USD Dogecoin Up or Down - March 22, 5:00AM-5:15AM ET yes=0.50 window=900s
2026-03-22 09:00:15 [INFO] NEW BNB-USD BNB Up or Down - March 22, 5:00AM-5:15AM ET yes=0.50 window=900s
2026-03-22 09:00:15 [INFO] NEW HYPE-USD Hyperliquid Up or Down - March 22, 5:00AM-5:15AM ET yes=0.50 window=900s
2026-03-22 09:00:15 [INFO] RESOLVED BTC-USD -> DOWN yes=0.50 Bitcoin Up or Down - March 22, 4:45AM-5:
2026-03-22 09:00:15 [INFO] RESOLVED ETH-USD -> DOWN yes=0.50 Ethereum Up or Down - March 22, 4:45AM-5
2026-03-22 09:00:15 [INFO] RESOLVED SOL-USD -> DOWN yes=0.50 Solana Up or Down - March 22, 4:45AM-5:0
2026-03-22 09:00:15 [INFO] RESOLVED XRP-USD -> DOWN yes=0.50 XRP Up or Down - March 22, 4:45AM-5:00AM
2026-03-22 09:00:15 [INFO] RESOLVED DOGE-USD -> DOWN yes=0.50 Dogecoin Up or Down - March 22, 4:45AM-5
2026-03-22 09:00:15 [INFO] RESOLVED BNB-USD -> DOWN yes=0.50 BNB Up or Down - March 22, 4:45AM-5:00AM
2026-03-22 09:00:15 [INFO] RESOLVED HYPE-USD -> DOWN yes=0.50 Hyperliquid Up or Down - March 22, 4:45A
2026-03-22 09:00:15 [INFO] RESOLVED BTC-USD -> DOWN yes=0.50 Bitcoin Up or Down - March 22, 4:55AM-5:
2026-03-22 09:00:15 [INFO] RESOLVED ETH-USD -> DOWN yes=0.50 Ethereum Up or Down - March 22, 4:55AM-5
2026-03-22 09:00:15 [INFO] RESOLVED SOL-USD -> DOWN yes=0.50 Solana Up or Down - March 22, 4:55AM-5:0
2026-03-22 09:00:15 [INFO] RESOLVED XRP-USD -> DOWN yes=0.50 XRP Up or Down - March 22, 4:55AM-5:00AM
2026-03-22 09:00:15 [INFO] RESOLVED DOGE-USD -> DOWN yes=0.50 Dogecoin Up or Down - March 22, 4:55AM-5
2026-03-22 09:00:15 [INFO] RESOLVED BNB-USD -> DOWN yes=0.50 BNB Up or Down - March 22, 4:55AM-5:00AM
2026-03-22 09:00:15 [INFO] RESOLVED HYPE-USD -> DOWN yes=0.50 Hyperliquid Up or Down - March 22, 4:55A
2026-03-22 09:00:25 [INFO] Status: 14 active, 224 disc, 8253 poly, 36420 price, 19691 flow, 12968 funding, 210 resolved | DOGE-USD=$0 | SOL-USD=$87 | BTC-USD=$68799 | ETH-USD=$2087 | BNB-USD=$631 | XRP-USD=$1 | BTC-USD fr=-0.000054 | ETH-USD fr=0.000004
2026-03-22 09:01:26 [INFO] Status: 14 active, 224 disc, 8323 poly, 36755 price, 19865 flow, 13090 funding, 210 resolved | DOGE-USD=$0 | SOL-USD=$87 | BTC-USD=$68829 | ETH-USD=$2087 | BNB-USD=$631 | XRP-USD=$1 | BTC-USD fr=-0.000054 | ETH-USD fr=0.000003
2026-03-22 09:02:34 [INFO] Status: 14 active, 224 disc, 8407 poly, 37129 price, 20059 flow, 13226 funding, 210 resolved | DOGE-USD=$0 | SOL-USD=$87 | BTC-USD=$68816 | ETH-USD=$2087 | BNB-USD=$631 | XRP-USD=$1 | BTC-USD fr=-0.000054 | ETH-USD fr=0.000003
2026-03-22 09:03:42 [INFO] Status: 14 active, 224 disc, 8491 poly, 37510 price, 20252 flow, 13362 funding, 210 resolved | DOGE-USD=$0 | SOL-USD=$87 | BTC-USD=$68802 | ETH-USD=$2087 | BNB-USD=$631 | XRP-USD=$1 | BTC-USD fr=-0.000054 | ETH-USD fr=0.000002
2026-03-22 09:04:49 [INFO] Status: 14 active, 224 disc, 8575 poly, 37877 price, 20431 flow, 13496 funding, 210 resolved | DOGE-USD=$0 | SOL-USD=$87 | BTC-USD=$68785 | ETH-USD=$2086 | BNB-USD=$631 | XRP-USD=$1 | BTC-USD fr=-0.000054 | ETH-USD fr=0.000002
2026-03-22 09:05:05 [INFO] NEW BTC-USD Bitcoin Up or Down - March 22, 5:05AM-5:10AM ET yes=0.49 window=300s
2026-03-22 09:05:05 [INFO] NEW ETH-USD Ethereum Up or Down - March 22, 5:05AM-5:10AM ET yes=0.50 window=300s
2026-03-22 09:05:05 [INFO] NEW SOL-USD Solana Up or Down - March 22, 5:05AM-5:10AM ET yes=0.48 window=300s
2026-03-22 09:05:05 [INFO] NEW XRP-USD XRP Up or Down - March 22, 5:05AM-5:10AM ET yes=0.47 window=300s
2026-03-22 09:05:05 [INFO] NEW DOGE-USD Dogecoin Up or Down - March 22, 5:05AM-5:10AM ET yes=0.45 window=300s
2026-03-22 09:05:05 [INFO] NEW BNB-USD BNB Up or Down - March 22, 5:05AM-5:10AM ET yes=0.55 window=300s
2026-03-22 09:05:05 [INFO] NEW HYPE-USD Hyperliquid Up or Down - March 22, 5:05AM-5:10AM ET yes=0.50 window=300s
2026-03-22 09:05:21 [INFO] RESOLVED BTC-USD -> DOWN yes=0.50 Bitcoin Up or Down - March 22, 5:00AM-5:
2026-03-22 09:05:21 [INFO] RESOLVED ETH-USD -> DOWN yes=0.50 Ethereum Up or Down - March 22, 5:00AM-5
2026-03-22 09:05:21 [INFO] RESOLVED SOL-USD -> DOWN yes=0.50 Solana Up or Down - March 22, 5:00AM-5:0
2026-03-22 09:05:21 [INFO] RESOLVED XRP-USD -> DOWN yes=0.50 XRP Up or Down - March 22, 5:00AM-5:05AM
2026-03-22 09:05:21 [INFO] RESOLVED DOGE-USD -> DOWN yes=0.50 Dogecoin Up or Down - March 22, 5:00AM-5
2026-03-22 09:05:21 [INFO] RESOLVED BNB-USD -> DOWN yes=0.50 BNB Up or Down - March 22, 5:00AM-5:05AM
2026-03-22 09:05:21 [INFO] RESOLVED HYPE-USD -> DOWN yes=0.50 Hyperliquid Up or Down - March 22, 5:00A
2026-03-22 09:05:50 [INFO] Status: 14 active, 231 disc, 8652 poly, 38210 price, 20601 flow, 13618 funding, 217 resolved | DOGE-USD=$0 | SOL-USD=$87 | BTC-USD=$68784 | ETH-USD=$2086 | BNB-USD=$631 | XRP-USD=$1 | BTC-USD fr=-0.000055 | ETH-USD fr=0.000001
2026-03-22 09:06:57 [INFO] Status: 14 active, 231 disc, 8736 poly, 38582 price, 20793 flow, 13752 funding, 217 resolved | DOGE-USD=$0 | SOL-USD=$87 | BTC-USD=$68815 | ETH-USD=$2089 | BNB-USD=$631 | XRP-USD=$1 | BTC-USD fr=-0.000055 | ETH-USD fr=0.000000
2026-03-22 09:08:02 [INFO] Status: 14 active, 231 disc, 8820 poly, 38950 price, 20992 flow, 13882 funding, 217 resolved | DOGE-USD=$0 | SOL-USD=$88 | BTC-USD=$68837 | ETH-USD=$2089 | BNB-USD=$631 | XRP-USD=$1 | BTC-USD fr=-0.000056 | ETH-USD fr=0.000001
2026-03-22 09:09:09 [INFO] Status: 14 active, 231 disc, 8904 poly, 39334 price, 21183 flow, 14016 funding, 217 resolved | DOGE-USD=$0 | SOL-USD=$88 | BTC-USD=$68849 | ETH-USD=$2091 | BNB-USD=$632 | XRP-USD=$1 | BTC-USD fr=-0.000056 | ETH-USD fr=0.000001
2026-03-22 09:10:09 [INFO] NEW BTC-USD Bitcoin Up or Down - March 22, 5:10AM-5:15AM ET yes=0.51 window=300s
2026-03-22 09:10:09 [INFO] NEW ETH-USD Ethereum Up or Down - March 22, 5:10AM-5:15AM ET yes=0.51 window=300s
2026-03-22 09:10:09 [INFO] NEW SOL-USD Solana Up or Down - March 22, 5:10AM-5:15AM ET yes=0.46 window=300s
2026-03-22 09:10:09 [INFO] NEW XRP-USD XRP Up or Down - March 22, 5:10AM-5:15AM ET yes=0.47 window=300s
2026-03-22 09:10:09 [INFO] NEW DOGE-USD Dogecoin Up or Down - March 22, 5:10AM-5:15AM ET yes=0.45 window=300s
2026-03-22 09:10:09 [INFO] NEW BNB-USD BNB Up or Down - March 22, 5:10AM-5:15AM ET yes=0.45 window=300s
2026-03-22 09:10:09 [INFO] NEW HYPE-USD Hyperliquid Up or Down - March 22, 5:10AM-5:15AM ET yes=0.50 window=300s
2026-03-22 09:10:21 [INFO] Status: 21 active, 238 disc, 8995 poly, 39731 price, 21399 flow, 14160 funding, 217 resolved | DOGE-USD=$0 | SOL-USD=$88 | BTC-USD=$68855 | ETH-USD=$2091 | BNB-USD=$631 | XRP-USD=$1 | BTC-USD fr=-0.000056 | ETH-USD fr=0.000002
2026-03-22 09:10:29 [INFO] RESOLVED BTC-USD -> DOWN yes=0.50 Bitcoin Up or Down - March 22, 5:05AM-5:
2026-03-22 09:10:29 [INFO] RESOLVED ETH-USD -> DOWN yes=0.50 Ethereum Up or Down - March 22, 5:05AM-5
2026-03-22 09:10:29 [INFO] RESOLVED SOL-USD -> DOWN yes=0.50 Solana Up or Down - March 22, 5:05AM-5:1
2026-03-22 09:10:29 [INFO] RESOLVED XRP-USD -> DOWN yes=0.50 XRP Up or Down - March 22, 5:05AM-5:10AM
2026-03-22 09:10:29 [INFO] RESOLVED DOGE-USD -> DOWN yes=0.50 Dogecoin Up or Down - March 22, 5:05AM-5
2026-03-22 09:10:29 [INFO] RESOLVED BNB-USD -> DOWN yes=0.50 BNB Up or Down - March 22, 5:05AM-5:10AM
2026-03-22 09:10:29 [INFO] RESOLVED HYPE-USD -> DOWN yes=0.50 Hyperliquid Up or Down - March 22, 5:05A
2026-03-22 09:11:17 [INFO] Status: 14 active, 238 disc, 9065 poly, 40037 price, 21558 flow, 14272 funding, 224 resolved | DOGE-USD=$0 | SOL-USD=$88 | BTC-USD=$68842 | ETH-USD=$2090 | BNB-USD=$631 | XRP-USD=$1 | BTC-USD fr=-0.000056 | ETH-USD fr=0.000002
2026-03-22 09:12:21 [INFO] Status: 14 active, 238 disc, 9149 poly, 40391 price, 21755 flow, 14400 funding, 224 resolved | DOGE-USD=$0 | SOL-USD=$88 | BTC-USD=$68829 | ETH-USD=$2090 | BNB-USD=$631 | XRP-USD=$1 | BTC-USD fr=-0.000056 | ETH-USD fr=0.000002
2026-03-22 09:13:26 [INFO] Status: 14 active, 238 disc, 9233 poly, 40748 price, 21941 flow, 14530 funding, 224 resolved | DOGE-USD=$0 | SOL-USD=$88 | BTC-USD=$68877 | ETH-USD=$2092 | BNB-USD=$632 | XRP-USD=$1 | BTC-USD fr=-0.000056 | ETH-USD fr=0.000001
2026-03-22 09:14:31 [INFO] Status: 14 active, 238 disc, 9317 poly, 41098 price, 22112 flow, 14658 funding, 224 resolved | DOGE-USD=$0 | SOL-USD=$88 | BTC-USD=$68859 | ETH-USD=$2092 | BNB-USD=$632 | XRP-USD=$1 | BTC-USD fr=-0.000056 | ETH-USD fr=0.000001
2026-03-22 09:15:07 [INFO] NEW BTC-USD Bitcoin Up or Down - March 22, 5:15AM-5:20AM ET yes=0.51 window=300s
2026-03-22 09:15:07 [INFO] NEW ETH-USD Ethereum Up or Down - March 22, 5:15AM-5:20AM ET yes=0.51 window=300s
2026-03-22 09:15:07 [INFO] NEW SOL-USD Solana Up or Down - March 22, 5:15AM-5:20AM ET yes=0.47 window=300s
2026-03-22 09:15:07 [INFO] NEW XRP-USD XRP Up or Down - March 22, 5:15AM-5:20AM ET yes=0.46 window=300s
2026-03-22 09:15:07 [INFO] NEW DOGE-USD Dogecoin Up or Down - March 22, 5:15AM-5:20AM ET yes=0.50 window=300s
2026-03-22 09:15:07 [INFO] NEW BNB-USD BNB Up or Down - March 22, 5:15AM-5:20AM ET yes=0.45 window=300s
2026-03-22 09:15:07 [INFO] NEW HYPE-USD Hyperliquid Up or Down - March 22, 5:15AM-5:20AM ET yes=0.50 window=300s
2026-03-22 09:15:07 [INFO] NEW BTC-USD Bitcoin Up or Down - March 22, 5:15AM-5:30AM ET yes=0.46 window=900s
2026-03-22 09:15:07 [INFO] NEW ETH-USD Ethereum Up or Down - March 22, 5:15AM-5:30AM ET yes=0.44 window=900s
2026-03-22 09:15:07 [INFO] NEW SOL-USD Solana Up or Down - March 22, 5:15AM-5:30AM ET yes=0.42 window=900s
2026-03-22 09:15:07 [INFO] NEW XRP-USD XRP Up or Down - March 22, 5:15AM-5:30AM ET yes=0.42 window=900s
2026-03-22 09:15:07 [INFO] NEW DOGE-USD Dogecoin Up or Down - March 22, 5:15AM-5:30AM ET yes=0.50 window=900s
2026-03-22 09:15:07 [INFO] NEW BNB-USD BNB Up or Down - March 22, 5:15AM-5:30AM ET yes=0.50 window=900s
2026-03-22 09:15:07 [INFO] NEW HYPE-USD Hyperliquid Up or Down - March 22, 5:15AM-5:30AM ET yes=0.50 window=900s
2026-03-22 09:15:26 [INFO] RESOLVED BTC-USD -> DOWN yes=0.50 Bitcoin Up or Down - March 22, 5:00AM-5:
2026-03-22 09:15:26 [INFO] RESOLVED ETH-USD -> DOWN yes=0.50 Ethereum Up or Down - March 22, 5:00AM-5
2026-03-22 09:15:26 [INFO] RESOLVED SOL-USD -> DOWN yes=0.50 Solana Up or Down - March 22, 5:00AM-5:1
2026-03-22 09:15:26 [INFO] RESOLVED XRP-USD -> DOWN yes=0.50 XRP Up or Down - March 22, 5:00AM-5:15AM
2026-03-22 09:15:26 [INFO] RESOLVED DOGE-USD -> DOWN yes=0.50 Dogecoin Up or Down - March 22, 5:00AM-5
2026-03-22 09:15:26 [INFO] RESOLVED BNB-USD -> DOWN yes=0.50 BNB Up or Down - March 22, 5:00AM-5:15AM
2026-03-22 09:15:26 [INFO] RESOLVED HYPE-USD -> DOWN yes=0.50 Hyperliquid Up or Down - March 22, 5:00A
2026-03-22 09:15:26 [INFO] RESOLVED BTC-USD -> DOWN yes=0.50 Bitcoin Up or Down - March 22, 5:10AM-5:
2026-03-22 09:15:26 [INFO] RESOLVED ETH-USD -> DOWN yes=0.50 Ethereum Up or Down - March 22, 5:10AM-5
2026-03-22 09:15:26 [INFO] RESOLVED SOL-USD -> DOWN yes=0.50 Solana Up or Down - March 22, 5:10AM-5:1
2026-03-22 09:15:26 [INFO] RESOLVED XRP-USD -> DOWN yes=0.50 XRP Up or Down - March 22, 5:10AM-5:15AM
2026-03-22 09:15:26 [INFO] RESOLVED DOGE-USD -> DOWN yes=0.50 Dogecoin Up or Down - March 22, 5:10AM-5
2026-03-22 09:15:26 [INFO] RESOLVED BNB-USD -> DOWN yes=0.50 BNB Up or Down - March 22, 5:10AM-5:15AM
2026-03-22 09:15:26 [INFO] RESOLVED HYPE-USD -> DOWN yes=0.50 Hyperliquid Up or Down - March 22, 5:10A
2026-03-22 09:15:33 [INFO] Status: 14 active, 252 disc, 9401 poly, 41446 price, 22303 flow, 14784 funding, 238 resolved | DOGE-USD=$0 | SOL-USD=$88 | BTC-USD=$68880 | ETH-USD=$2094 | BNB-USD=$632 | XRP-USD=$1 | BTC-USD fr=-0.000056 | ETH-USD fr=0.000001
2026-03-22 09:16:37 [INFO] Status: 14 active, 252 disc, 9485 poly, 41813 price, 22517 flow, 14910 funding, 238 resolved | DOGE-USD=$0 | SOL-USD=$87 | BTC-USD=$68790 | ETH-USD=$2089 | BNB-USD=$631 | XRP-USD=$1 | BTC-USD fr=-0.000056 | ETH-USD fr=0.000000
2026-03-22 09:17:40 [INFO] Status: 14 active, 252 disc, 9569 poly, 42172 price, 22703 flow, 15038 funding, 238 resolved | DOGE-USD=$0 | SOL-USD=$87 | BTC-USD=$68769 | ETH-USD=$2088 | BNB-USD=$631 | XRP-USD=$1 | BTC-USD fr=-0.000057 | ETH-USD fr=-0.000001
2026-03-22 09:18:44 [INFO] Status: 14 active, 252 disc, 9653 poly, 42550 price, 22939 flow, 15166 funding, 238 resolved | DOGE-USD=$0 | SOL-USD=$87 | BTC-USD=$68663 | ETH-USD=$2082 | BNB-USD=$630 | XRP-USD=$1 | BTC-USD fr=-0.000057 | ETH-USD fr=-0.000001
2026-03-22 09:19:48 [INFO] Status: 14 active, 252 disc, 9737 poly, 42916 price, 23146 flow, 15294 funding, 238 resolved | DOGE-USD=$0 | SOL-USD=$87 | BTC-USD=$68736 | ETH-USD=$2084 | BNB-USD=$631 | XRP-USD=$1 | BTC-USD fr=-0.000058 | ETH-USD fr=-0.000002
2026-03-22 09:20:03 [INFO] NEW BTC-USD Bitcoin Up or Down - March 22, 5:20AM-5:25AM ET yes=0.49 window=300s
2026-03-22 09:20:03 [INFO] NEW ETH-USD Ethereum Up or Down - March 22, 5:20AM-5:25AM ET yes=0.47 window=300s
2026-03-22 09:20:03 [INFO] NEW SOL-USD Solana Up or Down - March 22, 5:20AM-5:25AM ET yes=0.47 window=300s
2026-03-22 09:20:03 [INFO] NEW XRP-USD XRP Up or Down - March 22, 5:20AM-5:25AM ET yes=0.47 window=300s
2026-03-22 09:20:03 [INFO] NEW DOGE-USD Dogecoin Up or Down - March 22, 5:20AM-5:25AM ET yes=0.45 window=300s
2026-03-22 09:20:03 [INFO] NEW BNB-USD BNB Up or Down - March 22, 5:20AM-5:25AM ET yes=0.45 window=300s
2026-03-22 09:20:03 [INFO] NEW HYPE-USD Hyperliquid Up or Down - March 22, 5:20AM-5:25AM ET yes=0.50 window=300s
2026-03-22 09:20:19 [INFO] RESOLVED BTC-USD -> DOWN yes=0.50 Bitcoin Up or Down - March 22, 5:15AM-5:
2026-03-22 09:20:19 [INFO] RESOLVED ETH-USD -> DOWN yes=0.50 Ethereum Up or Down - March 22, 5:15AM-5
2026-03-22 09:20:19 [INFO] RESOLVED SOL-USD -> DOWN yes=0.50 Solana Up or Down - March 22, 5:15AM-5:2
2026-03-22 09:20:19 [INFO] RESOLVED XRP-USD -> DOWN yes=0.50 XRP Up or Down - March 22, 5:15AM-5:20AM
2026-03-22 09:20:19 [INFO] RESOLVED DOGE-USD -> DOWN yes=0.50 Dogecoin Up or Down - March 22, 5:15AM-5
2026-03-22 09:20:19 [INFO] RESOLVED BNB-USD -> DOWN yes=0.50 BNB Up or Down - March 22, 5:15AM-5:20AM
2026-03-22 09:20:19 [INFO] RESOLVED HYPE-USD -> DOWN yes=0.50 Hyperliquid Up or Down - March 22, 5:15A
2026-03-22 09:20:50 [INFO] Status: 14 active, 259 disc, 9814 poly, 43272 price, 23353 flow, 15416 funding, 245 resolved | DOGE-USD=$0 | SOL-USD=$87 | BTC-USD=$68787 | ETH-USD=$2085 | BNB-USD=$631 | XRP-USD=$1 | BTC-USD fr=-0.000059 | ETH-USD fr=-0.000003
2026-03-22 09:21:53 [INFO] Status: 14 active, 259 disc, 9898 poly, 43626 price, 23524 flow, 15544 funding, 245 resolved | DOGE-USD=$0 | SOL-USD=$87 | BTC-USD=$68795 | ETH-USD=$2085 | BNB-USD=$631 | XRP-USD=$1 | BTC-USD fr=-0.000059 | ETH-USD fr=-0.000004
2026-03-22 09:22:57 [INFO] Status: 14 active, 259 disc, 9982 poly, 43975 price, 23692 flow, 15672 funding, 245 resolved | DOGE-USD=$0 | SOL-USD=$87 | BTC-USD=$68782 | ETH-USD=$2084 | BNB-USD=$631 | XRP-USD=$1 | BTC-USD fr=-0.000059 | ETH-USD fr=-0.000004
2026-03-22 09:24:01 [INFO] Status: 14 active, 259 disc, 10066 poly, 44323 price, 23867 flow, 15800 funding, 245 resolved | DOGE-USD=$0 | SOL-USD=$87 | BTC-USD=$68757 | ETH-USD=$2083 | BNB-USD=$631 | XRP-USD=$1 | BTC-USD fr=-0.000060 | ETH-USD fr=-0.000004
2026-03-22 09:25:06 [INFO] Status: 14 active, 259 disc, 10150 poly, 44690 price, 24064 flow, 15930 funding, 245 resolved | DOGE-USD=$0 | SOL-USD=$87 | BTC-USD=$68635 | ETH-USD=$2081 | BNB-USD=$630 | XRP-USD=$1 | BTC-USD fr=-0.000060 | ETH-USD fr=-0.000004
2026-03-22 09:25:10 [INFO] NEW BTC-USD Bitcoin Up or Down - March 22, 5:25AM-5:30AM ET yes=0.55 window=300s
2026-03-22 09:25:10 [INFO] NEW ETH-USD Ethereum Up or Down - March 22, 5:25AM-5:30AM ET yes=0.52 window=300s
2026-03-22 09:25:10 [INFO] NEW SOL-USD Solana Up or Down - March 22, 5:25AM-5:30AM ET yes=0.54 window=300s
2026-03-22 09:25:10 [INFO] NEW XRP-USD XRP Up or Down - March 22, 5:25AM-5:30AM ET yes=0.51 window=300s
2026-03-22 09:25:10 [INFO] NEW DOGE-USD Dogecoin Up or Down - March 22, 5:25AM-5:30AM ET yes=0.45 window=300s
2026-03-22 09:25:10 [INFO] NEW BNB-USD BNB Up or Down - March 22, 5:25AM-5:30AM ET yes=0.50 window=300s
2026-03-22 09:25:10 [INFO] NEW HYPE-USD Hyperliquid Up or Down - March 22, 5:25AM-5:30AM ET yes=0.50 window=300s
2026-03-22 09:25:28 [INFO] RESOLVED BTC-USD -> DOWN yes=0.50 Bitcoin Up or Down - March 22, 5:20AM-5:
2026-03-22 09:25:28 [INFO] RESOLVED ETH-USD -> DOWN yes=0.50 Ethereum Up or Down - March 22, 5:20AM-5
2026-03-22 09:25:28 [INFO] RESOLVED SOL-USD -> DOWN yes=0.50 Solana Up or Down - March 22, 5:20AM-5:2
2026-03-22 09:25:28 [INFO] RESOLVED XRP-USD -> DOWN yes=0.50 XRP Up or Down - March 22, 5:20AM-5:25AM
2026-03-22 09:25:28 [INFO] RESOLVED DOGE-USD -> DOWN yes=0.50 Dogecoin Up or Down - March 22, 5:20AM-5
2026-03-22 09:25:28 [INFO] RESOLVED BNB-USD -> DOWN yes=0.50 BNB Up or Down - March 22, 5:20AM-5:25AM
2026-03-22 09:25:28 [INFO] RESOLVED HYPE-USD -> DOWN yes=0.50 Hyperliquid Up or Down - March 22, 5:20A
2026-03-22 09:26:15 [INFO] Status: 14 active, 266 disc, 10241 poly, 45095 price, 24308 flow, 16068 funding, 252 resolved | DOGE-USD=$0 | SOL-USD=$87 | BTC-USD=$68635 | ETH-USD=$2081 | BNB-USD=$630 | XRP-USD=$1 | BTC-USD fr=-0.000061 | ETH-USD fr=-0.000005
2026-03-22 09:27:19 [INFO] Status: 14 active, 266 disc, 10325 poly, 45469 price, 24516 flow, 16196 funding, 252 resolved | DOGE-USD=$0 | SOL-USD=$87 | BTC-USD=$68680 | ETH-USD=$2082 | BNB-USD=$630 | XRP-USD=$1 | BTC-USD fr=-0.000062 | ETH-USD fr=-0.000006
2026-03-22 09:28:26 [INFO] Status: 14 active, 266 disc, 10409 poly, 45838 price, 24705 flow, 16330 funding, 252 resolved | DOGE-USD=$0 | SOL-USD=$87 | BTC-USD=$68659 | ETH-USD=$2082 | BNB-USD=$630 | XRP-USD=$1 | BTC-USD fr=-0.000061 | ETH-USD fr=-0.000006
2026-03-22 09:29:29 [INFO] Status: 14 active, 266 disc, 10493 poly, 46173 price, 24886 flow, 16456 funding, 252 resolved | DOGE-USD=$0 | SOL-USD=$87 | BTC-USD=$68663 | ETH-USD=$2082 | BNB-USD=$630 | XRP-USD=$1 | BTC-USD fr=-0.000061 | ETH-USD fr=-0.000006
2026-03-22 09:30:05 [INFO] NEW BTC-USD Bitcoin Up or Down - March 22, 5:30AM-5:35AM ET yes=0.54 window=300s
2026-03-22 09:30:05 [INFO] NEW ETH-USD Ethereum Up or Down - March 22, 5:30AM-5:35AM ET yes=0.54 window=300s
2026-03-22 09:30:05 [INFO] NEW SOL-USD Solana Up or Down - March 22, 5:30AM-5:35AM ET yes=0.53 window=300s
2026-03-22 09:30:05 [INFO] NEW XRP-USD XRP Up or Down - March 22, 5:30AM-5:35AM ET yes=0.53 window=300s
2026-03-22 09:30:05 [INFO] NEW DOGE-USD Dogecoin Up or Down - March 22, 5:30AM-5:35AM ET yes=0.50 window=300s
2026-03-22 09:30:05 [INFO] NEW BNB-USD BNB Up or Down - March 22, 5:30AM-5:35AM ET yes=0.50 window=300s
2026-03-22 09:30:05 [INFO] NEW HYPE-USD Hyperliquid Up or Down - March 22, 5:30AM-5:35AM ET yes=0.50 window=300s
2026-03-22 09:30:05 [INFO] NEW BTC-USD Bitcoin Up or Down - March 22, 5:30AM-5:45AM ET yes=0.54 window=900s
2026-03-22 09:30:05 [INFO] NEW ETH-USD Ethereum Up or Down - March 22, 5:30AM-5:45AM ET yes=0.56 window=900s
2026-03-22 09:30:05 [INFO] NEW SOL-USD Solana Up or Down - March 22, 5:30AM-5:45AM ET yes=0.54 window=900s
2026-03-22 09:30:05 [INFO] NEW XRP-USD XRP Up or Down - March 22, 5:30AM-5:45AM ET yes=0.56 window=900s
2026-03-22 09:30:05 [INFO] NEW DOGE-USD Dogecoin Up or Down - March 22, 5:30AM-5:45AM ET yes=0.50 window=900s
2026-03-22 09:30:05 [INFO] NEW BNB-USD BNB Up or Down - March 22, 5:30AM-5:45AM ET yes=0.50 window=900s
2026-03-22 09:30:05 [INFO] NEW HYPE-USD Hyperliquid Up or Down - March 22, 5:30AM-5:45AM ET yes=0.50 window=900s
2026-03-22 09:30:25 [INFO] RESOLVED BTC-USD -> DOWN yes=0.50 Bitcoin Up or Down - March 22, 5:15AM-5:
2026-03-22 09:30:25 [INFO] RESOLVED ETH-USD -> DOWN yes=0.50 Ethereum Up or Down - March 22, 5:15AM-5
2026-03-22 09:30:25 [INFO] RESOLVED SOL-USD -> DOWN yes=0.50 Solana Up or Down - March 22, 5:15AM-5:3
2026-03-22 09:30:25 [INFO] RESOLVED XRP-USD -> DOWN yes=0.50 XRP Up or Down - March 22, 5:15AM-5:30AM
2026-03-22 09:30:25 [INFO] RESOLVED DOGE-USD -> DOWN yes=0.50 Dogecoin Up or Down - March 22, 5:15AM-5
2026-03-22 09:30:25 [INFO] RESOLVED BNB-USD -> DOWN yes=0.50 BNB Up or Down - March 22, 5:15AM-5:30AM
2026-03-22 09:30:25 [INFO] RESOLVED HYPE-USD -> DOWN yes=0.50 Hyperliquid Up or Down - March 22, 5:15A
2026-03-22 09:30:25 [INFO] RESOLVED BTC-USD -> DOWN yes=0.50 Bitcoin Up or Down - March 22, 5:25AM-5:
2026-03-22 09:30:25 [INFO] RESOLVED ETH-USD -> DOWN yes=0.50 Ethereum Up or Down - March 22, 5:25AM-5
2026-03-22 09:30:25 [INFO] RESOLVED SOL-USD -> DOWN yes=0.50 Solana Up or Down - March 22, 5:25AM-5:3
2026-03-22 09:30:25 [INFO] RESOLVED XRP-USD -> DOWN yes=0.50 XRP Up or Down - March 22, 5:25AM-5:30AM
2026-03-22 09:30:25 [INFO] RESOLVED DOGE-USD -> DOWN yes=0.50 Dogecoin Up or Down - March 22, 5:25AM-5
2026-03-22 09:30:25 [INFO] RESOLVED BNB-USD -> DOWN yes=0.50 BNB Up or Down - March 22, 5:25AM-5:30AM
2026-03-22 09:30:25 [INFO] RESOLVED HYPE-USD -> DOWN yes=0.50 Hyperliquid Up or Down - March 22, 5:25A
2026-03-22 09:30:33 [INFO] Status: 14 active, 280 disc, 10577 poly, 46516 price, 25063 flow, 16584 funding, 266 resolved | DOGE-USD=$0 | SOL-USD=$87 | BTC-USD=$68667 | ETH-USD=$2083 | BNB-USD=$630 | XRP-USD=$1 | BTC-USD fr=-0.000062 | ETH-USD fr=-0.000006
2026-03-22 09:31:36 [INFO] Status: 14 active, 280 disc, 10661 poly, 46862 price, 25229 flow, 16710 funding, 266 resolved | DOGE-USD=$0 | SOL-USD=$87 | BTC-USD=$68686 | ETH-USD=$2083 | BNB-USD=$630 | XRP-USD=$1 | BTC-USD fr=-0.000062 | ETH-USD fr=-0.000007
2026-03-22 09:32:39 [INFO] Status: 14 active, 280 disc, 10745 poly, 47209 price, 25396 flow, 16836 funding, 266 resolved | DOGE-USD=$0 | SOL-USD=$87 | BTC-USD=$68665 | ETH-USD=$2083 | BNB-USD=$630 | XRP-USD=$1 | BTC-USD fr=-0.000062 | ETH-USD fr=-0.000007
2026-03-22 09:33:42 [INFO] Status: 14 active, 280 disc, 10829 poly, 47554 price, 25564 flow, 16962 funding, 266 resolved | DOGE-USD=$0 | SOL-USD=$87 | BTC-USD=$68662 | ETH-USD=$2083 | BNB-USD=$630 | XRP-USD=$1 | BTC-USD fr=-0.000062 | ETH-USD fr=-0.000007
2026-03-22 09:34:46 [INFO] Status: 14 active, 280 disc, 10913 poly, 47912 price, 25753 flow, 17090 funding, 266 resolved | DOGE-USD=$0 | SOL-USD=$87 | BTC-USD=$68700 | ETH-USD=$2084 | BNB-USD=$631 | XRP-USD=$1 | BTC-USD fr=-0.000062 | ETH-USD fr=-0.000008
2026-03-22 09:35:14 [INFO] NEW BTC-USD Bitcoin Up or Down - March 22, 5:35AM-5:40AM ET yes=0.52 window=300s
2026-03-22 09:35:14 [INFO] NEW ETH-USD Ethereum Up or Down - March 22, 5:35AM-5:40AM ET yes=0.54 window=300s
2026-03-22 09:35:14 [INFO] NEW SOL-USD Solana Up or Down - March 22, 5:35AM-5:40AM ET yes=0.54 window=300s
2026-03-22 09:35:14 [INFO] NEW XRP-USD XRP Up or Down - March 22, 5:35AM-5:40AM ET yes=0.50 window=300s
2026-03-22 09:35:14 [INFO] NEW DOGE-USD Dogecoin Up or Down - March 22, 5:35AM-5:40AM ET yes=0.50 window=300s
2026-03-22 09:35:14 [INFO] NEW BNB-USD BNB Up or Down - March 22, 5:35AM-5:40AM ET yes=0.55 window=300s
2026-03-22 09:35:14 [INFO] NEW HYPE-USD Hyperliquid Up or Down - March 22, 5:35AM-5:40AM ET yes=0.50 window=300s
2026-03-22 09:35:14 [INFO] RESOLVED BTC-USD -> DOWN yes=0.50 Bitcoin Up or Down - March 22, 5:30AM-5:
2026-03-22 09:35:14 [INFO] RESOLVED ETH-USD -> DOWN yes=0.50 Ethereum Up or Down - March 22, 5:30AM-5
2026-03-22 09:35:14 [INFO] RESOLVED SOL-USD -> DOWN yes=0.50 Solana Up or Down - March 22, 5:30AM-5:3
2026-03-22 09:35:14 [INFO] RESOLVED XRP-USD -> DOWN yes=0.50 XRP Up or Down - March 22, 5:30AM-5:35AM
2026-03-22 09:35:14 [INFO] RESOLVED DOGE-USD -> DOWN yes=0.50 Dogecoin Up or Down - March 22, 5:30AM-5
2026-03-22 09:35:14 [INFO] RESOLVED BNB-USD -> DOWN yes=0.50 BNB Up or Down - March 22, 5:30AM-5:35AM
2026-03-22 09:35:14 [INFO] RESOLVED HYPE-USD -> DOWN yes=0.50 Hyperliquid Up or Down - March 22, 5:30A
2026-03-22 09:35:55 [INFO] Status: 14 active, 287 disc, 10997 poly, 48292 price, 25941 flow, 17228 funding, 273 resolved | DOGE-USD=$0 | SOL-USD=$87 | BTC-USD=$68728 | ETH-USD=$2085 | BNB-USD=$631 | XRP-USD=$1 | BTC-USD fr=-0.000062 | ETH-USD fr=-0.000008
2026-03-22 09:37:00 [INFO] Status: 14 active, 287 disc, 11081 poly, 48632 price, 26117 flow, 17356 funding, 273 resolved | DOGE-USD=$0 | SOL-USD=$87 | BTC-USD=$68722 | ETH-USD=$2084 | BNB-USD=$631 | XRP-USD=$1 | BTC-USD fr=-0.000062 | ETH-USD fr=-0.000008
2026-03-22 09:38:05 [INFO] Status: 14 active, 287 disc, 11165 poly, 48999 price, 26299 flow, 17488 funding, 273 resolved | DOGE-USD=$0 | SOL-USD=$87 | BTC-USD=$68755 | ETH-USD=$2086 | BNB-USD=$631 | XRP-USD=$1 | BTC-USD fr=-0.000062 | ETH-USD fr=-0.000009
2026-03-22 09:39:10 [INFO] Status: 14 active, 287 disc, 11249 poly, 49363 price, 26479 flow, 17618 funding, 273 resolved | DOGE-USD=$0 | SOL-USD=$87 | BTC-USD=$68774 | ETH-USD=$2086 | BNB-USD=$631 | XRP-USD=$1 | BTC-USD fr=-0.000062 | ETH-USD fr=-0.000009
2026-03-22 09:40:07 [INFO] NEW BTC-USD Bitcoin Up or Down - March 22, 5:40AM-5:45AM ET yes=0.53 window=300s
2026-03-22 09:40:07 [INFO] NEW ETH-USD Ethereum Up or Down - March 22, 5:40AM-5:45AM ET yes=0.51 window=300s
2026-03-22 09:40:07 [INFO] NEW SOL-USD Solana Up or Down - March 22, 5:40AM-5:45AM ET yes=0.52 window=300s
2026-03-22 09:40:07 [INFO] NEW XRP-USD XRP Up or Down - March 22, 5:40AM-5:45AM ET yes=0.51 window=300s
2026-03-22 09:40:07 [INFO] NEW DOGE-USD Dogecoin Up or Down - March 22, 5:40AM-5:45AM ET yes=0.50 window=300s
2026-03-22 09:40:07 [INFO] NEW BNB-USD BNB Up or Down - March 22, 5:40AM-5:45AM ET yes=0.55 window=300s
2026-03-22 09:40:07 [INFO] NEW HYPE-USD Hyperliquid Up or Down - March 22, 5:40AM-5:45AM ET yes=0.50 window=300s
2026-03-22 09:40:20 [INFO] Status: 21 active, 294 disc, 11340 poly, 49753 price, 26672 flow, 17758 funding, 273 resolved | DOGE-USD=$0 | SOL-USD=$87 | BTC-USD=$68774 | ETH-USD=$2086 | BNB-USD=$631 | XRP-USD=$1 | BTC-USD fr=-0.000062 | ETH-USD fr=-0.000009
2026-03-22 09:40:27 [INFO] RESOLVED BTC-USD -> DOWN yes=0.50 Bitcoin Up or Down - March 22, 5:35AM-5:
2026-03-22 09:40:27 [INFO] RESOLVED ETH-USD -> DOWN yes=0.50 Ethereum Up or Down - March 22, 5:35AM-5
2026-03-22 09:40:27 [INFO] RESOLVED SOL-USD -> DOWN yes=0.50 Solana Up or Down - March 22, 5:35AM-5:4
2026-03-22 09:40:27 [INFO] RESOLVED XRP-USD -> DOWN yes=0.50 XRP Up or Down - March 22, 5:35AM-5:40AM
2026-03-22 09:40:27 [INFO] RESOLVED DOGE-USD -> DOWN yes=0.50 Dogecoin Up or Down - March 22, 5:35AM-5
2026-03-22 09:40:27 [INFO] RESOLVED BNB-USD -> DOWN yes=0.50 BNB Up or Down - March 22, 5:35AM-5:40AM
2026-03-22 09:40:27 [INFO] RESOLVED HYPE-USD -> DOWN yes=0.50 Hyperliquid Up or Down - March 22, 5:35A
2026-03-22 09:41:23 [INFO] Status: 14 active, 294 disc, 11424 poly, 50095 price, 26839 flow, 17884 funding, 280 resolved | DOGE-USD=$0 | SOL-USD=$87 | BTC-USD=$68793 | ETH-USD=$2086 | BNB-USD=$631 | XRP-USD=$1 | BTC-USD fr=-0.000062 | ETH-USD fr=-0.000009
2026-03-22 09:42:25 [INFO] Status: 14 active, 294 disc, 11508 poly, 50448 price, 27007 flow, 18008 funding, 280 resolved | DOGE-USD=$0 | SOL-USD=$87 | BTC-USD=$68813 | ETH-USD=$2086 | BNB-USD=$631 | XRP-USD=$1 | BTC-USD fr=-0.000062 | ETH-USD fr=-0.000010
2026-03-22 09:43:28 [INFO] Status: 14 active, 294 disc, 11592 poly, 50794 price, 27183 flow, 18134 funding, 280 resolved | DOGE-USD=$0 | SOL-USD=$87 | BTC-USD=$68795 | ETH-USD=$2086 | BNB-USD=$631 | XRP-USD=$1 | BTC-USD fr=-0.000062 | ETH-USD fr=-0.000010
2026-03-22 09:44:31 [INFO] Status: 14 active, 294 disc, 11676 poly, 51130 price, 27347 flow, 18260 funding, 280 resolved | DOGE-USD=$0 | SOL-USD=$87 | BTC-USD=$68783 | ETH-USD=$2085 | BNB-USD=$631 | XRP-USD=$1 | BTC-USD fr=-0.000062 | ETH-USD fr=-0.000011
2026-03-22 09:45:08 [INFO] NEW BTC-USD Bitcoin Up or Down - March 22, 5:45AM-5:50AM ET yes=0.51 window=300s
2026-03-22 09:45:08 [INFO] NEW ETH-USD Ethereum Up or Down - March 22, 5:45AM-5:50AM ET yes=0.52 window=300s
2026-03-22 09:45:08 [INFO] NEW SOL-USD Solana Up or Down - March 22, 5:45AM-5:50AM ET yes=0.52 window=300s
2026-03-22 09:45:08 [INFO] NEW XRP-USD XRP Up or Down - March 22, 5:45AM-5:50AM ET yes=0.51 window=300s
2026-03-22 09:45:08 [INFO] NEW DOGE-USD Dogecoin Up or Down - March 22, 5:45AM-5:50AM ET yes=0.50 window=300s
2026-03-22 09:45:08 [INFO] NEW BNB-USD BNB Up or Down - March 22, 5:45AM-5:50AM ET yes=0.50 window=300s
2026-03-22 09:45:08 [INFO] NEW HYPE-USD Hyperliquid Up or Down - March 22, 5:45AM-5:50AM ET yes=0.50 window=300s
2026-03-22 09:45:08 [INFO] NEW BTC-USD Bitcoin Up or Down - March 22, 5:45AM-6:00AM ET yes=0.51 window=900s
2026-03-22 09:45:08 [INFO] NEW ETH-USD Ethereum Up or Down - March 22, 5:45AM-6:00AM ET yes=0.52 window=900s
2026-03-22 09:45:08 [INFO] NEW SOL-USD Solana Up or Down - March 22, 5:45AM-6:00AM ET yes=0.49 window=900s
2026-03-22 09:45:08 [INFO] NEW XRP-USD XRP Up or Down - March 22, 5:45AM-6:00AM ET yes=0.52 window=900s
2026-03-22 09:45:08 [INFO] NEW DOGE-USD Dogecoin Up or Down - March 22, 5:45AM-6:00AM ET yes=0.50 window=900s
2026-03-22 09:45:08 [INFO] NEW BNB-USD BNB Up or Down - March 22, 5:45AM-6:00AM ET yes=0.50 window=900s
2026-03-22 09:45:08 [INFO] NEW HYPE-USD Hyperliquid Up or Down - March 22, 5:45AM-6:00AM ET yes=0.50 window=900s
2026-03-22 09:45:26 [INFO] RESOLVED BTC-USD -> DOWN yes=0.50 Bitcoin Up or Down - March 22, 5:30AM-5:
2026-03-22 09:45:26 [INFO] RESOLVED ETH-USD -> DOWN yes=0.50 Ethereum Up or Down - March 22, 5:30AM-5
2026-03-22 09:45:26 [INFO] RESOLVED SOL-USD -> DOWN yes=0.50 Solana Up or Down - March 22, 5:30AM-5:4
2026-03-22 09:45:26 [INFO] RESOLVED XRP-USD -> DOWN yes=0.50 XRP Up or Down - March 22, 5:30AM-5:45AM
2026-03-22 09:45:26 [INFO] RESOLVED DOGE-USD -> DOWN yes=0.50 Dogecoin Up or Down - March 22, 5:30AM-5
2026-03-22 09:45:26 [INFO] RESOLVED BNB-USD -> DOWN yes=0.50 BNB Up or Down - March 22, 5:30AM-5:45AM
2026-03-22 09:45:26 [INFO] RESOLVED HYPE-USD -> DOWN yes=0.50 Hyperliquid Up or Down - March 22, 5:30A
2026-03-22 09:45:26 [INFO] RESOLVED BTC-USD -> DOWN yes=0.50 Bitcoin Up or Down - March 22, 5:40AM-5:
2026-03-22 09:45:26 [INFO] RESOLVED ETH-USD -> DOWN yes=0.50 Ethereum Up or Down - March 22, 5:40AM-5
2026-03-22 09:45:26 [INFO] RESOLVED SOL-USD -> DOWN yes=0.50 Solana Up or Down - March 22, 5:40AM-5:4
2026-03-22 09:45:26 [INFO] RESOLVED XRP-USD -> DOWN yes=0.50 XRP Up or Down - March 22, 5:40AM-5:45AM
2026-03-22 09:45:26 [INFO] RESOLVED DOGE-USD -> DOWN yes=0.50 Dogecoin Up or Down - March 22, 5:40AM-5
2026-03-22 09:45:26 [INFO] RESOLVED BNB-USD -> DOWN yes=0.50 BNB Up or Down - March 22, 5:40AM-5:45AM
2026-03-22 09:45:26 [INFO] RESOLVED HYPE-USD -> DOWN yes=0.50 Hyperliquid Up or Down - March 22, 5:40A
2026-03-22 09:45:33 [INFO] Status: 14 active, 308 disc, 11760 poly, 51461 price, 27525 flow, 18384 funding, 294 resolved | DOGE-USD=$0 | SOL-USD=$87 | BTC-USD=$68776 | ETH-USD=$2085 | BNB-USD=$631 | XRP-USD=$1 | BTC-USD fr=-0.000062 | ETH-USD fr=-0.000012
2026-03-22 09:46:37 [INFO] Status: 14 active, 308 disc, 11844 poly, 51812 price, 27700 flow, 18512 funding, 294 resolved | DOGE-USD=$0 | SOL-USD=$87 | BTC-USD=$68809 | ETH-USD=$2086 | BNB-USD=$631 | XRP-USD=$1 | BTC-USD fr=-0.000063 | ETH-USD fr=-0.000012
2026-03-22 09:47:41 [INFO] Status: 14 active, 308 disc, 11928 poly, 52162 price, 27880 flow, 18640 funding, 294 resolved | DOGE-USD=$0 | SOL-USD=$87 | BTC-USD=$68767 | ETH-USD=$2084 | BNB-USD=$631 | XRP-USD=$1 | BTC-USD fr=-0.000063 | ETH-USD fr=-0.000012
2026-03-22 09:48:45 [INFO] Status: 14 active, 308 disc, 12012 poly, 52508 price, 28050 flow, 18768 funding, 294 resolved | DOGE-USD=$0 | SOL-USD=$87 | BTC-USD=$68808 | ETH-USD=$2085 | BNB-USD=$631 | XRP-USD=$1 | BTC-USD fr=-0.000063 | ETH-USD fr=-0.000012
2026-03-22 09:49:49 [INFO] Status: 14 active, 308 disc, 12096 poly, 52841 price, 28227 flow, 18896 funding, 294 resolved | DOGE-USD=$0 | SOL-USD=$87 | BTC-USD=$68806 | ETH-USD=$2084 | BNB-USD=$631 | XRP-USD=$1 | BTC-USD fr=-0.000063 | ETH-USD fr=-0.000013
2026-03-22 09:50:05 [INFO] NEW BTC-USD Bitcoin Up or Down - March 22, 5:50AM-5:55AM ET yes=0.51 window=300s
2026-03-22 09:50:05 [INFO] NEW ETH-USD Ethereum Up or Down - March 22, 5:50AM-5:55AM ET yes=0.49 window=300s
2026-03-22 09:50:05 [INFO] NEW SOL-USD Solana Up or Down - March 22, 5:50AM-5:55AM ET yes=0.49 window=300s
2026-03-22 09:50:05 [INFO] NEW XRP-USD XRP Up or Down - March 22, 5:50AM-5:55AM ET yes=0.50 window=300s
2026-03-22 09:50:05 [INFO] NEW DOGE-USD Dogecoin Up or Down - March 22, 5:50AM-5:55AM ET yes=0.50 window=300s
2026-03-22 09:50:05 [INFO] NEW BNB-USD BNB Up or Down - March 22, 5:50AM-5:55AM ET yes=0.50 window=300s
2026-03-22 09:50:05 [INFO] NEW HYPE-USD Hyperliquid Up or Down - March 22, 5:50AM-5:55AM ET yes=0.50 window=300s
2026-03-22 09:50:22 [INFO] RESOLVED BTC-USD -> DOWN yes=0.50 Bitcoin Up or Down - March 22, 5:45AM-5:
2026-03-22 09:50:22 [INFO] RESOLVED ETH-USD -> DOWN yes=0.50 Ethereum Up or Down - March 22, 5:45AM-5
2026-03-22 09:50:22 [INFO] RESOLVED SOL-USD -> DOWN yes=0.50 Solana Up or Down - March 22, 5:45AM-5:5
2026-03-22 09:50:22 [INFO] RESOLVED XRP-USD -> DOWN yes=0.50 XRP Up or Down - March 22, 5:45AM-5:50AM
2026-03-22 09:50:22 [INFO] RESOLVED DOGE-USD -> DOWN yes=0.50 Dogecoin Up or Down - March 22, 5:45AM-5
2026-03-22 09:50:22 [INFO] RESOLVED BNB-USD -> DOWN yes=0.50 BNB Up or Down - March 22, 5:45AM-5:50AM
2026-03-22 09:50:22 [INFO] RESOLVED HYPE-USD -> DOWN yes=0.50 Hyperliquid Up or Down - March 22, 5:45A
2026-03-22 09:50:51 [INFO] Status: 14 active, 315 disc, 12173 poly, 53176 price, 28407 flow, 19020 funding, 301 resolved | DOGE-USD=$0 | SOL-USD=$87 | BTC-USD=$68806 | ETH-USD=$2084 | BNB-USD=$631 | XRP-USD=$1 | BTC-USD fr=-0.000063 | ETH-USD fr=-0.000013
2026-03-22 09:51:55 [INFO] Status: 14 active, 315 disc, 12257 poly, 53524 price, 28578 flow, 19148 funding, 301 resolved | DOGE-USD=$0 | SOL-USD=$87 | BTC-USD=$68790 | ETH-USD=$2083 | BNB-USD=$631 | XRP-USD=$1 | BTC-USD fr=-0.000064 | ETH-USD fr=-0.000014
2026-03-22 09:52:58 [INFO] Status: 14 active, 315 disc, 12341 poly, 53866 price, 28757 flow, 19274 funding, 301 resolved | DOGE-USD=$0 | SOL-USD=$87 | BTC-USD=$68801 | ETH-USD=$2084 | BNB-USD=$631 | XRP-USD=$1 | BTC-USD fr=-0.000064 | ETH-USD fr=-0.000016
2026-03-22 09:54:02 [INFO] Status: 14 active, 315 disc, 12425 poly, 54210 price, 28922 flow, 19402 funding, 301 resolved | DOGE-USD=$0 | SOL-USD=$87 | BTC-USD=$68811 | ETH-USD=$2085 | BNB-USD=$631 | XRP-USD=$1 | BTC-USD fr=-0.000064 | ETH-USD fr=-0.000016
2026-03-22 09:55:05 [INFO] Status: 14 active, 315 disc, 12509 poly, 54552 price, 29093 flow, 19528 funding, 301 resolved | DOGE-USD=$0 | SOL-USD=$87 | BTC-USD=$68829 | ETH-USD=$2085 | BNB-USD=$631 | XRP-USD=$1 | BTC-USD fr=-0.000065 | ETH-USD fr=-0.000016
2026-03-22 09:55:09 [INFO] NEW BTC-USD Bitcoin Up or Down - March 22, 5:55AM-6:00AM ET yes=0.51 window=300s
2026-03-22 09:55:09 [INFO] NEW ETH-USD Ethereum Up or Down - March 22, 5:55AM-6:00AM ET yes=0.52 window=300s
2026-03-22 09:55:09 [INFO] NEW SOL-USD Solana Up or Down - March 22, 5:55AM-6:00AM ET yes=0.51 window=300s
2026-03-22 09:55:09 [INFO] NEW XRP-USD XRP Up or Down - March 22, 5:55AM-6:00AM ET yes=0.54 window=300s
2026-03-22 09:55:09 [INFO] NEW DOGE-USD Dogecoin Up or Down - March 22, 5:55AM-6:00AM ET yes=0.50 window=300s
2026-03-22 09:55:09 [INFO] NEW BNB-USD BNB Up or Down - March 22, 5:55AM-6:00AM ET yes=0.55 window=300s
2026-03-22 09:55:09 [INFO] NEW HYPE-USD Hyperliquid Up or Down - March 22, 5:55AM-6:00AM ET yes=0.50 window=300s
2026-03-22 09:55:26 [INFO] RESOLVED BTC-USD -> DOWN yes=0.50 Bitcoin Up or Down - March 22, 5:50AM-5:
2026-03-22 09:55:26 [INFO] RESOLVED ETH-USD -> DOWN yes=0.50 Ethereum Up or Down - March 22, 5:50AM-5
2026-03-22 09:55:26 [INFO] RESOLVED SOL-USD -> DOWN yes=0.50 Solana Up or Down - March 22, 5:50AM-5:5
2026-03-22 09:55:26 [INFO] RESOLVED XRP-USD -> DOWN yes=0.50 XRP Up or Down - March 22, 5:50AM-5:55AM
2026-03-22 09:55:26 [INFO] RESOLVED DOGE-USD -> DOWN yes=0.50 Dogecoin Up or Down - March 22, 5:50AM-5
2026-03-22 09:55:26 [INFO] RESOLVED BNB-USD -> DOWN yes=0.50 BNB Up or Down - March 22, 5:50AM-5:55AM
2026-03-22 09:55:26 [INFO] RESOLVED HYPE-USD -> DOWN yes=0.50 Hyperliquid Up or Down - March 22, 5:50A
2026-03-22 09:56:12 [INFO] Status: 14 active, 322 disc, 12600 poly, 54922 price, 29284 flow, 19662 funding, 308 resolved | DOGE-USD=$0 | SOL-USD=$87 | BTC-USD=$68843 | ETH-USD=$2086 | BNB-USD=$631 | XRP-USD=$1 | BTC-USD fr=-0.000065 | ETH-USD fr=-0.000017
2026-03-22 09:57:15 [INFO] Status: 14 active, 322 disc, 12684 poly, 55273 price, 29474 flow, 19788 funding, 308 resolved | DOGE-USD=$0 | SOL-USD=$87 | BTC-USD=$68813 | ETH-USD=$2085 | BNB-USD=$631 | XRP-USD=$1 | BTC-USD fr=-0.000065 | ETH-USD fr=-0.000017
2026-03-22 09:58:18 [INFO] Status: 14 active, 322 disc, 12768 poly, 55612 price, 29657 flow, 19914 funding, 308 resolved | DOGE-USD=$0 | SOL-USD=$87 | BTC-USD=$68836 | ETH-USD=$2086 | BNB-USD=$631 | XRP-USD=$1 | BTC-USD fr=-0.000065 | ETH-USD fr=-0.000017
2026-03-22 09:59:22 [INFO] Status: 14 active, 322 disc, 12852 poly, 55948 price, 29838 flow, 20042 funding, 308 resolved | DOGE-USD=$0 | SOL-USD=$87 | BTC-USD=$68830 | ETH-USD=$2085 | BNB-USD=$631 | XRP-USD=$1 | BTC-USD fr=-0.000065 | ETH-USD fr=-0.000018
2026-03-22 10:00:12 [INFO] NEW BTC-USD Bitcoin Up or Down - March 22, 6:00AM-6:05AM ET yes=0.48 window=300s
2026-03-22 10:00:12 [INFO] NEW ETH-USD Ethereum Up or Down - March 22, 6:00AM-6:05AM ET yes=0.49 window=300s
2026-03-22 10:00:12 [INFO] NEW SOL-USD Solana Up or Down - March 22, 6:00AM-6:05AM ET yes=0.48 window=300s
2026-03-22 10:00:12 [INFO] NEW XRP-USD XRP Up or Down - March 22, 6:00AM-6:05AM ET yes=0.49 window=300s
2026-03-22 10:00:12 [INFO] NEW DOGE-USD Dogecoin Up or Down - March 22, 6:00AM-6:05AM ET yes=0.50 window=300s
2026-03-22 10:00:12 [INFO] NEW BNB-USD BNB Up or Down - March 22, 6:00AM-6:05AM ET yes=0.45 window=300s
2026-03-22 10:00:12 [INFO] NEW HYPE-USD Hyperliquid Up or Down - March 22, 6:00AM-6:05AM ET yes=0.50 window=300s
2026-03-22 10:00:12 [INFO] NEW BTC-USD Bitcoin Up or Down - March 22, 6:00AM-6:15AM ET yes=0.49 window=900s
2026-03-22 10:00:12 [INFO] NEW ETH-USD Ethereum Up or Down - March 22, 6:00AM-6:15AM ET yes=0.52 window=900s
2026-03-22 10:00:12 [INFO] NEW SOL-USD Solana Up or Down - March 22, 6:00AM-6:15AM ET yes=0.51 window=900s
2026-03-22 10:00:12 [INFO] NEW XRP-USD XRP Up or Down - March 22, 6:00AM-6:15AM ET yes=0.53 window=900s
2026-03-22 10:00:12 [INFO] NEW DOGE-USD Dogecoin Up or Down - March 22, 6:00AM-6:15AM ET yes=0.50 window=900s
2026-03-22 10:00:12 [INFO] NEW BNB-USD BNB Up or Down - March 22, 6:00AM-6:15AM ET yes=0.50 window=900s
2026-03-22 10:00:12 [INFO] NEW HYPE-USD Hyperliquid Up or Down - March 22, 6:00AM-6:15AM ET yes=0.50 window=900s
2026-03-22 10:00:33 [INFO] RESOLVED BTC-USD -> DOWN yes=0.50 Bitcoin Up or Down - March 22, 5:45AM-6:
2026-03-22 10:00:33 [INFO] RESOLVED ETH-USD -> DOWN yes=0.50 Ethereum Up or Down - March 22, 5:45AM-6
2026-03-22 10:00:33 [INFO] RESOLVED SOL-USD -> DOWN yes=0.50 Solana Up or Down - March 22, 5:45AM-6:0
2026-03-22 10:00:33 [INFO] RESOLVED XRP-USD -> DOWN yes=0.50 XRP Up or Down - March 22, 5:45AM-6:00AM
2026-03-22 10:00:33 [INFO] RESOLVED DOGE-USD -> DOWN yes=0.50 Dogecoin Up or Down - March 22, 5:45AM-6
2026-03-22 10:00:33 [INFO] RESOLVED BNB-USD -> DOWN yes=0.50 BNB Up or Down - March 22, 5:45AM-6:00AM
2026-03-22 10:00:33 [INFO] RESOLVED HYPE-USD -> DOWN yes=0.50 Hyperliquid Up or Down - March 22, 5:45A
2026-03-22 10:00:33 [INFO] RESOLVED BTC-USD -> DOWN yes=0.50 Bitcoin Up or Down - March 22, 5:55AM-6:
2026-03-22 10:00:33 [INFO] RESOLVED ETH-USD -> DOWN yes=0.50 Ethereum Up or Down - March 22, 5:55AM-6
2026-03-22 10:00:33 [INFO] RESOLVED SOL-USD -> DOWN yes=0.50 Solana Up or Down - March 22, 5:55AM-6:0
2026-03-22 10:00:33 [INFO] RESOLVED XRP-USD -> DOWN yes=0.50 XRP Up or Down - March 22, 5:55AM-6:00AM
2026-03-22 10:00:33 [INFO] RESOLVED DOGE-USD -> DOWN yes=0.50 Dogecoin Up or Down - March 22, 5:55AM-6
2026-03-22 10:00:33 [INFO] RESOLVED BNB-USD -> DOWN yes=0.50 BNB Up or Down - March 22, 5:55AM-6:00AM
2026-03-22 10:00:33 [INFO] RESOLVED HYPE-USD -> DOWN yes=0.50 Hyperliquid Up or Down - March 22, 5:55A
2026-03-22 10:00:41 [INFO] Status: 14 active, 336 disc, 12950 poly, 56377 price, 30076 flow, 20200 funding, 322 resolved | DOGE-USD=$0 | SOL-USD=$87 | BTC-USD=$68813 | ETH-USD=$2085 | BNB-USD=$631 | XRP-USD=$1 | BTC-USD fr=-0.000066 | ETH-USD fr=-0.000019
2026-03-22 10:01:46 [INFO] Status: 14 active, 336 disc, 13034 poly, 56730 price, 30279 flow, 20330 funding, 322 resolved | DOGE-USD=$0 | SOL-USD=$87 | BTC-USD=$68780 | ETH-USD=$2085 | BNB-USD=$631 | XRP-USD=$1 | BTC-USD fr=-0.000066 | ETH-USD fr=-0.000019
2026-03-22 10:02:50 [INFO] Status: 14 active, 336 disc, 13118 poly, 57076 price, 30458 flow, 20458 funding, 322 resolved | DOGE-USD=$0 | SOL-USD=$87 | BTC-USD=$68797 | ETH-USD=$2085 | BNB-USD=$631 | XRP-USD=$1 | BTC-USD fr=-0.000066 | ETH-USD fr=-0.000020
2026-03-22 10:03:54 [INFO] Status: 14 active, 336 disc, 13202 poly, 57407 price, 30630 flow, 20586 funding, 322 resolved | DOGE-USD=$0 | SOL-USD=$87 | BTC-USD=$68807 | ETH-USD=$2085 | BNB-USD=$631 | XRP-USD=$1 | BTC-USD fr=-0.000066 | ETH-USD fr=-0.000020
2026-03-22 10:04:58 [INFO] Status: 14 active, 336 disc, 13286 poly, 57754 price, 30815 flow, 20714 funding, 322 resolved | DOGE-USD=$0 | SOL-USD=$87 | BTC-USD=$68835 | ETH-USD=$2086 | BNB-USD=$631 | XRP-USD=$1 | BTC-USD fr=-0.000066 | ETH-USD fr=-0.000020
2026-03-22 10:05:03 [INFO] NEW BTC-USD Bitcoin Up or Down - March 22, 6:05AM-6:10AM ET yes=0.51 window=300s
2026-03-22 10:05:03 [INFO] NEW ETH-USD Ethereum Up or Down - March 22, 6:05AM-6:10AM ET yes=0.51 window=300s
2026-03-22 10:05:03 [INFO] NEW SOL-USD Solana Up or Down - March 22, 6:05AM-6:10AM ET yes=0.52 window=300s
2026-03-22 10:05:03 [INFO] NEW XRP-USD XRP Up or Down - March 22, 6:05AM-6:10AM ET yes=0.53 window=300s
2026-03-22 10:05:03 [INFO] NEW DOGE-USD Dogecoin Up or Down - March 22, 6:05AM-6:10AM ET yes=0.50 window=300s
2026-03-22 10:05:03 [INFO] NEW BNB-USD BNB Up or Down - March 22, 6:05AM-6:10AM ET yes=0.55 window=300s
2026-03-22 10:05:03 [INFO] NEW HYPE-USD Hyperliquid Up or Down - March 22, 6:05AM-6:10AM ET yes=0.50 window=300s
2026-03-22 10:05:19 [INFO] RESOLVED BTC-USD -> DOWN yes=0.50 Bitcoin Up or Down - March 22, 6:00AM-6:
2026-03-22 10:05:19 [INFO] RESOLVED ETH-USD -> DOWN yes=0.50 Ethereum Up or Down - March 22, 6:00AM-6
2026-03-22 10:05:19 [INFO] RESOLVED SOL-USD -> DOWN yes=0.50 Solana Up or Down - March 22, 6:00AM-6:0
2026-03-22 10:05:19 [INFO] RESOLVED XRP-USD -> DOWN yes=0.50 XRP Up or Down - March 22, 6:00AM-6:05AM
2026-03-22 10:05:19 [INFO] RESOLVED DOGE-USD -> DOWN yes=0.50 Dogecoin Up or Down - March 22, 6:00AM-6
2026-03-22 10:05:19 [INFO] RESOLVED BNB-USD -> DOWN yes=0.50 BNB Up or Down - March 22, 6:00AM-6:05AM
2026-03-22 10:05:19 [INFO] RESOLVED HYPE-USD -> DOWN yes=0.50 Hyperliquid Up or Down - March 22, 6:00A
2026-03-22 10:06:10 [INFO] Status: 14 active, 343 disc, 13377 poly, 58155 price, 31030 flow, 20858 funding, 329 resolved | DOGE-USD=$0 | SOL-USD=$87 | BTC-USD=$68733 | ETH-USD=$2083 | BNB-USD=$631 | XRP-USD=$1 | BTC-USD fr=-0.000065 | ETH-USD fr=-0.000021
2026-03-22 10:07:13 [INFO] Status: 14 active, 343 disc, 13461 poly, 58503 price, 31216 flow, 20984 funding, 329 resolved | DOGE-USD=$0 | SOL-USD=$87 | BTC-USD=$68734 | ETH-USD=$2083 | BNB-USD=$631 | XRP-USD=$1 | BTC-USD fr=-0.000066 | ETH-USD fr=-0.000022
2026-03-22 10:08:16 [INFO] Status: 14 active, 343 disc, 13545 poly, 58856 price, 31420 flow, 21110 funding, 329 resolved | DOGE-USD=$0 | SOL-USD=$87 | BTC-USD=$68715 | ETH-USD=$2082 | BNB-USD=$630 | XRP-USD=$1 | BTC-USD fr=-0.000066 | ETH-USD fr=-0.000022
2026-03-22 10:09:20 [INFO] Status: 14 active, 343 disc, 13629 poly, 59216 price, 31623 flow, 21238 funding, 329 resolved | DOGE-USD=$0 | SOL-USD=$87 | BTC-USD=$68731 | ETH-USD=$2083 | BNB-USD=$631 | XRP-USD=$1 | BTC-USD fr=-0.000066 | ETH-USD fr=-0.000023
2026-03-22 10:10:06 [INFO] NEW BTC-USD Bitcoin Up or Down - March 22, 6:10AM-6:15AM ET yes=0.49 window=300s
2026-03-22 10:10:06 [INFO] NEW ETH-USD Ethereum Up or Down - March 22, 6:10AM-6:15AM ET yes=0.51 window=300s
2026-03-22 10:10:06 [INFO] NEW SOL-USD Solana Up or Down - March 22, 6:10AM-6:15AM ET yes=0.49 window=300s
2026-03-22 10:10:06 [INFO] NEW XRP-USD XRP Up or Down - March 22, 6:10AM-6:15AM ET yes=0.51 window=300s
2026-03-22 10:10:06 [INFO] NEW DOGE-USD Dogecoin Up or Down - March 22, 6:10AM-6:15AM ET yes=0.50 window=300s
2026-03-22 10:10:06 [INFO] NEW BNB-USD BNB Up or Down - March 22, 6:10AM-6:15AM ET yes=0.50 window=300s
2026-03-22 10:10:06 [INFO] NEW HYPE-USD Hyperliquid Up or Down - March 22, 6:10AM-6:15AM ET yes=0.50 window=300s
2026-03-22 10:10:25 [INFO] RESOLVED BTC-USD -> DOWN yes=0.50 Bitcoin Up or Down - March 22, 6:05AM-6:
2026-03-22 10:10:25 [INFO] RESOLVED ETH-USD -> DOWN yes=0.50 Ethereum Up or Down - March 22, 6:05AM-6
2026-03-22 10:10:25 [INFO] RESOLVED SOL-USD -> DOWN yes=0.50 Solana Up or Down - March 22, 6:05AM-6:1
2026-03-22 10:10:25 [INFO] RESOLVED XRP-USD -> DOWN yes=0.50 XRP Up or Down - March 22, 6:05AM-6:10AM
2026-03-22 10:10:25 [INFO] RESOLVED DOGE-USD -> DOWN yes=0.50 Dogecoin Up or Down - March 22, 6:05AM-6
2026-03-22 10:10:25 [INFO] RESOLVED BNB-USD -> DOWN yes=0.50 BNB Up or Down - March 22, 6:05AM-6:10AM
2026-03-22 10:10:25 [INFO] RESOLVED HYPE-USD -> DOWN yes=0.50 Hyperliquid Up or Down - March 22, 6:05A
2026-03-22 10:10:29 [INFO] Status: 14 active, 350 disc, 13720 poly, 59611 price, 31836 flow, 21376 funding, 336 resolved | DOGE-USD=$0 | SOL-USD=$87 | BTC-USD=$68694 | ETH-USD=$2082 | BNB-USD=$630 | XRP-USD=$1 | BTC-USD fr=-0.000066 | ETH-USD fr=-0.000023
2026-03-22 10:11:33 [INFO] Status: 14 active, 350 disc, 13804 poly, 59967 price, 32025 flow, 21504 funding, 336 resolved | DOGE-USD=$0 | SOL-USD=$87 | BTC-USD=$68712 | ETH-USD=$2083 | BNB-USD=$631 | XRP-USD=$1 | BTC-USD fr=-0.000066 | ETH-USD fr=-0.000023
2026-03-22 10:12:37 [INFO] Status: 14 active, 350 disc, 13888 poly, 60315 price, 32201 flow, 21632 funding, 336 resolved | DOGE-USD=$0 | SOL-USD=$87 | BTC-USD=$68711 | ETH-USD=$2082 | BNB-USD=$630 | XRP-USD=$1 | BTC-USD fr=-0.000067 | ETH-USD fr=-0.000024
2026-03-22 10:13:40 [INFO] Status: 14 active, 350 disc, 13972 poly, 60641 price, 32362 flow, 21758 funding, 336 resolved | DOGE-USD=$0 | SOL-USD=$87 | BTC-USD=$68744 | ETH-USD=$2084 | BNB-USD=$631 | XRP-USD=$1 | BTC-USD fr=-0.000067 | ETH-USD fr=-0.000024
2026-03-22 10:14:43 [INFO] Status: 14 active, 350 disc, 14056 poly, 60976 price, 32539 flow, 21884 funding, 336 resolved | DOGE-USD=$0 | SOL-USD=$87 | BTC-USD=$68731 | ETH-USD=$2084 | BNB-USD=$631 | XRP-USD=$1 | BTC-USD fr=-0.000067 | ETH-USD fr=-0.000024
2026-03-22 10:15:09 [INFO] NEW BTC-USD Bitcoin Up or Down - March 22, 6:15AM-6:20AM ET yes=0.49 window=300s
2026-03-22 10:15:09 [INFO] NEW ETH-USD Ethereum Up or Down - March 22, 6:15AM-6:20AM ET yes=0.50 window=300s
2026-03-22 10:15:09 [INFO] NEW SOL-USD Solana Up or Down - March 22, 6:15AM-6:20AM ET yes=0.52 window=300s
2026-03-22 10:15:09 [INFO] NEW XRP-USD XRP Up or Down - March 22, 6:15AM-6:20AM ET yes=0.50 window=300s
2026-03-22 10:15:09 [INFO] NEW DOGE-USD Dogecoin Up or Down - March 22, 6:15AM-6:20AM ET yes=0.50 window=300s
2026-03-22 10:15:09 [INFO] NEW BNB-USD BNB Up or Down - March 22, 6:15AM-6:20AM ET yes=0.50 window=300s
2026-03-22 10:15:09 [INFO] NEW HYPE-USD Hyperliquid Up or Down - March 22, 6:15AM-6:20AM ET yes=0.50 window=300s
2026-03-22 10:15:09 [INFO] NEW BTC-USD Bitcoin Up or Down - March 22, 6:15AM-6:30AM ET yes=0.56 window=900s
2026-03-22 10:15:09 [INFO] NEW ETH-USD Ethereum Up or Down - March 22, 6:15AM-6:30AM ET yes=0.55 window=900s
2026-03-22 10:15:09 [INFO] NEW SOL-USD Solana Up or Down - March 22, 6:15AM-6:30AM ET yes=0.54 window=900s
2026-03-22 10:15:09 [INFO] NEW XRP-USD XRP Up or Down - March 22, 6:15AM-6:30AM ET yes=0.56 window=900s
2026-03-22 10:15:09 [INFO] NEW DOGE-USD Dogecoin Up or Down - March 22, 6:15AM-6:30AM ET yes=0.50 window=900s
2026-03-22 10:15:09 [INFO] NEW BNB-USD BNB Up or Down - March 22, 6:15AM-6:30AM ET yes=0.50 window=900s
2026-03-22 10:15:09 [INFO] NEW HYPE-USD Hyperliquid Up or Down - March 22, 6:15AM-6:30AM ET yes=0.50 window=900s
2026-03-22 10:15:27 [INFO] RESOLVED BTC-USD -> DOWN yes=0.50 Bitcoin Up or Down - March 22, 6:00AM-6:
2026-03-22 10:15:27 [INFO] RESOLVED ETH-USD -> DOWN yes=0.50 Ethereum Up or Down - March 22, 6:00AM-6
2026-03-22 10:15:27 [INFO] RESOLVED SOL-USD -> DOWN yes=0.50 Solana Up or Down - March 22, 6:00AM-6:1
2026-03-22 10:15:27 [INFO] RESOLVED XRP-USD -> DOWN yes=0.50 XRP Up or Down - March 22, 6:00AM-6:15AM
2026-03-22 10:15:27 [INFO] RESOLVED DOGE-USD -> DOWN yes=0.50 Dogecoin Up or Down - March 22, 6:00AM-6
2026-03-22 10:15:27 [INFO] RESOLVED BNB-USD -> DOWN yes=0.50 BNB Up or Down - March 22, 6:00AM-6:15AM
2026-03-22 10:15:27 [INFO] RESOLVED HYPE-USD -> DOWN yes=0.50 Hyperliquid Up or Down - March 22, 6:00A
2026-03-22 10:15:27 [INFO] RESOLVED BTC-USD -> DOWN yes=0.50 Bitcoin Up or Down - March 22, 6:10AM-6:
2026-03-22 10:15:27 [INFO] RESOLVED ETH-USD -> DOWN yes=0.50 Ethereum Up or Down - March 22, 6:10AM-6
2026-03-22 10:15:27 [INFO] RESOLVED SOL-USD -> DOWN yes=0.50 Solana Up or Down - March 22, 6:10AM-6:1
2026-03-22 10:15:27 [INFO] RESOLVED XRP-USD -> DOWN yes=0.50 XRP Up or Down - March 22, 6:10AM-6:15AM
2026-03-22 10:15:27 [INFO] RESOLVED DOGE-USD -> DOWN yes=0.50 Dogecoin Up or Down - March 22, 6:10AM-6
2026-03-22 10:15:27 [INFO] RESOLVED BNB-USD -> DOWN yes=0.50 BNB Up or Down - March 22, 6:10AM-6:15AM
2026-03-22 10:15:27 [INFO] RESOLVED HYPE-USD -> DOWN yes=0.50 Hyperliquid Up or Down - March 22, 6:10A
2026-03-22 10:15:45 [INFO] Status: 14 active, 364 disc, 14140 poly, 61304 price, 32726 flow, 22008 funding, 350 resolved | DOGE-USD=$0 | SOL-USD=$87 | BTC-USD=$68731 | ETH-USD=$2082 | BNB-USD=$630 | XRP-USD=$1 | BTC-USD fr=-0.000067 | ETH-USD fr=-0.000024
2026-03-22 10:16:50 [INFO] Status: 14 active, 364 disc, 14224 poly, 61685 price, 32940 flow, 22138 funding, 350 resolved | DOGE-USD=$0 | SOL-USD=$87 | BTC-USD=$68674 | ETH-USD=$2081 | BNB-USD=$630 | XRP-USD=$1 | BTC-USD fr=-0.000068 | ETH-USD fr=-0.000024
2026-03-22 10:17:55 [INFO] Status: 14 active, 364 disc, 14308 poly, 62063 price, 33156 flow, 22268 funding, 350 resolved | DOGE-USD=$0 | SOL-USD=$87 | BTC-USD=$68720 | ETH-USD=$2083 | BNB-USD=$630 | XRP-USD=$1 | BTC-USD fr=-0.000068 | ETH-USD fr=-0.000025
2026-03-22 10:18:59 [INFO] Status: 14 active, 364 disc, 14392 poly, 62422 price, 33346 flow, 22396 funding, 350 resolved | DOGE-USD=$0 | SOL-USD=$87 | BTC-USD=$68743 | ETH-USD=$2084 | BNB-USD=$631 | XRP-USD=$1 | BTC-USD fr=-0.000068 | ETH-USD fr=-0.000025
2026-03-22 10:20:04 [INFO] Status: 14 active, 364 disc, 14476 poly, 62774 price, 33542 flow, 22526 funding, 350 resolved | DOGE-USD=$0 | SOL-USD=$87 | BTC-USD=$68706 | ETH-USD=$2083 | BNB-USD=$631 | XRP-USD=$1 | BTC-USD fr=-0.000067 | ETH-USD fr=-0.000025
2026-03-22 10:20:09 [INFO] NEW BTC-USD Bitcoin Up or Down - March 22, 6:20AM-6:25AM ET yes=0.52 window=300s
2026-03-22 10:20:09 [INFO] NEW ETH-USD Ethereum Up or Down - March 22, 6:20AM-6:25AM ET yes=0.51 window=300s
2026-03-22 10:20:09 [INFO] NEW SOL-USD Solana Up or Down - March 22, 6:20AM-6:25AM ET yes=0.51 window=300s
2026-03-22 10:20:09 [INFO] NEW XRP-USD XRP Up or Down - March 22, 6:20AM-6:25AM ET yes=0.55 window=300s
2026-03-22 10:20:09 [INFO] NEW DOGE-USD Dogecoin Up or Down - March 22, 6:20AM-6:25AM ET yes=0.50 window=300s
2026-03-22 10:20:09 [INFO] NEW BNB-USD BNB Up or Down - March 22, 6:20AM-6:25AM ET yes=0.50 window=300s
2026-03-22 10:20:09 [INFO] NEW HYPE-USD Hyperliquid Up or Down - March 22, 6:20AM-6:25AM ET yes=0.50 window=300s
2026-03-22 10:20:25 [INFO] RESOLVED BTC-USD -> DOWN yes=0.50 Bitcoin Up or Down - March 22, 6:15AM-6:
2026-03-22 10:20:25 [INFO] RESOLVED ETH-USD -> DOWN yes=0.50 Ethereum Up or Down - March 22, 6:15AM-6
2026-03-22 10:20:25 [INFO] RESOLVED SOL-USD -> DOWN yes=0.50 Solana Up or Down - March 22, 6:15AM-6:2
2026-03-22 10:20:25 [INFO] RESOLVED XRP-USD -> DOWN yes=0.50 XRP Up or Down - March 22, 6:15AM-6:20AM
2026-03-22 10:20:25 [INFO] RESOLVED DOGE-USD -> DOWN yes=0.50 Dogecoin Up or Down - March 22, 6:15AM-6
2026-03-22 10:20:25 [INFO] RESOLVED BNB-USD -> DOWN yes=0.50 BNB Up or Down - March 22, 6:15AM-6:20AM
2026-03-22 10:20:25 [INFO] RESOLVED HYPE-USD -> DOWN yes=0.50 Hyperliquid Up or Down - March 22, 6:15A
2026-03-22 10:21:04 [INFO] Status: 14 active, 371 disc, 14553 poly, 63114 price, 33718 flow, 22646 funding, 357 resolved | DOGE-USD=$0 | SOL-USD=$87 | BTC-USD=$68724 | ETH-USD=$2083 | BNB-USD=$631 | XRP-USD=$1 | BTC-USD fr=-0.000068 | ETH-USD fr=-0.000026
2026-03-22 10:22:09 [INFO] Status: 14 active, 371 disc, 14637 poly, 63466 price, 33896 flow, 22776 funding, 357 resolved | DOGE-USD=$0 | SOL-USD=$87 | BTC-USD=$68733 | ETH-USD=$2083 | BNB-USD=$631 | XRP-USD=$1 | BTC-USD fr=-0.000068 | ETH-USD fr=-0.000026
2026-03-22 10:23:12 [INFO] Status: 14 active, 371 disc, 14721 poly, 63811 price, 34080 flow, 22902 funding, 357 resolved | DOGE-USD=$0 | SOL-USD=$87 | BTC-USD=$68716 | ETH-USD=$2083 | BNB-USD=$631 | XRP-USD=$1 | BTC-USD fr=-0.000068 | ETH-USD fr=-0.000027
2026-03-22 10:24:16 [INFO] Status: 14 active, 371 disc, 14805 poly, 64144 price, 34248 flow, 23030 funding, 357 resolved | DOGE-USD=$0 | SOL-USD=$87 | BTC-USD=$68722 | ETH-USD=$2083 | BNB-USD=$631 | XRP-USD=$1 | BTC-USD fr=-0.000068 | ETH-USD fr=-0.000027
2026-03-22 10:25:02 [INFO] NEW BTC-USD Bitcoin Up or Down - March 22, 6:25AM-6:30AM ET yes=0.51 window=300s
2026-03-22 10:25:02 [INFO] NEW ETH-USD Ethereum Up or Down - March 22, 6:25AM-6:30AM ET yes=0.52 window=300s
2026-03-22 10:25:02 [INFO] NEW SOL-USD Solana Up or Down - March 22, 6:25AM-6:30AM ET yes=0.47 window=300s
2026-03-22 10:25:02 [INFO] NEW XRP-USD XRP Up or Down - March 22, 6:25AM-6:30AM ET yes=0.55 window=300s
2026-03-22 10:25:02 [INFO] NEW DOGE-USD Dogecoin Up or Down - March 22, 6:25AM-6:30AM ET yes=0.52 window=300s
2026-03-22 10:25:02 [INFO] NEW BNB-USD BNB Up or Down - March 22, 6:25AM-6:30AM ET yes=0.50 window=300s
2026-03-22 10:25:02 [INFO] NEW HYPE-USD Hyperliquid Up or Down - March 22, 6:25AM-6:30AM ET yes=0.50 window=300s
2026-03-22 10:25:20 [INFO] RESOLVED BTC-USD -> DOWN yes=0.50 Bitcoin Up or Down - March 22, 6:20AM-6:
2026-03-22 10:25:20 [INFO] RESOLVED ETH-USD -> DOWN yes=0.50 Ethereum Up or Down - March 22, 6:20AM-6
2026-03-22 10:25:20 [INFO] RESOLVED SOL-USD -> DOWN yes=0.50 Solana Up or Down - March 22, 6:20AM-6:2
2026-03-22 10:25:20 [INFO] RESOLVED XRP-USD -> DOWN yes=0.50 XRP Up or Down - March 22, 6:20AM-6:25AM
2026-03-22 10:25:20 [INFO] RESOLVED DOGE-USD -> DOWN yes=0.50 Dogecoin Up or Down - March 22, 6:20AM-6
2026-03-22 10:25:20 [INFO] RESOLVED BNB-USD -> DOWN yes=0.50 BNB Up or Down - March 22, 6:20AM-6:25AM
2026-03-22 10:25:20 [INFO] RESOLVED HYPE-USD -> DOWN yes=0.50 Hyperliquid Up or Down - March 22, 6:20A
2026-03-22 10:25:24 [INFO] Status: 14 active, 378 disc, 14896 poly, 64527 price, 34451 flow, 23166 funding, 364 resolved | DOGE-USD=$0 | SOL-USD=$87 | BTC-USD=$68731 | ETH-USD=$2084 | BNB-USD=$631 | XRP-USD=$1 | BTC-USD fr=-0.000068 | ETH-USD fr=-0.000028
2026-03-22 10:26:28 [INFO] Status: 14 active, 378 disc, 14980 poly, 64889 price, 34636 flow, 23294 funding, 364 resolved | DOGE-USD=$0 | SOL-USD=$87 | BTC-USD=$68711 | ETH-USD=$2084 | BNB-USD=$630 | XRP-USD=$1 | BTC-USD fr=-0.000068 | ETH-USD fr=-0.000028
2026-03-22 10:27:32 [INFO] Status: 14 active, 378 disc, 15064 poly, 65224 price, 34821 flow, 23422 funding, 364 resolved | DOGE-USD=$0 | SOL-USD=$87 | BTC-USD=$68718 | ETH-USD=$2084 | BNB-USD=$630 | XRP-USD=$1 | BTC-USD fr=-0.000069 | ETH-USD fr=-0.000028
2026-03-22 10:28:36 [INFO] Status: 14 active, 378 disc, 15148 poly, 65568 price, 34993 flow, 23550 funding, 364 resolved | DOGE-USD=$0 | SOL-USD=$87 | BTC-USD=$68731 | ETH-USD=$2084 | BNB-USD=$631 | XRP-USD=$1 | BTC-USD fr=-0.000069 | ETH-USD fr=-0.000028
2026-03-22 10:29:39 [INFO] Status: 14 active, 378 disc, 15232 poly, 65913 price, 35168 flow, 23674 funding, 364 resolved | DOGE-USD=$0 | SOL-USD=$87 | BTC-USD=$68731 | ETH-USD=$2083 | BNB-USD=$630 | XRP-USD=$1 | BTC-USD fr=-0.000069 | ETH-USD fr=-0.000028
2026-03-22 10:30:04 [INFO] NEW BTC-USD Bitcoin Up or Down - March 22, 6:30AM-6:35AM ET yes=0.51 window=300s
2026-03-22 10:30:04 [INFO] NEW ETH-USD Ethereum Up or Down - March 22, 6:30AM-6:35AM ET yes=0.51 window=300s
2026-03-22 10:30:04 [INFO] NEW SOL-USD Solana Up or Down - March 22, 6:30AM-6:35AM ET yes=0.47 window=300s
2026-03-22 10:30:04 [INFO] NEW XRP-USD XRP Up or Down - March 22, 6:30AM-6:35AM ET yes=0.54 window=300s
2026-03-22 10:30:04 [INFO] NEW DOGE-USD Dogecoin Up or Down - March 22, 6:30AM-6:35AM ET yes=0.50 window=300s
2026-03-22 10:30:04 [INFO] NEW BNB-USD BNB Up or Down - March 22, 6:30AM-6:35AM ET yes=0.50 window=300s
2026-03-22 10:30:04 [INFO] NEW HYPE-USD Hyperliquid Up or Down - March 22, 6:30AM-6:35AM ET yes=0.50 window=300s
2026-03-22 10:30:04 [INFO] NEW BTC-USD Bitcoin Up or Down - March 22, 6:30AM-6:45AM ET yes=0.54 window=900s
2026-03-22 10:30:04 [INFO] NEW ETH-USD Ethereum Up or Down - March 22, 6:30AM-6:45AM ET yes=0.54 window=900s
2026-03-22 10:30:04 [INFO] NEW SOL-USD Solana Up or Down - March 22, 6:30AM-6:45AM ET yes=0.49 window=900s
2026-03-22 10:30:04 [INFO] NEW XRP-USD XRP Up or Down - March 22, 6:30AM-6:45AM ET yes=0.58 window=900s
2026-03-22 10:30:04 [INFO] NEW DOGE-USD Dogecoin Up or Down - March 22, 6:30AM-6:45AM ET yes=0.51 window=900s
2026-03-22 10:30:04 [INFO] NEW BNB-USD BNB Up or Down - March 22, 6:30AM-6:45AM ET yes=0.50 window=900s
2026-03-22 10:30:04 [INFO] NEW HYPE-USD Hyperliquid Up or Down - March 22, 6:30AM-6:45AM ET yes=0.50 window=900s
2026-03-22 10:30:25 [INFO] RESOLVED BTC-USD -> DOWN yes=0.50 Bitcoin Up or Down - March 22, 6:15AM-6:
2026-03-22 10:30:25 [INFO] RESOLVED ETH-USD -> DOWN yes=0.50 Ethereum Up or Down - March 22, 6:15AM-6
2026-03-22 10:30:25 [INFO] RESOLVED SOL-USD -> DOWN yes=0.50 Solana Up or Down - March 22, 6:15AM-6:3
2026-03-22 10:30:25 [INFO] RESOLVED XRP-USD -> DOWN yes=0.50 XRP Up or Down - March 22, 6:15AM-6:30AM
2026-03-22 10:30:25 [INFO] RESOLVED DOGE-USD -> DOWN yes=0.50 Dogecoin Up or Down - March 22, 6:15AM-6
2026-03-22 10:30:25 [INFO] RESOLVED BNB-USD -> DOWN yes=0.50 BNB Up or Down - March 22, 6:15AM-6:30AM
2026-03-22 10:30:25 [INFO] RESOLVED HYPE-USD -> DOWN yes=0.50 Hyperliquid Up or Down - March 22, 6:15A
2026-03-22 10:30:25 [INFO] RESOLVED BTC-USD -> DOWN yes=0.50 Bitcoin Up or Down - March 22, 6:25AM-6:
2026-03-22 10:30:25 [INFO] RESOLVED ETH-USD -> DOWN yes=0.50 Ethereum Up or Down - March 22, 6:25AM-6
2026-03-22 10:30:25 [INFO] RESOLVED SOL-USD -> DOWN yes=0.50 Solana Up or Down - March 22, 6:25AM-6:3
2026-03-22 10:30:25 [INFO] RESOLVED XRP-USD -> DOWN yes=0.50 XRP Up or Down - March 22, 6:25AM-6:30AM
2026-03-22 10:30:25 [INFO] RESOLVED DOGE-USD -> DOWN yes=0.50 Dogecoin Up or Down - March 22, 6:25AM-6
2026-03-22 10:30:25 [INFO] RESOLVED BNB-USD -> DOWN yes=0.50 BNB Up or Down - March 22, 6:25AM-6:30AM
2026-03-22 10:30:25 [INFO] RESOLVED HYPE-USD -> DOWN yes=0.50 Hyperliquid Up or Down - March 22, 6:25A
2026-03-22 10:30:43 [INFO] Status: 14 active, 392 disc, 15316 poly, 66261 price, 35361 flow, 23804 funding, 378 resolved | DOGE-USD=$0 | SOL-USD=$87 | BTC-USD=$68758 | ETH-USD=$2084 | BNB-USD=$631 | XRP-USD=$1 | BTC-USD fr=-0.000069 | ETH-USD fr=-0.000029
2026-03-22 10:31:47 [INFO] Status: 14 active, 392 disc, 15400 poly, 66610 price, 35557 flow, 23932 funding, 378 resolved | DOGE-USD=$0 | SOL-USD=$87 | BTC-USD=$68774 | ETH-USD=$2085 | BNB-USD=$631 | XRP-USD=$1 | BTC-USD fr=-0.000069 | ETH-USD fr=-0.000030
2026-03-22 10:32:51 [INFO] Status: 14 active, 392 disc, 15484 poly, 66957 price, 35732 flow, 24060 funding, 378 resolved | DOGE-USD=$0 | SOL-USD=$87 | BTC-USD=$68727 | ETH-USD=$2083 | BNB-USD=$630 | XRP-USD=$1 | BTC-USD fr=-0.000069 | ETH-USD fr=-0.000030
2026-03-22 10:33:55 [INFO] Status: 14 active, 392 disc, 15568 poly, 67311 price, 35918 flow, 24188 funding, 378 resolved | DOGE-USD=$0 | SOL-USD=$87 | BTC-USD=$68714 | ETH-USD=$2082 | BNB-USD=$630 | XRP-USD=$1 | BTC-USD fr=-0.000069 | ETH-USD fr=-0.000030
2026-03-22 10:34:58 [INFO] Status: 14 active, 392 disc, 15652 poly, 67659 price, 36099 flow, 24314 funding, 378 resolved | DOGE-USD=$0 | SOL-USD=$87 | BTC-USD=$68691 | ETH-USD=$2081 | BNB-USD=$630 | XRP-USD=$1 | BTC-USD fr=-0.000070 | ETH-USD fr=-0.000031
2026-03-22 10:35:01 [INFO] NEW BTC-USD Bitcoin Up or Down - March 22, 6:35AM-6:40AM ET yes=0.58 window=300s
2026-03-22 10:35:01 [INFO] NEW ETH-USD Ethereum Up or Down - March 22, 6:35AM-6:40AM ET yes=0.51 window=300s
2026-03-22 10:35:01 [INFO] NEW SOL-USD Solana Up or Down - March 22, 6:35AM-6:40AM ET yes=0.51 window=300s
2026-03-22 10:35:01 [INFO] NEW XRP-USD XRP Up or Down - March 22, 6:35AM-6:40AM ET yes=0.55 window=300s
2026-03-22 10:35:01 [INFO] NEW DOGE-USD Dogecoin Up or Down - March 22, 6:35AM-6:40AM ET yes=0.50 window=300s
2026-03-22 10:35:01 [INFO] NEW BNB-USD BNB Up or Down - March 22, 6:35AM-6:40AM ET yes=0.50 window=300s
2026-03-22 10:35:01 [INFO] NEW HYPE-USD Hyperliquid Up or Down - March 22, 6:35AM-6:40AM ET yes=0.50 window=300s
2026-03-22 10:35:17 [INFO] RESOLVED BTC-USD -> DOWN yes=0.50 Bitcoin Up or Down - March 22, 6:30AM-6:
2026-03-22 10:35:17 [INFO] RESOLVED ETH-USD -> DOWN yes=0.50 Ethereum Up or Down - March 22, 6:30AM-6
2026-03-22 10:35:17 [INFO] RESOLVED SOL-USD -> DOWN yes=0.50 Solana Up or Down - March 22, 6:30AM-6:3
2026-03-22 10:35:17 [INFO] RESOLVED XRP-USD -> DOWN yes=0.50 XRP Up or Down - March 22, 6:30AM-6:35AM
2026-03-22 10:35:17 [INFO] RESOLVED DOGE-USD -> DOWN yes=0.50 Dogecoin Up or Down - March 22, 6:30AM-6
2026-03-22 10:35:17 [INFO] RESOLVED BNB-USD -> DOWN yes=0.50 BNB Up or Down - March 22, 6:30AM-6:35AM
2026-03-22 10:35:17 [INFO] RESOLVED HYPE-USD -> DOWN yes=0.50 Hyperliquid Up or Down - March 22, 6:30A
2026-03-22 10:36:06 [INFO] Status: 14 active, 399 disc, 15743 poly, 68048 price, 36335 flow, 24450 funding, 385 resolved | DOGE-USD=$0 | SOL-USD=$87 | BTC-USD=$68639 | ETH-USD=$2079 | BNB-USD=$629 | XRP-USD=$1 | BTC-USD fr=-0.000071 | ETH-USD fr=-0.000031
2026-03-22 10:37:10 [INFO] Status: 14 active, 399 disc, 15827 poly, 68413 price, 36547 flow, 24578 funding, 385 resolved | DOGE-USD=$0 | SOL-USD=$87 | BTC-USD=$68686 | ETH-USD=$2080 | BNB-USD=$630 | XRP-USD=$1 | BTC-USD fr=-0.000072 | ETH-USD fr=-0.000033
2026-03-22 10:38:15 [INFO] Status: 14 active, 399 disc, 15911 poly, 68777 price, 36742 flow, 24708 funding, 385 resolved | DOGE-USD=$0 | SOL-USD=$87 | BTC-USD=$68681 | ETH-USD=$2081 | BNB-USD=$630 | XRP-USD=$1 | BTC-USD fr=-0.000072 | ETH-USD fr=-0.000033
2026-03-22 10:39:21 [INFO] Status: 14 active, 399 disc, 15995 poly, 69133 price, 36940 flow, 24840 funding, 385 resolved | DOGE-USD=$0 | SOL-USD=$87 | BTC-USD=$68681 | ETH-USD=$2081 | BNB-USD=$630 | XRP-USD=$1 | BTC-USD fr=-0.000072 | ETH-USD fr=-0.000034
2026-03-22 10:40:08 [INFO] NEW BTC-USD Bitcoin Up or Down - March 22, 6:40AM-6:45AM ET yes=0.54 window=300s
2026-03-22 10:40:08 [INFO] NEW ETH-USD Ethereum Up or Down - March 22, 6:40AM-6:45AM ET yes=0.52 window=300s
2026-03-22 10:40:08 [INFO] NEW SOL-USD Solana Up or Down - March 22, 6:40AM-6:45AM ET yes=0.50 window=300s
2026-03-22 10:40:08 [INFO] NEW XRP-USD XRP Up or Down - March 22, 6:40AM-6:45AM ET yes=0.54 window=300s
2026-03-22 10:40:08 [INFO] NEW DOGE-USD Dogecoin Up or Down - March 22, 6:40AM-6:45AM ET yes=0.50 window=300s
2026-03-22 10:40:08 [INFO] NEW BNB-USD BNB Up or Down - March 22, 6:40AM-6:45AM ET yes=0.50 window=300s
2026-03-22 10:40:08 [INFO] NEW HYPE-USD Hyperliquid Up or Down - March 22, 6:40AM-6:45AM ET yes=0.50 window=300s
2026-03-22 10:40:27 [INFO] RESOLVED BTC-USD -> DOWN yes=0.50 Bitcoin Up or Down - March 22, 6:35AM-6:
2026-03-22 10:40:27 [INFO] RESOLVED ETH-USD -> DOWN yes=0.50 Ethereum Up or Down - March 22, 6:35AM-6
2026-03-22 10:40:27 [INFO] RESOLVED SOL-USD -> DOWN yes=0.50 Solana Up or Down - March 22, 6:35AM-6:4
2026-03-22 10:40:27 [INFO] RESOLVED XRP-USD -> DOWN yes=0.50 XRP Up or Down - March 22, 6:35AM-6:40AM
2026-03-22 10:40:27 [INFO] RESOLVED DOGE-USD -> DOWN yes=0.50 Dogecoin Up or Down - March 22, 6:35AM-6
2026-03-22 10:40:27 [INFO] RESOLVED BNB-USD -> DOWN yes=0.50 BNB Up or Down - March 22, 6:35AM-6:40AM
2026-03-22 10:40:27 [INFO] RESOLVED HYPE-USD -> DOWN yes=0.50 Hyperliquid Up or Down - March 22, 6:35A
2026-03-22 10:40:31 [INFO] Status: 14 active, 406 disc, 16086 poly, 69532 price, 37164 flow, 24980 funding, 392 resolved | DOGE-USD=$0 | SOL-USD=$87 | BTC-USD=$68615 | ETH-USD=$2079 | BNB-USD=$630 | XRP-USD=$1 | BTC-USD fr=-0.000072 | ETH-USD fr=-0.000034
2026-03-22 10:41:36 [INFO] Status: 14 active, 406 disc, 16170 poly, 69896 price, 37360 flow, 25110 funding, 392 resolved | DOGE-USD=$0 | SOL-USD=$87 | BTC-USD=$68625 | ETH-USD=$2080 | BNB-USD=$630 | XRP-USD=$1 | BTC-USD fr=-0.000074 | ETH-USD fr=-0.000035
2026-03-22 10:42:41 [INFO] Status: 14 active, 406 disc, 16254 poly, 70258 price, 37548 flow, 25238 funding, 392 resolved | DOGE-USD=$0 | SOL-USD=$87 | BTC-USD=$68647 | ETH-USD=$2080 | BNB-USD=$630 | XRP-USD=$1 | BTC-USD fr=-0.000074 | ETH-USD fr=-0.000035
2026-03-22 10:43:44 [INFO] Status: 14 active, 406 disc, 16338 poly, 70607 price, 37724 flow, 25366 funding, 392 resolved | DOGE-USD=$0 | SOL-USD=$87 | BTC-USD=$68626 | ETH-USD=$2080 | BNB-USD=$630 | XRP-USD=$1 | BTC-USD fr=-0.000074 | ETH-USD fr=-0.000035
2026-03-22 10:44:47 [INFO] Status: 14 active, 406 disc, 16422 poly, 70976 price, 37931 flow, 25492 funding, 392 resolved | DOGE-USD=$0 | SOL-USD=$87 | BTC-USD=$68609 | ETH-USD=$2080 | BNB-USD=$629 | XRP-USD=$1 | BTC-USD fr=-0.000075 | ETH-USD fr=-0.000035
2026-03-22 10:45:02 [INFO] NEW BTC-USD Bitcoin Up or Down - March 22, 6:45AM-6:50AM ET yes=0.54 window=300s
2026-03-22 10:45:02 [INFO] NEW ETH-USD Ethereum Up or Down - March 22, 6:45AM-6:50AM ET yes=0.54 window=300s
2026-03-22 10:45:02 [INFO] NEW SOL-USD Solana Up or Down - March 22, 6:45AM-6:50AM ET yes=0.51 window=300s
2026-03-22 10:45:02 [INFO] NEW XRP-USD XRP Up or Down - March 22, 6:45AM-6:50AM ET yes=0.54 window=300s
2026-03-22 10:45:02 [INFO] NEW DOGE-USD Dogecoin Up or Down - March 22, 6:45AM-6:50AM ET yes=0.50 window=300s
2026-03-22 10:45:02 [INFO] NEW BNB-USD BNB Up or Down - March 22, 6:45AM-6:50AM ET yes=0.50 window=300s
2026-03-22 10:45:02 [INFO] NEW HYPE-USD Hyperliquid Up or Down - March 22, 6:45AM-6:50AM ET yes=0.50 window=300s
2026-03-22 10:45:02 [INFO] NEW BTC-USD Bitcoin Up or Down - March 22, 6:45AM-7:00AM ET yes=0.59 window=900s
2026-03-22 10:45:02 [INFO] NEW ETH-USD Ethereum Up or Down - March 22, 6:45AM-7:00AM ET yes=0.56 window=900s
2026-03-22 10:45:02 [INFO] NEW SOL-USD Solana Up or Down - March 22, 6:45AM-7:00AM ET yes=0.54 window=900s
2026-03-22 10:45:02 [INFO] NEW XRP-USD XRP Up or Down - March 22, 6:45AM-7:00AM ET yes=0.57 window=900s
2026-03-22 10:45:02 [INFO] NEW DOGE-USD Dogecoin Up or Down - March 22, 6:45AM-7:00AM ET yes=0.54 window=900s
2026-03-22 10:45:02 [INFO] NEW BNB-USD BNB Up or Down - March 22, 6:45AM-7:00AM ET yes=0.50 window=900s
2026-03-22 10:45:02 [INFO] NEW HYPE-USD Hyperliquid Up or Down - March 22, 6:45AM-7:00AM ET yes=0.50 window=900s
2026-03-22 10:45:22 [INFO] RESOLVED BTC-USD -> DOWN yes=0.50 Bitcoin Up or Down - March 22, 6:30AM-6:
2026-03-22 10:45:22 [INFO] RESOLVED ETH-USD -> DOWN yes=0.50 Ethereum Up or Down - March 22, 6:30AM-6
2026-03-22 10:45:22 [INFO] RESOLVED SOL-USD -> DOWN yes=0.50 Solana Up or Down - March 22, 6:30AM-6:4
2026-03-22 10:45:22 [INFO] RESOLVED XRP-USD -> DOWN yes=0.50 XRP Up or Down - March 22, 6:30AM-6:45AM
2026-03-22 10:45:22 [INFO] RESOLVED DOGE-USD -> DOWN yes=0.50 Dogecoin Up or Down - March 22, 6:30AM-6
2026-03-22 10:45:22 [INFO] RESOLVED BNB-USD -> DOWN yes=0.50 BNB Up or Down - March 22, 6:30AM-6:45AM
2026-03-22 10:45:22 [INFO] RESOLVED HYPE-USD -> DOWN yes=0.50 Hyperliquid Up or Down - March 22, 6:30A
2026-03-22 10:45:22 [INFO] RESOLVED BTC-USD -> DOWN yes=0.50 Bitcoin Up or Down - March 22, 6:40AM-6:
2026-03-22 10:45:22 [INFO] RESOLVED ETH-USD -> DOWN yes=0.50 Ethereum Up or Down - March 22, 6:40AM-6
2026-03-22 10:45:22 [INFO] RESOLVED SOL-USD -> DOWN yes=0.50 Solana Up or Down - March 22, 6:40AM-6:4
2026-03-22 10:45:22 [INFO] RESOLVED XRP-USD -> DOWN yes=0.50 XRP Up or Down - March 22, 6:40AM-6:45AM
2026-03-22 10:45:22 [INFO] RESOLVED DOGE-USD -> DOWN yes=0.50 Dogecoin Up or Down - March 22, 6:40AM-6
2026-03-22 10:45:22 [INFO] RESOLVED BNB-USD -> DOWN yes=0.50 BNB Up or Down - March 22, 6:40AM-6:45AM
2026-03-22 10:45:22 [INFO] RESOLVED HYPE-USD -> DOWN yes=0.50 Hyperliquid Up or Down - March 22, 6:40A
2026-03-22 10:45:51 [INFO] Status: 14 active, 420 disc, 16506 poly, 71343 price, 38131 flow, 25620 funding, 406 resolved | DOGE-USD=$0 | SOL-USD=$87 | BTC-USD=$68644 | ETH-USD=$2081 | BNB-USD=$630 | XRP-USD=$1 | BTC-USD fr=-0.000075 | ETH-USD fr=-0.000036
2026-03-22 10:46:57 [INFO] Status: 14 active, 420 disc, 16590 poly, 71697 price, 38315 flow, 25752 funding, 406 resolved | DOGE-USD=$0 | SOL-USD=$87 | BTC-USD=$68640 | ETH-USD=$2081 | BNB-USD=$630 | XRP-USD=$1 | BTC-USD fr=-0.000075 | ETH-USD fr=-0.000036
2026-03-22 10:48:03 [INFO] Status: 14 active, 420 disc, 16674 poly, 72063 price, 38503 flow, 25884 funding, 406 resolved | DOGE-USD=$0 | SOL-USD=$87 | BTC-USD=$68649 | ETH-USD=$2081 | BNB-USD=$630 | XRP-USD=$1 | BTC-USD fr=-0.000076 | ETH-USD fr=-0.000036
2026-03-22 10:49:09 [INFO] Status: 14 active, 420 disc, 16758 poly, 72427 price, 38675 flow, 26016 funding, 406 resolved | DOGE-USD=$0 | SOL-USD=$87 | BTC-USD=$68633 | ETH-USD=$2080 | BNB-USD=$630 | XRP-USD=$1 | BTC-USD fr=-0.000077 | ETH-USD fr=-0.000037
2026-03-22 10:50:08 [INFO] NEW BTC-USD Bitcoin Up or Down - March 22, 6:50AM-6:55AM ET yes=0.55 window=300s
2026-03-22 10:50:08 [INFO] NEW ETH-USD Ethereum Up or Down - March 22, 6:50AM-6:55AM ET yes=0.54 window=300s
2026-03-22 10:50:08 [INFO] NEW SOL-USD Solana Up or Down - March 22, 6:50AM-6:55AM ET yes=0.50 window=300s
2026-03-22 10:50:08 [INFO] NEW XRP-USD XRP Up or Down - March 22, 6:50AM-6:55AM ET yes=0.55 window=300s
2026-03-22 10:50:08 [INFO] NEW DOGE-USD Dogecoin Up or Down - March 22, 6:50AM-6:55AM ET yes=0.50 window=300s
2026-03-22 10:50:08 [INFO] NEW BNB-USD BNB Up or Down - March 22, 6:50AM-6:55AM ET yes=0.50 window=300s
2026-03-22 10:50:08 [INFO] NEW HYPE-USD Hyperliquid Up or Down - March 22, 6:50AM-6:55AM ET yes=0.50 window=300s
2026-03-22 10:50:20 [INFO] Status: 21 active, 427 disc, 16849 poly, 72824 price, 38877 flow, 26158 funding, 406 resolved | DOGE-USD=$0 | SOL-USD=$87 | BTC-USD=$68610 | ETH-USD=$2080 | BNB-USD=$629 | XRP-USD=$1 | BTC-USD fr=-0.000077 | ETH-USD fr=-0.000037
2026-03-22 10:50:25 [INFO] RESOLVED BTC-USD -> DOWN yes=0.50 Bitcoin Up or Down - March 22, 6:45AM-6:
2026-03-22 10:50:25 [INFO] RESOLVED ETH-USD -> DOWN yes=0.50 Ethereum Up or Down - March 22, 6:45AM-6
2026-03-22 10:50:25 [INFO] RESOLVED SOL-USD -> DOWN yes=0.50 Solana Up or Down - March 22, 6:45AM-6:5
2026-03-22 10:50:25 [INFO] RESOLVED XRP-USD -> DOWN yes=0.50 XRP Up or Down - March 22, 6:45AM-6:50AM
2026-03-22 10:50:25 [INFO] RESOLVED DOGE-USD -> DOWN yes=0.50 Dogecoin Up or Down - March 22, 6:45AM-6
2026-03-22 10:50:25 [INFO] RESOLVED BNB-USD -> DOWN yes=0.50 BNB Up or Down - March 22, 6:45AM-6:50AM
2026-03-22 10:50:25 [INFO] RESOLVED HYPE-USD -> DOWN yes=0.50 Hyperliquid Up or Down - March 22, 6:45A
2026-03-22 10:51:15 [INFO] Status: 14 active, 427 disc, 16919 poly, 73126 price, 39033 flow, 26268 funding, 413 resolved | DOGE-USD=$0 | SOL-USD=$87 | BTC-USD=$68606 | ETH-USD=$2080 | BNB-USD=$629 | XRP-USD=$1 | BTC-USD fr=-0.000078 | ETH-USD fr=-0.000038
2026-03-22 10:52:18 [INFO] Status: 14 active, 427 disc, 17003 poly, 73468 price, 39219 flow, 26394 funding, 413 resolved | DOGE-USD=$0 | SOL-USD=$87 | BTC-USD=$68617 | ETH-USD=$2081 | BNB-USD=$630 | XRP-USD=$1 | BTC-USD fr=-0.000078 | ETH-USD fr=-0.000039
2026-03-22 10:53:21 [INFO] Status: 14 active, 427 disc, 17087 poly, 73821 price, 39396 flow, 26520 funding, 413 resolved | DOGE-USD=$0 | SOL-USD=$87 | BTC-USD=$68643 | ETH-USD=$2082 | BNB-USD=$630 | XRP-USD=$1 | BTC-USD fr=-0.000079 | ETH-USD fr=-0.000039
2026-03-22 10:54:24 [INFO] Status: 14 active, 427 disc, 17171 poly, 74158 price, 39570 flow, 26646 funding, 413 resolved | DOGE-USD=$0 | SOL-USD=$87 | BTC-USD=$68630 | ETH-USD=$2081 | BNB-USD=$630 | XRP-USD=$1 | BTC-USD fr=-0.000079 | ETH-USD fr=-0.000039
2026-03-22 10:55:11 [INFO] NEW BTC-USD Bitcoin Up or Down - March 22, 6:55AM-7:00AM ET yes=0.52 window=300s
2026-03-22 10:55:11 [INFO] NEW ETH-USD Ethereum Up or Down - March 22, 6:55AM-7:00AM ET yes=0.51 window=300s
2026-03-22 10:55:11 [INFO] NEW SOL-USD Solana Up or Down - March 22, 6:55AM-7:00AM ET yes=0.52 window=300s
2026-03-22 10:55:11 [INFO] NEW XRP-USD XRP Up or Down - March 22, 6:55AM-7:00AM ET yes=0.50 window=300s
2026-03-22 10:55:11 [INFO] NEW DOGE-USD Dogecoin Up or Down - March 22, 6:55AM-7:00AM ET yes=0.50 window=300s
2026-03-22 10:55:11 [INFO] NEW BNB-USD BNB Up or Down - March 22, 6:55AM-7:00AM ET yes=0.50 window=300s
2026-03-22 10:55:11 [INFO] NEW HYPE-USD Hyperliquid Up or Down - March 22, 6:55AM-7:00AM ET yes=0.50 window=300s
2026-03-22 10:55:28 [INFO] RESOLVED BTC-USD -> DOWN yes=0.50 Bitcoin Up or Down - March 22, 6:50AM-6:
2026-03-22 10:55:28 [INFO] RESOLVED ETH-USD -> DOWN yes=0.50 Ethereum Up or Down - March 22, 6:50AM-6
2026-03-22 10:55:28 [INFO] RESOLVED SOL-USD -> DOWN yes=0.50 Solana Up or Down - March 22, 6:50AM-6:5
2026-03-22 10:55:28 [INFO] RESOLVED XRP-USD -> DOWN yes=0.50 XRP Up or Down - March 22, 6:50AM-6:55AM
2026-03-22 10:55:28 [INFO] RESOLVED DOGE-USD -> DOWN yes=0.50 Dogecoin Up or Down - March 22, 6:50AM-6
2026-03-22 10:55:28 [INFO] RESOLVED BNB-USD -> DOWN yes=0.50 BNB Up or Down - March 22, 6:50AM-6:55AM
2026-03-22 10:55:28 [INFO] RESOLVED HYPE-USD -> DOWN yes=0.50 Hyperliquid Up or Down - March 22, 6:50A
2026-03-22 10:55:32 [INFO] Status: 14 active, 434 disc, 17262 poly, 74515 price, 39762 flow, 26782 funding, 420 resolved | DOGE-USD=$0 | SOL-USD=$87 | BTC-USD=$68641 | ETH-USD=$2081 | BNB-USD=$630 | XRP-USD=$1 | BTC-USD fr=-0.000079 | ETH-USD fr=-0.000040
2026-03-22 10:56:37 [INFO] Status: 14 active, 434 disc, 17346 poly, 74868 price, 39945 flow, 26912 funding, 420 resolved | DOGE-USD=$0 | SOL-USD=$87 | BTC-USD=$68664 | ETH-USD=$2082 | BNB-USD=$630 | XRP-USD=$1 | BTC-USD fr=-0.000080 | ETH-USD fr=-0.000041
2026-03-22 10:57:41 [INFO] Status: 14 active, 434 disc, 17430 poly, 75211 price, 40125 flow, 27040 funding, 420 resolved | DOGE-USD=$0 | SOL-USD=$87 | BTC-USD=$68687 | ETH-USD=$2083 | BNB-USD=$630 | XRP-USD=$1 | BTC-USD fr=-0.000080 | ETH-USD fr=-0.000041
2026-03-22 10:58:45 [INFO] Status: 14 active, 434 disc, 17514 poly, 75544 price, 40295 flow, 27168 funding, 420 resolved | DOGE-USD=$0 | SOL-USD=$87 | BTC-USD=$68665 | ETH-USD=$2082 | BNB-USD=$630 | XRP-USD=$1 | BTC-USD fr=-0.000080 | ETH-USD fr=-0.000041
2026-03-22 10:59:49 [INFO] Status: 14 active, 434 disc, 17598 poly, 75880 price, 40469 flow, 27296 funding, 420 resolved | DOGE-USD=$0 | SOL-USD=$87 | BTC-USD=$68656 | ETH-USD=$2082 | BNB-USD=$630 | XRP-USD=$1 | BTC-USD fr=-0.000080 | ETH-USD fr=-0.000041
2026-03-22 11:00:05 [INFO] NEW BTC-USD Bitcoin Up or Down - March 22, 7:00AM-7:05AM ET yes=0.52 window=300s
2026-03-22 11:00:05 [INFO] NEW ETH-USD Ethereum Up or Down - March 22, 7:00AM-7:05AM ET yes=0.51 window=300s
2026-03-22 11:00:05 [INFO] NEW SOL-USD Solana Up or Down - March 22, 7:00AM-7:05AM ET yes=0.49 window=300s
2026-03-22 11:00:05 [INFO] NEW XRP-USD XRP Up or Down - March 22, 7:00AM-7:05AM ET yes=0.55 window=300s
2026-03-22 11:00:05 [INFO] NEW DOGE-USD Dogecoin Up or Down - March 22, 7:00AM-7:05AM ET yes=0.50 window=300s
2026-03-22 11:00:05 [INFO] NEW BNB-USD BNB Up or Down - March 22, 7:00AM-7:05AM ET yes=0.50 window=300s
2026-03-22 11:00:05 [INFO] NEW HYPE-USD Hyperliquid Up or Down - March 22, 7:00AM-7:05AM ET yes=0.50 window=300s
2026-03-22 11:00:05 [INFO] NEW BTC-USD Bitcoin Up or Down - March 22, 7:00AM-7:15AM ET yes=0.55 window=900s
2026-03-22 11:00:05 [INFO] NEW ETH-USD Ethereum Up or Down - March 22, 7:00AM-7:15AM ET yes=0.52 window=900s
2026-03-22 11:00:05 [INFO] NEW SOL-USD Solana Up or Down - March 22, 7:00AM-7:15AM ET yes=0.47 window=900s
2026-03-22 11:00:05 [INFO] NEW XRP-USD XRP Up or Down - March 22, 7:00AM-7:15AM ET yes=0.61 window=900s
2026-03-22 11:00:05 [INFO] NEW DOGE-USD Dogecoin Up or Down - March 22, 7:00AM-7:15AM ET yes=0.50 window=900s
2026-03-22 11:00:05 [INFO] NEW BNB-USD BNB Up or Down - March 22, 7:00AM-7:15AM ET yes=0.50 window=900s
2026-03-22 11:00:05 [INFO] NEW HYPE-USD Hyperliquid Up or Down - March 22, 7:00AM-7:15AM ET yes=0.50 window=900s
2026-03-22 11:00:28 [INFO] RESOLVED BTC-USD -> DOWN yes=0.50 Bitcoin Up or Down - March 22, 6:45AM-7:
2026-03-22 11:00:28 [INFO] RESOLVED ETH-USD -> DOWN yes=0.50 Ethereum Up or Down - March 22, 6:45AM-7
2026-03-22 11:00:28 [INFO] RESOLVED SOL-USD -> DOWN yes=0.50 Solana Up or Down - March 22, 6:45AM-7:0
2026-03-22 11:00:28 [INFO] RESOLVED XRP-USD -> DOWN yes=0.50 XRP Up or Down - March 22, 6:45AM-7:00AM
2026-03-22 11:00:28 [INFO] RESOLVED DOGE-USD -> DOWN yes=0.50 Dogecoin Up or Down - March 22, 6:45AM-7
2026-03-22 11:00:28 [INFO] RESOLVED BNB-USD -> DOWN yes=0.50 BNB Up or Down - March 22, 6:45AM-7:00AM
2026-03-22 11:00:28 [INFO] RESOLVED HYPE-USD -> DOWN yes=0.50 Hyperliquid Up or Down - March 22, 6:45A
2026-03-22 11:00:28 [INFO] RESOLVED BTC-USD -> DOWN yes=0.50 Bitcoin Up or Down - March 22, 6:55AM-7:
2026-03-22 11:00:28 [INFO] RESOLVED ETH-USD -> DOWN yes=0.50 Ethereum Up or Down - March 22, 6:55AM-7
2026-03-22 11:00:28 [INFO] RESOLVED SOL-USD -> DOWN yes=0.50 Solana Up or Down - March 22, 6:55AM-7:0
2026-03-22 11:00:28 [INFO] RESOLVED XRP-USD -> DOWN yes=0.50 XRP Up or Down - March 22, 6:55AM-7:00AM
2026-03-22 11:00:28 [INFO] RESOLVED DOGE-USD -> DOWN yes=0.50 Dogecoin Up or Down - March 22, 6:55AM-7
2026-03-22 11:00:28 [INFO] RESOLVED BNB-USD -> DOWN yes=0.50 BNB Up or Down - March 22, 6:55AM-7:00AM
2026-03-22 11:00:28 [INFO] RESOLVED HYPE-USD -> DOWN yes=0.50 Hyperliquid Up or Down - March 22, 6:55A
2026-03-22 11:00:57 [INFO] Status: 14 active, 448 disc, 17682 poly, 76245 price, 40683 flow, 27432 funding, 434 resolved | DOGE-USD=$0 | SOL-USD=$87 | BTC-USD=$68643 | ETH-USD=$2081 | BNB-USD=$630 | XRP-USD=$1 | BTC-USD fr=-0.000080 | ETH-USD fr=-0.000042
2026-03-22 11:02:00 [INFO] Status: 14 active, 448 disc, 17766 poly, 76582 price, 40872 flow, 27558 funding, 434 resolved | DOGE-USD=$0 | SOL-USD=$87 | BTC-USD=$68643 | ETH-USD=$2081 | BNB-USD=$630 | XRP-USD=$1 | BTC-USD fr=-0.000081 | ETH-USD fr=-0.000043
2026-03-22 11:03:03 [INFO] Status: 14 active, 448 disc, 17850 poly, 76934 price, 41064 flow, 27684 funding, 434 resolved | DOGE-USD=$0 | SOL-USD=$87 | BTC-USD=$68589 | ETH-USD=$2079 | BNB-USD=$629 | XRP-USD=$1 | BTC-USD fr=-0.000082 | ETH-USD fr=-0.000044
2026-03-22 11:04:06 [INFO] Status: 14 active, 448 disc, 17934 poly, 77305 price, 41290 flow, 27810 funding, 434 resolved | DOGE-USD=$0 | SOL-USD=$87 | BTC-USD=$68586 | ETH-USD=$2080 | BNB-USD=$629 | XRP-USD=$1 | BTC-USD fr=-0.000083 | ETH-USD fr=-0.000045
2026-03-22 11:05:03 [INFO] NEW BTC-USD Bitcoin Up or Down - March 22, 7:05AM-7:10AM ET yes=0.51 window=300s
2026-03-22 11:05:03 [INFO] NEW ETH-USD Ethereum Up or Down - March 22, 7:05AM-7:10AM ET yes=0.49 window=300s
2026-03-22 11:05:03 [INFO] NEW SOL-USD Solana Up or Down - March 22, 7:05AM-7:10AM ET yes=0.54 window=300s
2026-03-22 11:05:03 [INFO] NEW XRP-USD XRP Up or Down - March 22, 7:05AM-7:10AM ET yes=0.49 window=300s
2026-03-22 11:05:03 [INFO] NEW DOGE-USD Dogecoin Up or Down - March 22, 7:05AM-7:10AM ET yes=0.50 window=300s
2026-03-22 11:05:03 [INFO] NEW BNB-USD BNB Up or Down - March 22, 7:05AM-7:10AM ET yes=0.50 window=300s
2026-03-22 11:05:03 [INFO] NEW HYPE-USD Hyperliquid Up or Down - March 22, 7:05AM-7:10AM ET yes=0.50 window=300s
2026-03-22 11:05:15 [INFO] Status: 21 active, 455 disc, 18025 poly, 77703 price, 41512 flow, 27948 funding, 434 resolved | DOGE-USD=$0 | SOL-USD=$87 | BTC-USD=$68640 | ETH-USD=$2082 | BNB-USD=$630 | XRP-USD=$1 | BTC-USD fr=-0.000083 | ETH-USD fr=-0.000045
2026-03-22 11:05:18 [INFO] RESOLVED BTC-USD -> DOWN yes=0.50 Bitcoin Up or Down - March 22, 7:00AM-7:
2026-03-22 11:05:18 [INFO] RESOLVED ETH-USD -> DOWN yes=0.50 Ethereum Up or Down - March 22, 7:00AM-7
2026-03-22 11:05:18 [INFO] RESOLVED SOL-USD -> DOWN yes=0.50 Solana Up or Down - March 22, 7:00AM-7:0
2026-03-22 11:05:18 [INFO] RESOLVED XRP-USD -> DOWN yes=0.50 XRP Up or Down - March 22, 7:00AM-7:05AM
2026-03-22 11:05:18 [INFO] RESOLVED DOGE-USD -> DOWN yes=0.50 Dogecoin Up or Down - March 22, 7:00AM-7
2026-03-22 11:05:18 [INFO] RESOLVED BNB-USD -> DOWN yes=0.50 BNB Up or Down - March 22, 7:00AM-7:05AM
2026-03-22 11:05:18 [INFO] RESOLVED HYPE-USD -> DOWN yes=0.50 Hyperliquid Up or Down - March 22, 7:00A
2026-03-22 11:06:18 [INFO] Status: 14 active, 455 disc, 18109 poly, 78060 price, 41712 flow, 28074 funding, 441 resolved | DOGE-USD=$0 | SOL-USD=$87 | BTC-USD=$68624 | ETH-USD=$2082 | BNB-USD=$629 | XRP-USD=$1 | BTC-USD fr=-0.000082 | ETH-USD fr=-0.000045
2026-03-22 11:07:22 [INFO] Status: 14 active, 455 disc, 18193 poly, 78415 price, 41901 flow, 28202 funding, 441 resolved | DOGE-USD=$0 | SOL-USD=$87 | BTC-USD=$68630 | ETH-USD=$2082 | BNB-USD=$630 | XRP-USD=$1 | BTC-USD fr=-0.000082 | ETH-USD fr=-0.000046
2026-03-22 11:08:25 [INFO] Status: 14 active, 455 disc, 18277 poly, 78758 price, 42090 flow, 28328 funding, 441 resolved | DOGE-USD=$0 | SOL-USD=$87 | BTC-USD=$68639 | ETH-USD=$2082 | BNB-USD=$629 | XRP-USD=$1 | BTC-USD fr=-0.000082 | ETH-USD fr=-0.000046
2026-03-22 11:09:30 [INFO] Status: 14 active, 455 disc, 18361 poly, 79106 price, 42266 flow, 28458 funding, 441 resolved | DOGE-USD=$0 | SOL-USD=$87 | BTC-USD=$68675 | ETH-USD=$2083 | BNB-USD=$630 | XRP-USD=$1 | BTC-USD fr=-0.000082 | ETH-USD fr=-0.000046
2026-03-22 11:10:09 [INFO] NEW BTC-USD Bitcoin Up or Down - March 22, 7:10AM-7:15AM ET yes=0.51 window=300s
2026-03-22 11:10:09 [INFO] NEW ETH-USD Ethereum Up or Down - March 22, 7:10AM-7:15AM ET yes=0.49 window=300s
2026-03-22 11:10:09 [INFO] NEW SOL-USD Solana Up or Down - March 22, 7:10AM-7:15AM ET yes=0.49 window=300s
2026-03-22 11:10:09 [INFO] NEW XRP-USD XRP Up or Down - March 22, 7:10AM-7:15AM ET yes=0.54 window=300s
2026-03-22 11:10:09 [INFO] NEW DOGE-USD Dogecoin Up or Down - March 22, 7:10AM-7:15AM ET yes=0.50 window=300s
2026-03-22 11:10:09 [INFO] NEW BNB-USD BNB Up or Down - March 22, 7:10AM-7:15AM ET yes=0.50 window=300s
2026-03-22 11:10:09 [INFO] NEW HYPE-USD Hyperliquid Up or Down - March 22, 7:10AM-7:15AM ET yes=0.50 window=300s
2026-03-22 11:10:29 [INFO] RESOLVED BTC-USD -> DOWN yes=0.50 Bitcoin Up or Down - March 22, 7:05AM-7:
2026-03-22 11:10:29 [INFO] RESOLVED ETH-USD -> DOWN yes=0.50 Ethereum Up or Down - March 22, 7:05AM-7
2026-03-22 11:10:29 [INFO] RESOLVED SOL-USD -> DOWN yes=0.50 Solana Up or Down - March 22, 7:05AM-7:1
2026-03-22 11:10:29 [INFO] RESOLVED XRP-USD -> DOWN yes=0.50 XRP Up or Down - March 22, 7:05AM-7:10AM
2026-03-22 11:10:29 [INFO] RESOLVED DOGE-USD -> DOWN yes=0.50 Dogecoin Up or Down - March 22, 7:05AM-7
2026-03-22 11:10:29 [INFO] RESOLVED BNB-USD -> DOWN yes=0.50 BNB Up or Down - March 22, 7:05AM-7:10AM
2026-03-22 11:10:29 [INFO] RESOLVED HYPE-USD -> DOWN yes=0.50 Hyperliquid Up or Down - March 22, 7:05A
2026-03-22 11:10:33 [INFO] Status: 14 active, 462 disc, 18438 poly, 79460 price, 42456 flow, 28584 funding, 448 resolved | DOGE-USD=$0 | SOL-USD=$87 | BTC-USD=$68645 | ETH-USD=$2082 | BNB-USD=$630 | XRP-USD=$1 | BTC-USD fr=-0.000083 | ETH-USD fr=-0.000047
2026-03-22 11:11:37 [INFO] Status: 14 active, 462 disc, 18522 poly, 79813 price, 42641 flow, 28712 funding, 448 resolved | DOGE-USD=$0 | SOL-USD=$87 | BTC-USD=$68677 | ETH-USD=$2083 | BNB-USD=$630 | XRP-USD=$1 | BTC-USD fr=-0.000082 | ETH-USD fr=-0.000047
2026-03-22 11:12:39 [INFO] Status: 14 active, 462 disc, 18606 poly, 80148 price, 42810 flow, 28836 funding, 448 resolved | DOGE-USD=$0 | SOL-USD=$87 | BTC-USD=$68676 | ETH-USD=$2083 | BNB-USD=$630 | XRP-USD=$1 | BTC-USD fr=-0.000082 | ETH-USD fr=-0.000047
2026-03-22 11:13:42 [INFO] Status: 14 active, 462 disc, 18690 poly, 80492 price, 42988 flow, 28962 funding, 448 resolved | DOGE-USD=$0 | SOL-USD=$87 | BTC-USD=$68686 | ETH-USD=$2083 | BNB-USD=$630 | XRP-USD=$1 | BTC-USD fr=-0.000082 | ETH-USD fr=-0.000047
2026-03-22 11:14:44 [INFO] Status: 14 active, 462 disc, 18774 poly, 80829 price, 43171 flow, 29086 funding, 448 resolved | DOGE-USD=$0 | SOL-USD=$87 | BTC-USD=$68659 | ETH-USD=$2082 | BNB-USD=$629 | XRP-USD=$1 | BTC-USD fr=-0.000082 | ETH-USD fr=-0.000047
2026-03-22 11:15:09 [INFO] NEW BTC-USD Bitcoin Up or Down - March 22, 7:15AM-7:20AM ET yes=0.51 window=300s
2026-03-22 11:15:09 [INFO] NEW ETH-USD Ethereum Up or Down - March 22, 7:15AM-7:20AM ET yes=0.48 window=300s
2026-03-22 11:15:09 [INFO] NEW SOL-USD Solana Up or Down - March 22, 7:15AM-7:20AM ET yes=0.49 window=300s
2026-03-22 11:15:09 [INFO] NEW XRP-USD XRP Up or Down - March 22, 7:15AM-7:20AM ET yes=0.49 window=300s
2026-03-22 11:15:09 [INFO] NEW DOGE-USD Dogecoin Up or Down - March 22, 7:15AM-7:20AM ET yes=0.45 window=300s
2026-03-22 11:15:09 [INFO] NEW BNB-USD BNB Up or Down - March 22, 7:15AM-7:20AM ET yes=0.50 window=300s
2026-03-22 11:15:09 [INFO] NEW HYPE-USD Hyperliquid Up or Down - March 22, 7:15AM-7:20AM ET yes=0.50 window=300s
2026-03-22 11:15:09 [INFO] NEW BTC-USD Bitcoin Up or Down - March 22, 7:15AM-7:30AM ET yes=0.49 window=900s
2026-03-22 11:15:09 [INFO] NEW ETH-USD Ethereum Up or Down - March 22, 7:15AM-7:30AM ET yes=0.46 window=900s
2026-03-22 11:15:09 [INFO] NEW SOL-USD Solana Up or Down - March 22, 7:15AM-7:30AM ET yes=0.51 window=900s
2026-03-22 11:15:09 [INFO] NEW XRP-USD XRP Up or Down - March 22, 7:15AM-7:30AM ET yes=0.54 window=900s
2026-03-22 11:15:09 [INFO] NEW DOGE-USD Dogecoin Up or Down - March 22, 7:15AM-7:30AM ET yes=0.50 window=900s
2026-03-22 11:15:09 [INFO] NEW BNB-USD BNB Up or Down - March 22, 7:15AM-7:30AM ET yes=0.50 window=900s
2026-03-22 11:15:09 [INFO] NEW HYPE-USD Hyperliquid Up or Down - March 22, 7:15AM-7:30AM ET yes=0.50 window=900s
2026-03-22 11:15:27 [INFO] RESOLVED BTC-USD -> DOWN yes=0.50 Bitcoin Up or Down - March 22, 7:00AM-7:
2026-03-22 11:15:27 [INFO] RESOLVED ETH-USD -> DOWN yes=0.50 Ethereum Up or Down - March 22, 7:00AM-7
2026-03-22 11:15:27 [INFO] RESOLVED SOL-USD -> DOWN yes=0.50 Solana Up or Down - March 22, 7:00AM-7:1
2026-03-22 11:15:27 [INFO] RESOLVED XRP-USD -> DOWN yes=0.50 XRP Up or Down - March 22, 7:00AM-7:15AM
2026-03-22 11:15:27 [INFO] RESOLVED DOGE-USD -> DOWN yes=0.50 Dogecoin Up or Down - March 22, 7:00AM-7
2026-03-22 11:15:27 [INFO] RESOLVED BNB-USD -> DOWN yes=0.50 BNB Up or Down - March 22, 7:00AM-7:15AM
2026-03-22 11:15:27 [INFO] RESOLVED HYPE-USD -> DOWN yes=0.50 Hyperliquid Up or Down - March 22, 7:00A
2026-03-22 11:15:27 [INFO] RESOLVED BTC-USD -> DOWN yes=0.50 Bitcoin Up or Down - March 22, 7:10AM-7:
2026-03-22 11:15:27 [INFO] RESOLVED ETH-USD -> DOWN yes=0.50 Ethereum Up or Down - March 22, 7:10AM-7
2026-03-22 11:15:27 [INFO] RESOLVED SOL-USD -> DOWN yes=0.50 Solana Up or Down - March 22, 7:10AM-7:1
2026-03-22 11:15:27 [INFO] RESOLVED XRP-USD -> DOWN yes=0.50 XRP Up or Down - March 22, 7:10AM-7:15AM
2026-03-22 11:15:27 [INFO] RESOLVED DOGE-USD -> DOWN yes=0.50 Dogecoin Up or Down - March 22, 7:10AM-7
2026-03-22 11:15:27 [INFO] RESOLVED BNB-USD -> DOWN yes=0.50 BNB Up or Down - March 22, 7:10AM-7:15AM
2026-03-22 11:15:27 [INFO] RESOLVED HYPE-USD -> DOWN yes=0.50 Hyperliquid Up or Down - March 22, 7:10A
2026-03-22 11:15:44 [INFO] Status: 14 active, 476 disc, 18858 poly, 81164 price, 43352 flow, 29206 funding, 462 resolved | DOGE-USD=$0 | SOL-USD=$87 | BTC-USD=$68674 | ETH-USD=$2083 | BNB-USD=$630 | XRP-USD=$1 | BTC-USD fr=-0.000082 | ETH-USD fr=-0.000047
2026-03-22 11:16:48 [INFO] Status: 14 active, 476 disc, 18942 poly, 81522 price, 43551 flow, 29334 funding, 462 resolved | DOGE-USD=$0 | SOL-USD=$87 | BTC-USD=$68644 | ETH-USD=$2082 | BNB-USD=$629 | XRP-USD=$1 | BTC-USD fr=-0.000082 | ETH-USD fr=-0.000048
2026-03-22 11:17:56 [INFO] Status: 14 active, 476 disc, 19026 poly, 81898 price, 43735 flow, 29470 funding, 462 resolved | DOGE-USD=$0 | SOL-USD=$87 | BTC-USD=$68637 | ETH-USD=$2082 | BNB-USD=$629 | XRP-USD=$1 | BTC-USD fr=-0.000083 | ETH-USD fr=-0.000048
2026-03-22 11:19:02 [INFO] Status: 14 active, 476 disc, 19110 poly, 82258 price, 43922 flow, 29602 funding, 462 resolved | DOGE-USD=$0 | SOL-USD=$87 | BTC-USD=$68640 | ETH-USD=$2082 | BNB-USD=$629 | XRP-USD=$1 | BTC-USD fr=-0.000084 | ETH-USD fr=-0.000049
2026-03-22 11:20:02 [INFO] NEW BTC-USD Bitcoin Up or Down - March 22, 7:20AM-7:25AM ET yes=0.52 window=300s
2026-03-22 11:20:02 [INFO] NEW ETH-USD Ethereum Up or Down - March 22, 7:20AM-7:25AM ET yes=0.49 window=300s
2026-03-22 11:20:02 [INFO] NEW SOL-USD Solana Up or Down - March 22, 7:20AM-7:25AM ET yes=0.49 window=300s
2026-03-22 11:20:02 [INFO] NEW XRP-USD XRP Up or Down - March 22, 7:20AM-7:25AM ET yes=0.54 window=300s
2026-03-22 11:20:02 [INFO] NEW DOGE-USD Dogecoin Up or Down - March 22, 7:20AM-7:25AM ET yes=0.45 window=300s
2026-03-22 11:20:02 [INFO] NEW BNB-USD BNB Up or Down - March 22, 7:20AM-7:25AM ET yes=0.50 window=300s
2026-03-22 11:20:02 [INFO] NEW HYPE-USD Hyperliquid Up or Down - March 22, 7:20AM-7:25AM ET yes=0.50 window=300s
2026-03-22 11:20:16 [INFO] Status: 21 active, 483 disc, 19201 poly, 82653 price, 44123 flow, 29750 funding, 462 resolved | DOGE-USD=$0 | SOL-USD=$87 | BTC-USD=$68610 | ETH-USD=$2081 | BNB-USD=$629 | XRP-USD=$1 | BTC-USD fr=-0.000084 | ETH-USD fr=-0.000049
2026-03-22 11:20:20 [INFO] RESOLVED BTC-USD -> DOWN yes=0.50 Bitcoin Up or Down - March 22, 7:15AM-7:
2026-03-22 11:20:20 [INFO] RESOLVED ETH-USD -> DOWN yes=0.50 Ethereum Up or Down - March 22, 7:15AM-7
2026-03-22 11:20:20 [INFO] RESOLVED SOL-USD -> DOWN yes=0.50 Solana Up or Down - March 22, 7:15AM-7:2
2026-03-22 11:20:20 [INFO] RESOLVED XRP-USD -> DOWN yes=0.50 XRP Up or Down - March 22, 7:15AM-7:20AM
2026-03-22 11:20:20 [INFO] RESOLVED DOGE-USD -> DOWN yes=0.50 Dogecoin Up or Down - March 22, 7:15AM-7
2026-03-22 11:20:20 [INFO] RESOLVED BNB-USD -> DOWN yes=0.50 BNB Up or Down - March 22, 7:15AM-7:20AM
2026-03-22 11:20:20 [INFO] RESOLVED HYPE-USD -> DOWN yes=0.50 Hyperliquid Up or Down - March 22, 7:15A
2026-03-22 11:21:15 [INFO] Status: 14 active, 483 disc, 19271 poly, 82974 price, 44292 flow, 29868 funding, 469 resolved | DOGE-USD=$0 | SOL-USD=$87 | BTC-USD=$68621 | ETH-USD=$2081 | BNB-USD=$629 | XRP-USD=$1 | BTC-USD fr=-0.000085 | ETH-USD fr=-0.000050
2026-03-22 11:22:21 [INFO] Status: 14 active, 483 disc, 19355 poly, 83351 price, 44490 flow, 30000 funding, 469 resolved | DOGE-USD=$0 | SOL-USD=$87 | BTC-USD=$68658 | ETH-USD=$2082 | BNB-USD=$630 | XRP-USD=$1 | BTC-USD fr=-0.000085 | ETH-USD fr=-0.000050
2026-03-22 11:23:25 [INFO] Status: 14 active, 483 disc, 19439 poly, 83702 price, 44687 flow, 30128 funding, 469 resolved | DOGE-USD=$0 | SOL-USD=$87 | BTC-USD=$68678 | ETH-USD=$2083 | BNB-USD=$630 | XRP-USD=$1 | BTC-USD fr=-0.000085 | ETH-USD fr=-0.000050
2026-03-22 11:24:30 [INFO] Status: 14 active, 483 disc, 19523 poly, 84044 price, 44853 flow, 30258 funding, 469 resolved | DOGE-USD=$0 | SOL-USD=$87 | BTC-USD=$68651 | ETH-USD=$2081 | BNB-USD=$630 | XRP-USD=$1 | BTC-USD fr=-0.000086 | ETH-USD fr=-0.000050
2026-03-22 11:25:07 [INFO] NEW BTC-USD Bitcoin Up or Down - March 22, 7:25AM-7:30AM ET yes=0.58 window=300s
2026-03-22 11:25:07 [INFO] NEW ETH-USD Ethereum Up or Down - March 22, 7:25AM-7:30AM ET yes=0.51 window=300s
2026-03-22 11:25:07 [INFO] NEW SOL-USD Solana Up or Down - March 22, 7:25AM-7:30AM ET yes=0.49 window=300s
2026-03-22 11:25:07 [INFO] NEW XRP-USD XRP Up or Down - March 22, 7:25AM-7:30AM ET yes=0.51 window=300s
2026-03-22 11:25:07 [INFO] NEW DOGE-USD Dogecoin Up or Down - March 22, 7:25AM-7:30AM ET yes=0.50 window=300s
2026-03-22 11:25:07 [INFO] NEW BNB-USD BNB Up or Down - March 22, 7:25AM-7:30AM ET yes=0.50 window=300s
2026-03-22 11:25:07 [INFO] NEW HYPE-USD Hyperliquid Up or Down - March 22, 7:25AM-7:30AM ET yes=0.50 window=300s
2026-03-22 11:25:25 [INFO] RESOLVED BTC-USD -> DOWN yes=0.50 Bitcoin Up or Down - March 22, 7:20AM-7:
2026-03-22 11:25:25 [INFO] RESOLVED ETH-USD -> DOWN yes=0.50 Ethereum Up or Down - March 22, 7:20AM-7
2026-03-22 11:25:25 [INFO] RESOLVED SOL-USD -> DOWN yes=0.50 Solana Up or Down - March 22, 7:20AM-7:2
2026-03-22 11:25:25 [INFO] RESOLVED XRP-USD -> DOWN yes=0.50 XRP Up or Down - March 22, 7:20AM-7:25AM
2026-03-22 11:25:25 [INFO] RESOLVED DOGE-USD -> DOWN yes=0.50 Dogecoin Up or Down - March 22, 7:20AM-7
2026-03-22 11:25:25 [INFO] RESOLVED BNB-USD -> DOWN yes=0.50 BNB Up or Down - March 22, 7:20AM-7:25AM
2026-03-22 11:25:25 [INFO] RESOLVED HYPE-USD -> DOWN yes=0.50 Hyperliquid Up or Down - March 22, 7:20A
2026-03-22 11:25:40 [INFO] Status: 14 active, 490 disc, 19614 poly, 84433 price, 45081 flow, 30398 funding, 476 resolved | DOGE-USD=$0 | SOL-USD=$87 | BTC-USD=$68469 | ETH-USD=$2077 | BNB-USD=$628 | XRP-USD=$1 | BTC-USD fr=-0.000086 | ETH-USD fr=-0.000052
2026-03-22 11:26:44 [INFO] Status: 14 active, 490 disc, 19698 poly, 84812 price, 45319 flow, 30526 funding, 476 resolved | DOGE-USD=$0 | SOL-USD=$87 | BTC-USD=$68465 | ETH-USD=$2077 | BNB-USD=$629 | XRP-USD=$1 | BTC-USD fr=-0.000086 | ETH-USD fr=-0.000052
2026-03-22 11:27:48 [INFO] Status: 14 active, 490 disc, 19782 poly, 85192 price, 45551 flow, 30654 funding, 476 resolved | DOGE-USD=$0 | SOL-USD=$87 | BTC-USD=$68420 | ETH-USD=$2077 | BNB-USD=$628 | XRP-USD=$1 | BTC-USD fr=-0.000088 | ETH-USD fr=-0.000054
2026-03-22 11:28:52 [INFO] Status: 14 active, 490 disc, 19866 poly, 85557 price, 45750 flow, 30782 funding, 476 resolved | DOGE-USD=$0 | SOL-USD=$87 | BTC-USD=$68425 | ETH-USD=$2077 | BNB-USD=$629 | XRP-USD=$1 | BTC-USD fr=-0.000088 | ETH-USD fr=-0.000055
2026-03-22 11:29:56 [INFO] Status: 14 active, 490 disc, 19950 poly, 85900 price, 45933 flow, 30910 funding, 476 resolved | DOGE-USD=$0 | SOL-USD=$87 | BTC-USD=$68428 | ETH-USD=$2077 | BNB-USD=$629 | XRP-USD=$1 | BTC-USD fr=-0.000088 | ETH-USD fr=-0.000055
2026-03-22 11:30:13 [INFO] NEW BTC-USD Bitcoin Up or Down - March 22, 7:30AM-7:35AM ET yes=0.51 window=300s
2026-03-22 11:30:13 [INFO] NEW ETH-USD Ethereum Up or Down - March 22, 7:30AM-7:35AM ET yes=0.52 window=300s
2026-03-22 11:30:13 [INFO] NEW SOL-USD Solana Up or Down - March 22, 7:30AM-7:35AM ET yes=0.54 window=300s
2026-03-22 11:30:13 [INFO] NEW XRP-USD XRP Up or Down - March 22, 7:30AM-7:35AM ET yes=0.52 window=300s
2026-03-22 11:30:13 [INFO] NEW DOGE-USD Dogecoin Up or Down - March 22, 7:30AM-7:35AM ET yes=0.50 window=300s
2026-03-22 11:30:13 [INFO] NEW BNB-USD BNB Up or Down - March 22, 7:30AM-7:35AM ET yes=0.50 window=300s
2026-03-22 11:30:13 [INFO] NEW HYPE-USD Hyperliquid Up or Down - March 22, 7:30AM-7:35AM ET yes=0.50 window=300s
2026-03-22 11:30:13 [INFO] NEW BTC-USD Bitcoin Up or Down - March 22, 7:30AM-7:45AM ET yes=0.56 window=900s
2026-03-22 11:30:13 [INFO] NEW ETH-USD Ethereum Up or Down - March 22, 7:30AM-7:45AM ET yes=0.55 window=900s
2026-03-22 11:30:13 [INFO] NEW SOL-USD Solana Up or Down - March 22, 7:30AM-7:45AM ET yes=0.56 window=900s
2026-03-22 11:30:13 [INFO] NEW XRP-USD XRP Up or Down - March 22, 7:30AM-7:45AM ET yes=0.55 window=900s
2026-03-22 11:30:13 [INFO] NEW DOGE-USD Dogecoin Up or Down - March 22, 7:30AM-7:45AM ET yes=0.50 window=900s
2026-03-22 11:30:13 [INFO] NEW BNB-USD BNB Up or Down - March 22, 7:30AM-7:45AM ET yes=0.50 window=900s
2026-03-22 11:30:13 [INFO] NEW HYPE-USD Hyperliquid Up or Down - March 22, 7:30AM-7:45AM ET yes=0.50 window=900s
2026-03-22 11:30:13 [INFO] RESOLVED BTC-USD -> DOWN yes=0.50 Bitcoin Up or Down - March 22, 7:15AM-7:
2026-03-22 11:30:13 [INFO] RESOLVED ETH-USD -> DOWN yes=0.50 Ethereum Up or Down - March 22, 7:15AM-7
2026-03-22 11:30:13 [INFO] RESOLVED SOL-USD -> DOWN yes=0.50 Solana Up or Down - March 22, 7:15AM-7:3
2026-03-22 11:30:13 [INFO] RESOLVED XRP-USD -> DOWN yes=0.50 XRP Up or Down - March 22, 7:15AM-7:30AM
2026-03-22 11:30:13 [INFO] RESOLVED DOGE-USD -> DOWN yes=0.50 Dogecoin Up or Down - March 22, 7:15AM-7
2026-03-22 11:30:13 [INFO] RESOLVED BNB-USD -> DOWN yes=0.50 BNB Up or Down - March 22, 7:15AM-7:30AM
2026-03-22 11:30:13 [INFO] RESOLVED HYPE-USD -> DOWN yes=0.50 Hyperliquid Up or Down - March 22, 7:15A
2026-03-22 11:30:13 [INFO] RESOLVED BTC-USD -> DOWN yes=0.50 Bitcoin Up or Down - March 22, 7:25AM-7:
2026-03-22 11:30:13 [INFO] RESOLVED ETH-USD -> DOWN yes=0.50 Ethereum Up or Down - March 22, 7:25AM-7
2026-03-22 11:30:13 [INFO] RESOLVED SOL-USD -> DOWN yes=0.50 Solana Up or Down - March 22, 7:25AM-7:3
2026-03-22 11:30:13 [INFO] RESOLVED XRP-USD -> DOWN yes=0.50 XRP Up or Down - March 22, 7:25AM-7:30AM
2026-03-22 11:30:13 [INFO] RESOLVED DOGE-USD -> DOWN yes=0.50 Dogecoin Up or Down - March 22, 7:25AM-7
2026-03-22 11:30:13 [INFO] RESOLVED BNB-USD -> DOWN yes=0.50 BNB Up or Down - March 22, 7:25AM-7:30AM
2026-03-22 11:30:13 [INFO] RESOLVED HYPE-USD -> DOWN yes=0.50 Hyperliquid Up or Down - March 22, 7:25A
2026-03-22 11:31:05 [INFO] Status: 14 active, 504 disc, 20034 poly, 86300 price, 46165 flow, 31048 funding, 490 resolved | DOGE-USD=$0 | SOL-USD=$87 | BTC-USD=$68426 | ETH-USD=$2077 | BNB-USD=$629 | XRP-USD=$1 | BTC-USD fr=-0.000089 | ETH-USD fr=-0.000056
2026-03-22 11:32:08 [INFO] Status: 14 active, 504 disc, 20118 poly, 86652 price, 46355 flow, 31174 funding, 490 resolved | DOGE-USD=$0 | SOL-USD=$87 | BTC-USD=$68412 | ETH-USD=$2077 | BNB-USD=$629 | XRP-USD=$1 | BTC-USD fr=-0.000090 | ETH-USD fr=-0.000056
2026-03-22 11:33:12 [INFO] Status: 14 active, 504 disc, 20202 poly, 87015 price, 46558 flow, 31302 funding, 490 resolved | DOGE-USD=$0 | SOL-USD=$87 | BTC-USD=$68458 | ETH-USD=$2079 | BNB-USD=$629 | XRP-USD=$1 | BTC-USD fr=-0.000090 | ETH-USD fr=-0.000056
2026-03-22 11:34:14 [INFO] Status: 14 active, 504 disc, 20286 poly, 87378 price, 46757 flow, 31426 funding, 490 resolved | DOGE-USD=$0 | SOL-USD=$87 | BTC-USD=$68491 | ETH-USD=$2081 | BNB-USD=$629 | XRP-USD=$1 | BTC-USD fr=-0.000089 | ETH-USD fr=-0.000056
2026-03-22 11:35:11 [INFO] NEW BTC-USD Bitcoin Up or Down - March 22, 7:35AM-7:40AM ET yes=0.54 window=300s
2026-03-22 11:35:11 [INFO] NEW ETH-USD Ethereum Up or Down - March 22, 7:35AM-7:40AM ET yes=0.56 window=300s
2026-03-22 11:35:11 [INFO] NEW SOL-USD Solana Up or Down - March 22, 7:35AM-7:40AM ET yes=0.54 window=300s
2026-03-22 11:35:11 [INFO] NEW XRP-USD XRP Up or Down - March 22, 7:35AM-7:40AM ET yes=0.52 window=300s
2026-03-22 11:35:11 [INFO] NEW DOGE-USD Dogecoin Up or Down - March 22, 7:35AM-7:40AM ET yes=0.50 window=300s
2026-03-22 11:35:11 [INFO] NEW BNB-USD BNB Up or Down - March 22, 7:35AM-7:40AM ET yes=0.50 window=300s
2026-03-22 11:35:11 [INFO] NEW HYPE-USD Hyperliquid Up or Down - March 22, 7:35AM-7:40AM ET yes=0.50 window=300s
2026-03-22 11:35:22 [INFO] Status: 21 active, 511 disc, 20377 poly, 87763 price, 46970 flow, 31562 funding, 490 resolved | DOGE-USD=$0 | SOL-USD=$87 | BTC-USD=$68510 | ETH-USD=$2080 | BNB-USD=$629 | XRP-USD=$1 | BTC-USD fr=-0.000089 | ETH-USD fr=-0.000056
2026-03-22 11:35:25 [INFO] RESOLVED BTC-USD -> DOWN yes=0.50 Bitcoin Up or Down - March 22, 7:30AM-7:
2026-03-22 11:35:25 [INFO] RESOLVED ETH-USD -> DOWN yes=0.50 Ethereum Up or Down - March 22, 7:30AM-7
2026-03-22 11:35:25 [INFO] RESOLVED SOL-USD -> DOWN yes=0.50 Solana Up or Down - March 22, 7:30AM-7:3
2026-03-22 11:35:25 [INFO] RESOLVED XRP-USD -> DOWN yes=0.50 XRP Up or Down - March 22, 7:30AM-7:35AM
2026-03-22 11:35:25 [INFO] RESOLVED DOGE-USD -> DOWN yes=0.50 Dogecoin Up or Down - March 22, 7:30AM-7
2026-03-22 11:35:25 [INFO] RESOLVED BNB-USD -> DOWN yes=0.50 BNB Up or Down - March 22, 7:30AM-7:35AM
2026-03-22 11:35:25 [INFO] RESOLVED HYPE-USD -> DOWN yes=0.50 Hyperliquid Up or Down - March 22, 7:30A
2026-03-22 11:36:25 [INFO] Status: 14 active, 511 disc, 20461 poly, 88110 price, 47143 flow, 31688 funding, 497 resolved | DOGE-USD=$0 | SOL-USD=$87 | BTC-USD=$68511 | ETH-USD=$2080 | BNB-USD=$629 | XRP-USD=$1 | BTC-USD fr=-0.000089 | ETH-USD fr=-0.000056
2026-03-22 11:37:29 [INFO] Status: 14 active, 511 disc, 20545 poly, 88461 price, 47335 flow, 31816 funding, 497 resolved | DOGE-USD=$0 | SOL-USD=$87 | BTC-USD=$68500 | ETH-USD=$2080 | BNB-USD=$629 | XRP-USD=$1 | BTC-USD fr=-0.000089 | ETH-USD fr=-0.000056
2026-03-22 11:38:33 [INFO] Status: 14 active, 511 disc, 20629 poly, 88828 price, 47555 flow, 31944 funding, 497 resolved | DOGE-USD=$0 | SOL-USD=$87 | BTC-USD=$68475 | ETH-USD=$2080 | BNB-USD=$629 | XRP-USD=$1 | BTC-USD fr=-0.000090 | ETH-USD fr=-0.000056
2026-03-22 11:39:39 [INFO] Status: 14 active, 511 disc, 20713 poly, 89209 price, 47767 flow, 32076 funding, 497 resolved | DOGE-USD=$0 | SOL-USD=$87 | BTC-USD=$68498 | ETH-USD=$2081 | BNB-USD=$629 | XRP-USD=$1 | BTC-USD fr=-0.000090 | ETH-USD fr=-0.000057
2026-03-22 11:40:05 [INFO] NEW BTC-USD Bitcoin Up or Down - March 22, 7:40AM-7:45AM ET yes=0.52 window=300s
2026-03-22 11:40:05 [INFO] NEW ETH-USD Ethereum Up or Down - March 22, 7:40AM-7:45AM ET yes=0.51 window=300s
2026-03-22 11:40:05 [INFO] NEW SOL-USD Solana Up or Down - March 22, 7:40AM-7:45AM ET yes=0.54 window=300s
2026-03-22 11:40:05 [INFO] NEW XRP-USD XRP Up or Down - March 22, 7:40AM-7:45AM ET yes=0.50 window=300s
2026-03-22 11:40:05 [INFO] NEW DOGE-USD Dogecoin Up or Down - March 22, 7:40AM-7:45AM ET yes=0.50 window=300s
2026-03-22 11:40:05 [INFO] NEW BNB-USD BNB Up or Down - March 22, 7:40AM-7:45AM ET yes=0.50 window=300s
2026-03-22 11:40:05 [INFO] NEW HYPE-USD Hyperliquid Up or Down - March 22, 7:40AM-7:45AM ET yes=0.50 window=300s
2026-03-22 11:40:26 [INFO] RESOLVED BTC-USD -> DOWN yes=0.50 Bitcoin Up or Down - March 22, 7:35AM-7:
2026-03-22 11:40:26 [INFO] RESOLVED ETH-USD -> DOWN yes=0.50 Ethereum Up or Down - March 22, 7:35AM-7
2026-03-22 11:40:26 [INFO] RESOLVED SOL-USD -> DOWN yes=0.50 Solana Up or Down - March 22, 7:35AM-7:4
2026-03-22 11:40:26 [INFO] RESOLVED XRP-USD -> DOWN yes=0.50 XRP Up or Down - March 22, 7:35AM-7:40AM
2026-03-22 11:40:26 [INFO] RESOLVED DOGE-USD -> DOWN yes=0.50 Dogecoin Up or Down - March 22, 7:35AM-7
2026-03-22 11:40:26 [INFO] RESOLVED BNB-USD -> DOWN yes=0.50 BNB Up or Down - March 22, 7:35AM-7:40AM
2026-03-22 11:40:26 [INFO] RESOLVED HYPE-USD -> DOWN yes=0.50 Hyperliquid Up or Down - March 22, 7:35A
2026-03-22 11:40:43 [INFO] Status: 14 active, 518 disc, 20790 poly, 89581 price, 47980 flow, 32204 funding, 504 resolved | DOGE-USD=$0 | SOL-USD=$87 | BTC-USD=$68466 | ETH-USD=$2078 | BNB-USD=$629 | XRP-USD=$1 | BTC-USD fr=-0.000090 | ETH-USD fr=-0.000057
2026-03-22 11:41:49 [INFO] Status: 14 active, 518 disc, 20874 poly, 89975 price, 48269 flow, 32336 funding, 504 resolved | DOGE-USD=$0 | SOL-USD=$87 | BTC-USD=$68358 | ETH-USD=$2072 | BNB-USD=$628 | XRP-USD=$1 | BTC-USD fr=-0.000090 | ETH-USD fr=-0.000057
2026-03-22 11:42:53 [INFO] Status: 14 active, 518 disc, 20958 poly, 90352 price, 48486 flow, 32464 funding, 504 resolved | DOGE-USD=$0 | SOL-USD=$87 | BTC-USD=$68306 | ETH-USD=$2072 | BNB-USD=$628 | XRP-USD=$1 | BTC-USD fr=-0.000091 | ETH-USD fr=-0.000059
2026-03-22 11:43:58 [INFO] Status: 14 active, 518 disc, 21042 poly, 90731 price, 48678 flow, 32594 funding, 504 resolved | DOGE-USD=$0 | SOL-USD=$87 | BTC-USD=$68366 | ETH-USD=$2074 | BNB-USD=$629 | XRP-USD=$1 | BTC-USD fr=-0.000091 | ETH-USD fr=-0.000059
2026-03-22 11:45:06 [INFO] Status: 14 active, 518 disc, 21126 poly, 91129 price, 48895 flow, 32730 funding, 504 resolved | DOGE-USD=$0 | SOL-USD=$87 | BTC-USD=$68394 | ETH-USD=$2075 | BNB-USD=$629 | XRP-USD=$1 | BTC-USD fr=-0.000092 | ETH-USD fr=-0.000057
2026-03-22 11:45:10 [INFO] NEW BTC-USD Bitcoin Up or Down - March 22, 7:45AM-7:50AM ET yes=0.54 window=300s
2026-03-22 11:45:10 [INFO] NEW ETH-USD Ethereum Up or Down - March 22, 7:45AM-7:50AM ET yes=0.51 window=300s
2026-03-22 11:45:10 [INFO] NEW SOL-USD Solana Up or Down - March 22, 7:45AM-7:50AM ET yes=0.54 window=300s
2026-03-22 11:45:10 [INFO] NEW XRP-USD XRP Up or Down - March 22, 7:45AM-7:50AM ET yes=0.48 window=300s
2026-03-22 11:45:10 [INFO] NEW DOGE-USD Dogecoin Up or Down - March 22, 7:45AM-7:50AM ET yes=0.45 window=300s
2026-03-22 11:45:10 [INFO] NEW BNB-USD BNB Up or Down - March 22, 7:45AM-7:50AM ET yes=0.50 window=300s
2026-03-22 11:45:10 [INFO] NEW HYPE-USD Hyperliquid Up or Down - March 22, 7:45AM-7:50AM ET yes=0.50 window=300s
2026-03-22 11:45:10 [INFO] NEW BTC-USD Bitcoin Up or Down - March 22, 7:45AM-8:00AM ET yes=0.55 window=900s
2026-03-22 11:45:10 [INFO] NEW ETH-USD Ethereum Up or Down - March 22, 7:45AM-8:00AM ET yes=0.54 window=900s
2026-03-22 11:45:10 [INFO] NEW SOL-USD Solana Up or Down - March 22, 7:45AM-8:00AM ET yes=0.58 window=900s
2026-03-22 11:45:10 [INFO] NEW XRP-USD XRP Up or Down - March 22, 7:45AM-8:00AM ET yes=0.45 window=900s
2026-03-22 11:45:10 [INFO] NEW DOGE-USD Dogecoin Up or Down - March 22, 7:45AM-8:00AM ET yes=0.50 window=900s
2026-03-22 11:45:10 [INFO] NEW BNB-USD BNB Up or Down - March 22, 7:45AM-8:00AM ET yes=0.50 window=900s
2026-03-22 11:45:10 [INFO] NEW HYPE-USD Hyperliquid Up or Down - March 22, 7:45AM-8:00AM ET yes=0.50 window=900s
2026-03-22 11:45:28 [INFO] RESOLVED BTC-USD -> DOWN yes=0.50 Bitcoin Up or Down - March 22, 7:30AM-7:
2026-03-22 11:45:28 [INFO] RESOLVED ETH-USD -> DOWN yes=0.50 Ethereum Up or Down - March 22, 7:30AM-7
2026-03-22 11:45:28 [INFO] RESOLVED SOL-USD -> DOWN yes=0.50 Solana Up or Down - March 22, 7:30AM-7:4
2026-03-22 11:45:28 [INFO] RESOLVED XRP-USD -> DOWN yes=0.50 XRP Up or Down - March 22, 7:30AM-7:45AM
2026-03-22 11:45:28 [INFO] RESOLVED DOGE-USD -> DOWN yes=0.50 Dogecoin Up or Down - March 22, 7:30AM-7
2026-03-22 11:45:28 [INFO] RESOLVED BNB-USD -> DOWN yes=0.50 BNB Up or Down - March 22, 7:30AM-7:45AM
2026-03-22 11:45:28 [INFO] RESOLVED HYPE-USD -> DOWN yes=0.50 Hyperliquid Up or Down - March 22, 7:30A
2026-03-22 11:45:28 [INFO] RESOLVED BTC-USD -> DOWN yes=0.50 Bitcoin Up or Down - March 22, 7:40AM-7:
2026-03-22 11:45:28 [INFO] RESOLVED ETH-USD -> DOWN yes=0.50 Ethereum Up or Down - March 22, 7:40AM-7
2026-03-22 11:45:28 [INFO] RESOLVED SOL-USD -> DOWN yes=0.50 Solana Up or Down - March 22, 7:40AM-7:4
2026-03-22 11:45:28 [INFO] RESOLVED XRP-USD -> DOWN yes=0.50 XRP Up or Down - March 22, 7:40AM-7:45AM
2026-03-22 11:45:28 [INFO] RESOLVED DOGE-USD -> DOWN yes=0.50 Dogecoin Up or Down - March 22, 7:40AM-7
2026-03-22 11:45:28 [INFO] RESOLVED BNB-USD -> DOWN yes=0.50 BNB Up or Down - March 22, 7:40AM-7:45AM
2026-03-22 11:45:28 [INFO] RESOLVED HYPE-USD -> DOWN yes=0.50 Hyperliquid Up or Down - March 22, 7:40A
2026-03-22 11:46:08 [INFO] Status: 14 active, 532 disc, 21210 poly, 91489 price, 49088 flow, 32854 funding, 518 resolved | DOGE-USD=$0 | SOL-USD=$87 | BTC-USD=$68408 | ETH-USD=$2074 | BNB-USD=$629 | XRP-USD=$1 | BTC-USD fr=-0.000092 | ETH-USD fr=-0.000057
2026-03-22 11:47:13 [INFO] Status: 14 active, 532 disc, 21294 poly, 91865 price, 49294 flow, 32984 funding, 518 resolved | DOGE-USD=$0 | SOL-USD=$87 | BTC-USD=$68362 | ETH-USD=$2074 | BNB-USD=$629 | XRP-USD=$1 | BTC-USD fr=-0.000092 | ETH-USD fr=-0.000057
2026-03-22 11:48:20 [INFO] Status: 14 active, 532 disc, 21378 poly, 92247 price, 49485 flow, 33118 funding, 518 resolved | DOGE-USD=$0 | SOL-USD=$87 | BTC-USD=$68300 | ETH-USD=$2070 | BNB-USD=$628 | XRP-USD=$1 | BTC-USD fr=-0.000093 | ETH-USD fr=-0.000057
2026-03-22 11:49:25 [INFO] Status: 14 active, 532 disc, 21462 poly, 92625 price, 49693 flow, 33248 funding, 518 resolved | DOGE-USD=$0 | SOL-USD=$87 | BTC-USD=$68314 | ETH-USD=$2071 | BNB-USD=$629 | XRP-USD=$1 | BTC-USD fr=-0.000094 | ETH-USD fr=-0.000058
2026-03-22 11:50:12 [INFO] NEW BTC-USD Bitcoin Up or Down - March 22, 7:50AM-7:55AM ET yes=0.54 window=300s
2026-03-22 11:50:12 [INFO] NEW ETH-USD Ethereum Up or Down - March 22, 7:50AM-7:55AM ET yes=0.56 window=300s
2026-03-22 11:50:12 [INFO] NEW SOL-USD Solana Up or Down - March 22, 7:50AM-7:55AM ET yes=0.51 window=300s
2026-03-22 11:50:12 [INFO] NEW XRP-USD XRP Up or Down - March 22, 7:50AM-7:55AM ET yes=0.52 window=300s
2026-03-22 11:50:12 [INFO] NEW DOGE-USD Dogecoin Up or Down - March 22, 7:50AM-7:55AM ET yes=0.45 window=300s
2026-03-22 11:50:12 [INFO] NEW BNB-USD BNB Up or Down - March 22, 7:50AM-7:55AM ET yes=0.50 window=300s
2026-03-22 11:50:12 [INFO] NEW HYPE-USD Hyperliquid Up or Down - March 22, 7:50AM-7:55AM ET yes=0.50 window=300s
2026-03-22 11:50:27 [INFO] RESOLVED BTC-USD -> DOWN yes=0.50 Bitcoin Up or Down - March 22, 7:45AM-7:
2026-03-22 11:50:27 [INFO] RESOLVED ETH-USD -> DOWN yes=0.50 Ethereum Up or Down - March 22, 7:45AM-7
2026-03-22 11:50:27 [INFO] RESOLVED SOL-USD -> DOWN yes=0.50 Solana Up or Down - March 22, 7:45AM-7:5
2026-03-22 11:50:27 [INFO] RESOLVED XRP-USD -> DOWN yes=0.50 XRP Up or Down - March 22, 7:45AM-7:50AM
2026-03-22 11:50:27 [INFO] RESOLVED DOGE-USD -> DOWN yes=0.50 Dogecoin Up or Down - March 22, 7:45AM-7
2026-03-22 11:50:27 [INFO] RESOLVED BNB-USD -> DOWN yes=0.50 BNB Up or Down - March 22, 7:45AM-7:50AM
2026-03-22 11:50:27 [INFO] RESOLVED HYPE-USD -> DOWN yes=0.50 Hyperliquid Up or Down - March 22, 7:45A
2026-03-22 11:50:34 [INFO] Status: 14 active, 539 disc, 21553 poly, 93002 price, 49900 flow, 33386 funding, 525 resolved | DOGE-USD=$0 | SOL-USD=$87 | BTC-USD=$68362 | ETH-USD=$2073 | BNB-USD=$629 | XRP-USD=$1 | BTC-USD fr=-0.000094 | ETH-USD fr=-0.000058
2026-03-22 11:51:38 [INFO] Status: 14 active, 539 disc, 21637 poly, 93368 price, 50116 flow, 33514 funding, 525 resolved | DOGE-USD=$0 | SOL-USD=$87 | BTC-USD=$68322 | ETH-USD=$2071 | BNB-USD=$629 | XRP-USD=$1 | BTC-USD fr=-0.000094 | ETH-USD fr=-0.000058
2026-03-22 11:52:42 [INFO] Status: 14 active, 539 disc, 21721 poly, 93746 price, 50358 flow, 33642 funding, 525 resolved | DOGE-USD=$0 | SOL-USD=$87 | BTC-USD=$68184 | ETH-USD=$2069 | BNB-USD=$628 | XRP-USD=$1 | BTC-USD fr=-0.000094 | ETH-USD fr=-0.000059
2026-03-22 11:53:47 [INFO] Status: 14 active, 539 disc, 21805 poly, 94131 price, 50597 flow, 33772 funding, 525 resolved | DOGE-USD=$0 | SOL-USD=$87 | BTC-USD=$68258 | ETH-USD=$2070 | BNB-USD=$628 | XRP-USD=$1 | BTC-USD fr=-0.000095 | ETH-USD fr=-0.000059
2026-03-22 11:54:53 [INFO] Status: 14 active, 539 disc, 21889 poly, 94506 price, 50809 flow, 33904 funding, 525 resolved | DOGE-USD=$0 | SOL-USD=$87 | BTC-USD=$68323 | ETH-USD=$2072 | BNB-USD=$629 | XRP-USD=$1 | BTC-USD fr=-0.000095 | ETH-USD fr=-0.000059
2026-03-22 11:55:09 [INFO] NEW BTC-USD Bitcoin Up or Down - March 22, 7:55AM-8:00AM ET yes=0.55 window=300s
2026-03-22 11:55:09 [INFO] NEW ETH-USD Ethereum Up or Down - March 22, 7:55AM-8:00AM ET yes=0.53 window=300s
2026-03-22 11:55:09 [INFO] NEW SOL-USD Solana Up or Down - March 22, 7:55AM-8:00AM ET yes=0.53 window=300s
2026-03-22 11:55:09 [INFO] NEW XRP-USD XRP Up or Down - March 22, 7:55AM-8:00AM ET yes=0.51 window=300s
2026-03-22 11:55:09 [INFO] NEW DOGE-USD Dogecoin Up or Down - March 22, 7:55AM-8:00AM ET yes=0.50 window=300s
2026-03-22 11:55:09 [INFO] NEW BNB-USD BNB Up or Down - March 22, 7:55AM-8:00AM ET yes=0.50 window=300s
2026-03-22 11:55:09 [INFO] NEW HYPE-USD Hyperliquid Up or Down - March 22, 7:55AM-8:00AM ET yes=0.50 window=300s
2026-03-22 11:55:28 [INFO] RESOLVED BTC-USD -> DOWN yes=0.50 Bitcoin Up or Down - March 22, 7:50AM-7:
2026-03-22 11:55:28 [INFO] RESOLVED ETH-USD -> DOWN yes=0.50 Ethereum Up or Down - March 22, 7:50AM-7
2026-03-22 11:55:28 [INFO] RESOLVED SOL-USD -> DOWN yes=0.50 Solana Up or Down - March 22, 7:50AM-7:5
2026-03-22 11:55:28 [INFO] RESOLVED XRP-USD -> DOWN yes=0.50 XRP Up or Down - March 22, 7:50AM-7:55AM
2026-03-22 11:55:28 [INFO] RESOLVED DOGE-USD -> DOWN yes=0.50 Dogecoin Up or Down - March 22, 7:50AM-7
2026-03-22 11:55:28 [INFO] RESOLVED BNB-USD -> DOWN yes=0.50 BNB Up or Down - March 22, 7:50AM-7:55AM
2026-03-22 11:55:28 [INFO] RESOLVED HYPE-USD -> DOWN yes=0.50 Hyperliquid Up or Down - March 22, 7:50A
2026-03-22 11:55:53 [INFO] Status: 14 active, 546 disc, 21966 poly, 94860 price, 51024 flow, 34024 funding, 532 resolved | DOGE-USD=$0 | SOL-USD=$87 | BTC-USD=$68268 | ETH-USD=$2070 | BNB-USD=$628 | XRP-USD=$1 | BTC-USD fr=-0.000094 | ETH-USD fr=-0.000059
2026-03-22 11:56:58 [INFO] Status: 14 active, 546 disc, 22050 poly, 95217 price, 51239 flow, 34154 funding, 532 resolved | DOGE-USD=$0 | SOL-USD=$87 | BTC-USD=$68300 | ETH-USD=$2071 | BNB-USD=$628 | XRP-USD=$1 | BTC-USD fr=-0.000095 | ETH-USD fr=-0.000059
2026-03-22 11:58:02 [INFO] Status: 14 active, 546 disc, 22134 poly, 95586 price, 51454 flow, 34282 funding, 532 resolved | DOGE-USD=$0 | SOL-USD=$87 | BTC-USD=$68212 | ETH-USD=$2070 | BNB-USD=$628 | XRP-USD=$1 | BTC-USD fr=-0.000095 | ETH-USD fr=-0.000058
2026-03-22 11:59:07 [INFO] Status: 14 active, 546 disc, 22218 poly, 95956 price, 51662 flow, 34412 funding, 532 resolved | DOGE-USD=$0 | SOL-USD=$87 | BTC-USD=$68227 | ETH-USD=$2070 | BNB-USD=$628 | XRP-USD=$1 | BTC-USD fr=-0.000095 | ETH-USD fr=-0.000058
2026-03-22 12:00:05 [INFO] NEW BTC-USD Bitcoin Up or Down - March 22, 8:00AM-8:05AM ET yes=0.52 window=300s
2026-03-22 12:00:05 [INFO] NEW ETH-USD Ethereum Up or Down - March 22, 8:00AM-8:05AM ET yes=0.55 window=300s
2026-03-22 12:00:05 [INFO] NEW SOL-USD Solana Up or Down - March 22, 8:00AM-8:05AM ET yes=0.54 window=300s
2026-03-22 12:00:05 [INFO] NEW XRP-USD XRP Up or Down - March 22, 8:00AM-8:05AM ET yes=0.53 window=300s
2026-03-22 12:00:05 [INFO] NEW DOGE-USD Dogecoin Up or Down - March 22, 8:00AM-8:05AM ET yes=0.45 window=300s
2026-03-22 12:00:05 [INFO] NEW BNB-USD BNB Up or Down - March 22, 8:00AM-8:05AM ET yes=0.50 window=300s
2026-03-22 12:00:05 [INFO] NEW HYPE-USD Hyperliquid Up or Down - March 22, 8:00AM-8:05AM ET yes=0.50 window=300s
2026-03-22 12:00:05 [INFO] NEW BTC-USD Bitcoin Up or Down - March 22, 8:00AM-8:15AM ET yes=0.56 window=900s
2026-03-22 12:00:05 [INFO] NEW ETH-USD Ethereum Up or Down - March 22, 8:00AM-8:15AM ET yes=0.56 window=900s
2026-03-22 12:00:05 [INFO] NEW SOL-USD Solana Up or Down - March 22, 8:00AM-8:15AM ET yes=0.55 window=900s
2026-03-22 12:00:05 [INFO] NEW XRP-USD XRP Up or Down - March 22, 8:00AM-8:15AM ET yes=0.52 window=900s
2026-03-22 12:00:05 [INFO] NEW DOGE-USD Dogecoin Up or Down - March 22, 8:00AM-8:15AM ET yes=0.50 window=900s
2026-03-22 12:00:05 [INFO] NEW BNB-USD BNB Up or Down - March 22, 8:00AM-8:15AM ET yes=0.50 window=900s
2026-03-22 12:00:05 [INFO] NEW HYPE-USD Hyperliquid Up or Down - March 22, 8:00AM-8:15AM ET yes=0.50 window=900s
2026-03-22 12:00:24 [INFO] Status: 28 active, 560 disc, 22316 poly, 96397 price, 51923 flow, 34564 funding, 532 resolved | DOGE-USD=$0 | SOL-USD=$87 | BTC-USD=$68266 | ETH-USD=$2071 | BNB-USD=$628 | XRP-USD=$1 | BTC-USD fr=-0.000096 | ETH-USD fr=-0.000058
2026-03-22 12:00:27 [INFO] RESOLVED BTC-USD -> DOWN yes=0.50 Bitcoin Up or Down - March 22, 7:45AM-8:
2026-03-22 12:00:27 [INFO] RESOLVED ETH-USD -> DOWN yes=0.50 Ethereum Up or Down - March 22, 7:45AM-8
2026-03-22 12:00:27 [INFO] RESOLVED SOL-USD -> DOWN yes=0.50 Solana Up or Down - March 22, 7:45AM-8:0
2026-03-22 12:00:27 [INFO] RESOLVED XRP-USD -> DOWN yes=0.50 XRP Up or Down - March 22, 7:45AM-8:00AM
2026-03-22 12:00:27 [INFO] RESOLVED DOGE-USD -> DOWN yes=0.50 Dogecoin Up or Down - March 22, 7:45AM-8
2026-03-22 12:00:27 [INFO] RESOLVED BNB-USD -> DOWN yes=0.50 BNB Up or Down - March 22, 7:45AM-8:00AM
2026-03-22 12:00:27 [INFO] RESOLVED HYPE-USD -> DOWN yes=0.50 Hyperliquid Up or Down - March 22, 7:45A
2026-03-22 12:00:27 [INFO] RESOLVED BTC-USD -> DOWN yes=0.50 Bitcoin Up or Down - March 22, 7:55AM-8:
2026-03-22 12:00:27 [INFO] RESOLVED ETH-USD -> DOWN yes=0.50 Ethereum Up or Down - March 22, 7:55AM-8
2026-03-22 12:00:27 [INFO] RESOLVED SOL-USD -> DOWN yes=0.50 Solana Up or Down - March 22, 7:55AM-8:0
2026-03-22 12:00:27 [INFO] RESOLVED XRP-USD -> DOWN yes=0.50 XRP Up or Down - March 22, 7:55AM-8:00AM
2026-03-22 12:00:27 [INFO] RESOLVED DOGE-USD -> DOWN yes=0.50 Dogecoin Up or Down - March 22, 7:55AM-8
2026-03-22 12:00:27 [INFO] RESOLVED BNB-USD -> DOWN yes=0.50 BNB Up or Down - March 22, 7:55AM-8:00AM
2026-03-22 12:00:27 [INFO] RESOLVED HYPE-USD -> DOWN yes=0.50 Hyperliquid Up or Down - March 22, 7:55A
2026-03-22 12:01:18 [INFO] Status: 14 active, 560 disc, 22386 poly, 96717 price, 52119 flow, 34674 funding, 546 resolved | DOGE-USD=$0 | SOL-USD=$87 | BTC-USD=$68286 | ETH-USD=$2071 | BNB-USD=$628 | XRP-USD=$1 | BTC-USD fr=-0.000096 | ETH-USD fr=-0.000058
2026-03-22 12:02:23 [INFO] Status: 14 active, 560 disc, 22470 poly, 97086 price, 52339 flow, 34804 funding, 546 resolved | DOGE-USD=$0 | SOL-USD=$87 | BTC-USD=$68304 | ETH-USD=$2072 | BNB-USD=$628 | XRP-USD=$1 | BTC-USD fr=-0.000096 | ETH-USD fr=-0.000057
2026-03-22 12:03:27 [INFO] Status: 14 active, 560 disc, 22554 poly, 97444 price, 52536 flow, 34932 funding, 546 resolved | DOGE-USD=$0 | SOL-USD=$87 | BTC-USD=$68275 | ETH-USD=$2072 | BNB-USD=$628 | XRP-USD=$1 | BTC-USD fr=-0.000096 | ETH-USD fr=-0.000057
2026-03-22 12:04:32 [INFO] Status: 14 active, 560 disc, 22638 poly, 97817 price, 52754 flow, 35062 funding, 546 resolved | DOGE-USD=$0 | SOL-USD=$87 | BTC-USD=$68220 | ETH-USD=$2070 | BNB-USD=$628 | XRP-USD=$1 | BTC-USD fr=-0.000096 | ETH-USD fr=-0.000057
2026-03-22 12:05:11 [INFO] NEW BTC-USD Bitcoin Up or Down - March 22, 8:05AM-8:10AM ET yes=0.53 window=300s
2026-03-22 12:05:11 [INFO] NEW ETH-USD Ethereum Up or Down - March 22, 8:05AM-8:10AM ET yes=0.55 window=300s
2026-03-22 12:05:11 [INFO] NEW SOL-USD Solana Up or Down - March 22, 8:05AM-8:10AM ET yes=0.56 window=300s
2026-03-22 12:05:11 [INFO] NEW XRP-USD XRP Up or Down - March 22, 8:05AM-8:10AM ET yes=0.51 window=300s
2026-03-22 12:05:11 [INFO] NEW DOGE-USD Dogecoin Up or Down - March 22, 8:05AM-8:10AM ET yes=0.50 window=300s
2026-03-22 12:05:11 [INFO] NEW BNB-USD BNB Up or Down - March 22, 8:05AM-8:10AM ET yes=0.50 window=300s
2026-03-22 12:05:11 [INFO] NEW HYPE-USD Hyperliquid Up or Down - March 22, 8:05AM-8:10AM ET yes=0.50 window=300s
2026-03-22 12:05:26 [INFO] RESOLVED BTC-USD -> DOWN yes=0.50 Bitcoin Up or Down - March 22, 8:00AM-8:
2026-03-22 12:05:26 [INFO] RESOLVED ETH-USD -> DOWN yes=0.50 Ethereum Up or Down - March 22, 8:00AM-8
2026-03-22 12:05:26 [INFO] RESOLVED SOL-USD -> DOWN yes=0.50 Solana Up or Down - March 22, 8:00AM-8:0
2026-03-22 12:05:26 [INFO] RESOLVED XRP-USD -> DOWN yes=0.50 XRP Up or Down - March 22, 8:00AM-8:05AM
2026-03-22 12:05:26 [INFO] RESOLVED DOGE-USD -> DOWN yes=0.50 Dogecoin Up or Down - March 22, 8:00AM-8
2026-03-22 12:05:26 [INFO] RESOLVED BNB-USD -> DOWN yes=0.50 BNB Up or Down - March 22, 8:00AM-8:05AM
2026-03-22 12:05:26 [INFO] RESOLVED HYPE-USD -> DOWN yes=0.50 Hyperliquid Up or Down - March 22, 8:00A
2026-03-22 12:05:34 [INFO] Status: 14 active, 567 disc, 22715 poly, 98178 price, 52973 flow, 35186 funding, 553 resolved | DOGE-USD=$0 | SOL-USD=$87 | BTC-USD=$68280 | ETH-USD=$2073 | BNB-USD=$629 | XRP-USD=$1 | BTC-USD fr=-0.000096 | ETH-USD fr=-0.000057
2026-03-22 12:06:41 [INFO] Status: 14 active, 567 disc, 22799 poly, 98558 price, 53190 flow, 35320 funding, 553 resolved | DOGE-USD=$0 | SOL-USD=$87 | BTC-USD=$68262 | ETH-USD=$2072 | BNB-USD=$628 | XRP-USD=$1 | BTC-USD fr=-0.000097 | ETH-USD fr=-0.000057
2026-03-22 12:07:46 [INFO] Status: 14 active, 567 disc, 22883 poly, 98930 price, 53396 flow, 35450 funding, 553 resolved | DOGE-USD=$0 | SOL-USD=$87 | BTC-USD=$68245 | ETH-USD=$2071 | BNB-USD=$628 | XRP-USD=$1 | BTC-USD fr=-0.000097 | ETH-USD fr=-0.000057
2026-03-22 12:08:51 [INFO] Status: 14 active, 567 disc, 22967 poly, 99296 price, 53607 flow, 35580 funding, 553 resolved | DOGE-USD=$0 | SOL-USD=$87 | BTC-USD=$68236 | ETH-USD=$2071 | BNB-USD=$628 | XRP-USD=$1 | BTC-USD fr=-0.000097 | ETH-USD fr=-0.000057
2026-03-22 12:09:57 [INFO] Status: 14 active, 567 disc, 23051 poly, 99666 price, 53814 flow, 35712 funding, 553 resolved | DOGE-USD=$0 | SOL-USD=$87 | BTC-USD=$68309 | ETH-USD=$2074 | BNB-USD=$629 | XRP-USD=$1 | BTC-USD fr=-0.000097 | ETH-USD fr=-0.000057
2026-03-22 12:10:15 [INFO] NEW BTC-USD Bitcoin Up or Down - March 22, 8:10AM-8:15AM ET yes=0.56 window=300s
2026-03-22 12:10:15 [INFO] NEW ETH-USD Ethereum Up or Down - March 22, 8:10AM-8:15AM ET yes=0.54 window=300s
2026-03-22 12:10:15 [INFO] NEW SOL-USD Solana Up or Down - March 22, 8:10AM-8:15AM ET yes=0.54 window=300s
2026-03-22 12:10:15 [INFO] NEW XRP-USD XRP Up or Down - March 22, 8:10AM-8:15AM ET yes=0.50 window=300s
2026-03-22 12:10:15 [INFO] NEW DOGE-USD Dogecoin Up or Down - March 22, 8:10AM-8:15AM ET yes=0.50 window=300s
2026-03-22 12:10:15 [INFO] NEW BNB-USD BNB Up or Down - March 22, 8:10AM-8:15AM ET yes=0.50 window=300s
2026-03-22 12:10:15 [INFO] NEW HYPE-USD Hyperliquid Up or Down - March 22, 8:10AM-8:15AM ET yes=0.50 window=300s
2026-03-22 12:10:19 [INFO] RESOLVED BTC-USD -> DOWN yes=0.50 Bitcoin Up or Down - March 22, 8:05AM-8:
2026-03-22 12:10:19 [INFO] RESOLVED ETH-USD -> DOWN yes=0.50 Ethereum Up or Down - March 22, 8:05AM-8
2026-03-22 12:10:19 [INFO] RESOLVED SOL-USD -> DOWN yes=0.50 Solana Up or Down - March 22, 8:05AM-8:1
2026-03-22 12:10:19 [INFO] RESOLVED XRP-USD -> DOWN yes=0.50 XRP Up or Down - March 22, 8:05AM-8:10AM
2026-03-22 12:10:19 [INFO] RESOLVED DOGE-USD -> DOWN yes=0.50 Dogecoin Up or Down - March 22, 8:05AM-8
2026-03-22 12:10:19 [INFO] RESOLVED BNB-USD -> DOWN yes=0.50 BNB Up or Down - March 22, 8:05AM-8:10AM
2026-03-22 12:10:19 [INFO] RESOLVED HYPE-USD -> DOWN yes=0.50 Hyperliquid Up or Down - March 22, 8:05A
2026-03-22 12:10:57 [INFO] Status: 14 active, 574 disc, 23121 poly, 100006 price, 53995 flow, 35832 funding, 560 resolved | DOGE-USD=$0 | SOL-USD=$87 | BTC-USD=$68330 | ETH-USD=$2074 | BNB-USD=$629 | XRP-USD=$1 | BTC-USD fr=-0.000097 | ETH-USD fr=-0.000057
2026-03-22 12:12:03 [INFO] Status: 14 active, 574 disc, 23205 poly, 100385 price, 54195 flow, 35964 funding, 560 resolved | DOGE-USD=$0 | SOL-USD=$87 | BTC-USD=$68298 | ETH-USD=$2073 | BNB-USD=$629 | XRP-USD=$1 | BTC-USD fr=-0.000097 | ETH-USD fr=-0.000057
2026-03-22 12:13:07 [INFO] Status: 14 active, 574 disc, 23289 poly, 100749 price, 54400 flow, 36092 funding, 560 resolved | DOGE-USD=$0 | SOL-USD=$87 | BTC-USD=$68312 | ETH-USD=$2073 | BNB-USD=$629 | XRP-USD=$1 | BTC-USD fr=-0.000097 | ETH-USD fr=-0.000058
2026-03-22 12:14:11 [INFO] Status: 14 active, 574 disc, 23373 poly, 101105 price, 54580 flow, 36220 funding, 560 resolved | DOGE-USD=$0 | SOL-USD=$87 | BTC-USD=$68331 | ETH-USD=$2074 | BNB-USD=$629 | XRP-USD=$1 | BTC-USD fr=-0.000097 | ETH-USD fr=-0.000057
2026-03-22 12:15:09 [INFO] NEW BTC-USD Bitcoin Up or Down - March 22, 8:15AM-8:20AM ET yes=0.52 window=300s
2026-03-22 12:15:09 [INFO] NEW ETH-USD Ethereum Up or Down - March 22, 8:15AM-8:20AM ET yes=0.49 window=300s
2026-03-22 12:15:09 [INFO] NEW SOL-USD Solana Up or Down - March 22, 8:15AM-8:20AM ET yes=0.55 window=300s
2026-03-22 12:15:09 [INFO] NEW XRP-USD XRP Up or Down - March 22, 8:15AM-8:20AM ET yes=0.48 window=300s
2026-03-22 12:15:09 [INFO] NEW DOGE-USD Dogecoin Up or Down - March 22, 8:15AM-8:20AM ET yes=0.45 window=300s
2026-03-22 12:15:09 [INFO] NEW BNB-USD BNB Up or Down - March 22, 8:15AM-8:20AM ET yes=0.50 window=300s
2026-03-22 12:15:09 [INFO] NEW HYPE-USD Hyperliquid Up or Down - March 22, 8:15AM-8:20AM ET yes=0.50 window=300s
2026-03-22 12:15:09 [INFO] NEW BTC-USD Bitcoin Up or Down - March 22, 8:15AM-8:30AM ET yes=0.55 window=900s
2026-03-22 12:15:09 [INFO] NEW ETH-USD Ethereum Up or Down - March 22, 8:15AM-8:30AM ET yes=0.54 window=900s
2026-03-22 12:15:09 [INFO] NEW SOL-USD Solana Up or Down - March 22, 8:15AM-8:30AM ET yes=0.53 window=900s
2026-03-22 12:15:09 [INFO] NEW XRP-USD XRP Up or Down - March 22, 8:15AM-8:30AM ET yes=0.47 window=900s
2026-03-22 12:15:09 [INFO] NEW DOGE-USD Dogecoin Up or Down - March 22, 8:15AM-8:30AM ET yes=0.46 window=900s
2026-03-22 12:15:09 [INFO] NEW BNB-USD BNB Up or Down - March 22, 8:15AM-8:30AM ET yes=0.50 window=900s
2026-03-22 12:15:09 [INFO] NEW HYPE-USD Hyperliquid Up or Down - March 22, 8:15AM-8:30AM ET yes=0.50 window=900s
2026-03-22 12:15:24 [INFO] Status: 28 active, 588 disc, 23471 poly, 101514 price, 54807 flow, 36366 funding, 560 resolved | DOGE-USD=$0 | SOL-USD=$87 | BTC-USD=$68325 | ETH-USD=$2074 | BNB-USD=$629 | XRP-USD=$1 | BTC-USD fr=-0.000097 | ETH-USD fr=-0.000057
2026-03-22 12:15:28 [INFO] RESOLVED BTC-USD -> DOWN yes=0.50 Bitcoin Up or Down - March 22, 8:00AM-8:
2026-03-22 12:15:28 [INFO] RESOLVED ETH-USD -> DOWN yes=0.50 Ethereum Up or Down - March 22, 8:00AM-8
2026-03-22 12:15:28 [INFO] RESOLVED SOL-USD -> DOWN yes=0.50 Solana Up or Down - March 22, 8:00AM-8:1
2026-03-22 12:15:28 [INFO] RESOLVED XRP-USD -> DOWN yes=0.50 XRP Up or Down - March 22, 8:00AM-8:15AM
2026-03-22 12:15:28 [INFO] RESOLVED DOGE-USD -> DOWN yes=0.50 Dogecoin Up or Down - March 22, 8:00AM-8
2026-03-22 12:15:28 [INFO] RESOLVED BNB-USD -> DOWN yes=0.50 BNB Up or Down - March 22, 8:00AM-8:15AM
2026-03-22 12:15:28 [INFO] RESOLVED HYPE-USD -> DOWN yes=0.50 Hyperliquid Up or Down - March 22, 8:00A
2026-03-22 12:15:28 [INFO] RESOLVED BTC-USD -> DOWN yes=0.50 Bitcoin Up or Down - March 22, 8:10AM-8:
2026-03-22 12:15:28 [INFO] RESOLVED ETH-USD -> DOWN yes=0.50 Ethereum Up or Down - March 22, 8:10AM-8
2026-03-22 12:15:28 [INFO] RESOLVED SOL-USD -> DOWN yes=0.50 Solana Up or Down - March 22, 8:10AM-8:1
2026-03-22 12:15:28 [INFO] RESOLVED XRP-USD -> DOWN yes=0.50 XRP Up or Down - March 22, 8:10AM-8:15AM
2026-03-22 12:15:28 [INFO] RESOLVED DOGE-USD -> DOWN yes=0.50 Dogecoin Up or Down - March 22, 8:10AM-8
2026-03-22 12:15:28 [INFO] RESOLVED BNB-USD -> DOWN yes=0.50 BNB Up or Down - March 22, 8:10AM-8:15AM
2026-03-22 12:15:28 [INFO] RESOLVED HYPE-USD -> DOWN yes=0.50 Hyperliquid Up or Down - March 22, 8:10A
2026-03-22 12:16:18 [INFO] Status: 14 active, 588 disc, 23541 poly, 101820 price, 54974 flow, 36474 funding, 574 resolved | DOGE-USD=$0 | SOL-USD=$87 | BTC-USD=$68325 | ETH-USD=$2074 | BNB-USD=$629 | XRP-USD=$1 | BTC-USD fr=-0.000097 | ETH-USD fr=-0.000057
2026-03-22 12:17:23 [INFO] Status: 14 active, 588 disc, 23625 poly, 102184 price, 55193 flow, 36604 funding, 574 resolved | DOGE-USD=$0 | SOL-USD=$87 | BTC-USD=$68478 | ETH-USD=$2076 | BNB-USD=$630 | XRP-USD=$1 | BTC-USD fr=-0.000097 | ETH-USD fr=-0.000057
2026-03-22 12:18:26 [INFO] Status: 14 active, 588 disc, 23709 poly, 102554 price, 55403 flow, 36730 funding, 574 resolved | DOGE-USD=$0 | SOL-USD=$87 | BTC-USD=$68509 | ETH-USD=$2077 | BNB-USD=$630 | XRP-USD=$1 | BTC-USD fr=-0.000096 | ETH-USD fr=-0.000057
2026-03-22 12:19:32 [INFO] Status: 14 active, 588 disc, 23793 poly, 102937 price, 55623 flow, 36862 funding, 574 resolved | DOGE-USD=$0 | SOL-USD=$87 | BTC-USD=$68486 | ETH-USD=$2077 | BNB-USD=$629 | XRP-USD=$1 | BTC-USD fr=-0.000096 | ETH-USD fr=-0.000057
2026-03-22 12:20:10 [INFO] NEW BTC-USD Bitcoin Up or Down - March 22, 8:20AM-8:25AM ET yes=0.52 window=300s
2026-03-22 12:20:10 [INFO] NEW ETH-USD Ethereum Up or Down - March 22, 8:20AM-8:25AM ET yes=0.47 window=300s
2026-03-22 12:20:10 [INFO] NEW SOL-USD Solana Up or Down - March 22, 8:20AM-8:25AM ET yes=0.52 window=300s
2026-03-22 12:20:10 [INFO] NEW XRP-USD XRP Up or Down - March 22, 8:20AM-8:25AM ET yes=0.47 window=300s
2026-03-22 12:20:10 [INFO] NEW DOGE-USD Dogecoin Up or Down - March 22, 8:20AM-8:25AM ET yes=0.50 window=300s
2026-03-22 12:20:10 [INFO] NEW BNB-USD BNB Up or Down - March 22, 8:20AM-8:25AM ET yes=0.48 window=300s
2026-03-22 12:20:10 [INFO] NEW HYPE-USD Hyperliquid Up or Down - March 22, 8:20AM-8:25AM ET yes=0.50 window=300s
2026-03-22 12:20:26 [INFO] RESOLVED BTC-USD -> DOWN yes=0.50 Bitcoin Up or Down - March 22, 8:15AM-8:
2026-03-22 12:20:26 [INFO] RESOLVED ETH-USD -> DOWN yes=0.50 Ethereum Up or Down - March 22, 8:15AM-8
2026-03-22 12:20:26 [INFO] RESOLVED SOL-USD -> DOWN yes=0.50 Solana Up or Down - March 22, 8:15AM-8:2
2026-03-22 12:20:26 [INFO] RESOLVED XRP-USD -> DOWN yes=0.50 XRP Up or Down - March 22, 8:15AM-8:20AM
2026-03-22 12:20:26 [INFO] RESOLVED DOGE-USD -> DOWN yes=0.50 Dogecoin Up or Down - March 22, 8:15AM-8
2026-03-22 12:20:26 [INFO] RESOLVED BNB-USD -> DOWN yes=0.50 BNB Up or Down - March 22, 8:15AM-8:20AM
2026-03-22 12:20:26 [INFO] RESOLVED HYPE-USD -> DOWN yes=0.50 Hyperliquid Up or Down - March 22, 8:15A
2026-03-22 12:20:35 [INFO] Status: 14 active, 595 disc, 23870 poly, 103286 price, 55811 flow, 36988 funding, 581 resolved | DOGE-USD=$0 | SOL-USD=$87 | BTC-USD=$68542 | ETH-USD=$2078 | BNB-USD=$630 | XRP-USD=$1 | BTC-USD fr=-0.000095 | ETH-USD fr=-0.000057
2026-03-22 12:21:41 [INFO] Status: 14 active, 595 disc, 23954 poly, 103664 price, 56022 flow, 37118 funding, 581 resolved | DOGE-USD=$0 | SOL-USD=$87 | BTC-USD=$68492 | ETH-USD=$2078 | BNB-USD=$629 | XRP-USD=$1 | BTC-USD fr=-0.000095 | ETH-USD fr=-0.000057
2026-03-22 12:22:48 [INFO] Status: 14 active, 595 disc, 24038 poly, 104045 price, 56230 flow, 37254 funding, 581 resolved | DOGE-USD=$0 | SOL-USD=$87 | BTC-USD=$68537 | ETH-USD=$2078 | BNB-USD=$630 | XRP-USD=$1 | BTC-USD fr=-0.000095 | ETH-USD fr=-0.000057
2026-03-22 12:23:54 [INFO] Status: 14 active, 595 disc, 24122 poly, 104433 price, 56464 flow, 37384 funding, 581 resolved | DOGE-USD=$0 | SOL-USD=$87 | BTC-USD=$68640 | ETH-USD=$2082 | BNB-USD=$630 | XRP-USD=$1 | BTC-USD fr=-0.000095 | ETH-USD fr=-0.000057
2026-03-22 12:24:58 [INFO] Status: 14 active, 595 disc, 24206 poly, 104810 price, 56695 flow, 37512 funding, 581 resolved | DOGE-USD=$0 | SOL-USD=$87 | BTC-USD=$68637 | ETH-USD=$2081 | BNB-USD=$630 | XRP-USD=$1 | BTC-USD fr=-0.000094 | ETH-USD fr=-0.000056
2026-03-22 12:25:01 [INFO] NEW BTC-USD Bitcoin Up or Down - March 22, 8:25AM-8:30AM ET yes=0.48 window=300s
2026-03-22 12:25:01 [INFO] NEW ETH-USD Ethereum Up or Down - March 22, 8:25AM-8:30AM ET yes=0.51 window=300s
2026-03-22 12:25:01 [INFO] NEW SOL-USD Solana Up or Down - March 22, 8:25AM-8:30AM ET yes=0.47 window=300s
2026-03-22 12:25:01 [INFO] NEW XRP-USD XRP Up or Down - March 22, 8:25AM-8:30AM ET yes=0.47 window=300s
2026-03-22 12:25:01 [INFO] NEW DOGE-USD Dogecoin Up or Down - March 22, 8:25AM-8:30AM ET yes=0.50 window=300s
2026-03-22 12:25:01 [INFO] NEW BNB-USD BNB Up or Down - March 22, 8:25AM-8:30AM ET yes=0.50 window=300s
2026-03-22 12:25:01 [INFO] NEW HYPE-USD Hyperliquid Up or Down - March 22, 8:25AM-8:30AM ET yes=0.50 window=300s
2026-03-22 12:25:21 [INFO] RESOLVED BTC-USD -> DOWN yes=0.50 Bitcoin Up or Down - March 22, 8:20AM-8:
2026-03-22 12:25:21 [INFO] RESOLVED ETH-USD -> DOWN yes=0.50 Ethereum Up or Down - March 22, 8:20AM-8
2026-03-22 12:25:21 [INFO] RESOLVED SOL-USD -> DOWN yes=0.50 Solana Up or Down - March 22, 8:20AM-8:2
2026-03-22 12:25:21 [INFO] RESOLVED XRP-USD -> DOWN yes=0.50 XRP Up or Down - March 22, 8:20AM-8:25AM
2026-03-22 12:25:21 [INFO] RESOLVED DOGE-USD -> DOWN yes=0.50 Dogecoin Up or Down - March 22, 8:20AM-8
2026-03-22 12:25:21 [INFO] RESOLVED BNB-USD -> DOWN yes=0.50 BNB Up or Down - March 22, 8:20AM-8:25AM
2026-03-22 12:25:21 [INFO] RESOLVED HYPE-USD -> DOWN yes=0.50 Hyperliquid Up or Down - March 22, 8:20A
2026-03-22 12:26:07 [INFO] Status: 14 active, 602 disc, 24297 poly, 105223 price, 56933 flow, 37652 funding, 588 resolved | DOGE-USD=$0 | SOL-USD=$87 | BTC-USD=$68646 | ETH-USD=$2082 | BNB-USD=$630 | XRP-USD=$1 | BTC-USD fr=-0.000094 | ETH-USD fr=-0.000056
2026-03-22 12:27:13 [INFO] Status: 14 active, 602 disc, 24381 poly, 105606 price, 57154 flow, 37784 funding, 588 resolved | DOGE-USD=$0 | SOL-USD=$87 | BTC-USD=$68603 | ETH-USD=$2081 | BNB-USD=$630 | XRP-USD=$1 | BTC-USD fr=-0.000094 | ETH-USD fr=-0.000056
2026-03-22 12:28:18 [INFO] Status: 14 active, 602 disc, 24465 poly, 105978 price, 57361 flow, 37914 funding, 588 resolved | DOGE-USD=$0 | SOL-USD=$87 | BTC-USD=$68677 | ETH-USD=$2085 | BNB-USD=$630 | XRP-USD=$1 | BTC-USD fr=-0.000094 | ETH-USD fr=-0.000057
2026-03-22 12:29:22 [INFO] Status: 14 active, 602 disc, 24549 poly, 106358 price, 57612 flow, 38042 funding, 588 resolved | DOGE-USD=$0 | SOL-USD=$87 | BTC-USD=$68678 | ETH-USD=$2086 | BNB-USD=$631 | XRP-USD=$1 | BTC-USD fr=-0.000094 | ETH-USD fr=-0.000057
2026-03-22 12:30:09 [INFO] NEW BTC-USD Bitcoin Up or Down - March 22, 8:30AM-8:35AM ET yes=0.49 window=300s
2026-03-22 12:30:09 [INFO] NEW ETH-USD Ethereum Up or Down - March 22, 8:30AM-8:35AM ET yes=0.48 window=300s
2026-03-22 12:30:09 [INFO] NEW SOL-USD Solana Up or Down - March 22, 8:30AM-8:35AM ET yes=0.47 window=300s
2026-03-22 12:30:09 [INFO] NEW XRP-USD XRP Up or Down - March 22, 8:30AM-8:35AM ET yes=0.47 window=300s
2026-03-22 12:30:09 [INFO] NEW DOGE-USD Dogecoin Up or Down - March 22, 8:30AM-8:35AM ET yes=0.45 window=300s
2026-03-22 12:30:09 [INFO] NEW BNB-USD BNB Up or Down - March 22, 8:30AM-8:35AM ET yes=0.42 window=300s
2026-03-22 12:30:09 [INFO] NEW HYPE-USD Hyperliquid Up or Down - March 22, 8:30AM-8:35AM ET yes=0.50 window=300s
2026-03-22 12:30:09 [INFO] NEW BTC-USD Bitcoin Up or Down - March 22, 8:30AM-8:45AM ET yes=0.46 window=900s
2026-03-22 12:30:09 [INFO] NEW ETH-USD Ethereum Up or Down - March 22, 8:30AM-8:45AM ET yes=0.46 window=900s
2026-03-22 12:30:09 [INFO] NEW SOL-USD Solana Up or Down - March 22, 8:30AM-8:45AM ET yes=0.47 window=900s
2026-03-22 12:30:10 [INFO] NEW XRP-USD XRP Up or Down - March 22, 8:30AM-8:45AM ET yes=0.43 window=900s
2026-03-22 12:30:10 [INFO] NEW DOGE-USD Dogecoin Up or Down - March 22, 8:30AM-8:45AM ET yes=0.46 window=900s
2026-03-22 12:30:10 [INFO] NEW BNB-USD BNB Up or Down - March 22, 8:30AM-8:45AM ET yes=0.43 window=900s
2026-03-22 12:30:10 [INFO] NEW HYPE-USD Hyperliquid Up or Down - March 22, 8:30AM-8:45AM ET yes=0.50 window=900s
2026-03-22 12:30:29 [INFO] RESOLVED BTC-USD -> DOWN yes=0.50 Bitcoin Up or Down - March 22, 8:15AM-8:
2026-03-22 12:30:29 [INFO] RESOLVED ETH-USD -> DOWN yes=0.50 Ethereum Up or Down - March 22, 8:15AM-8
2026-03-22 12:30:29 [INFO] RESOLVED SOL-USD -> DOWN yes=0.50 Solana Up or Down - March 22, 8:15AM-8:3
2026-03-22 12:30:29 [INFO] RESOLVED XRP-USD -> DOWN yes=0.50 XRP Up or Down - March 22, 8:15AM-8:30AM
2026-03-22 12:30:29 [INFO] RESOLVED DOGE-USD -> DOWN yes=0.50 Dogecoin Up or Down - March 22, 8:15AM-8
2026-03-22 12:30:29 [INFO] RESOLVED BNB-USD -> DOWN yes=0.50 BNB Up or Down - March 22, 8:15AM-8:30AM
2026-03-22 12:30:29 [INFO] RESOLVED HYPE-USD -> DOWN yes=0.50 Hyperliquid Up or Down - March 22, 8:15A
2026-03-22 12:30:29 [INFO] RESOLVED BTC-USD -> DOWN yes=0.50 Bitcoin Up or Down - March 22, 8:25AM-8:
2026-03-22 12:30:29 [INFO] RESOLVED ETH-USD -> DOWN yes=0.50 Ethereum Up or Down - March 22, 8:25AM-8
2026-03-22 12:30:29 [INFO] RESOLVED SOL-USD -> DOWN yes=0.50 Solana Up or Down - March 22, 8:25AM-8:3
2026-03-22 12:30:29 [INFO] RESOLVED XRP-USD -> DOWN yes=0.50 XRP Up or Down - March 22, 8:25AM-8:30AM
2026-03-22 12:30:29 [INFO] RESOLVED DOGE-USD -> DOWN yes=0.50 Dogecoin Up or Down - March 22, 8:25AM-8
2026-03-22 12:30:29 [INFO] RESOLVED BNB-USD -> DOWN yes=0.50 BNB Up or Down - March 22, 8:25AM-8:30AM
2026-03-22 12:30:29 [INFO] RESOLVED HYPE-USD -> DOWN yes=0.50 Hyperliquid Up or Down - March 22, 8:25A
2026-03-22 12:30:37 [INFO] Status: 14 active, 616 disc, 24647 poly, 106805 price, 57878 flow, 38192 funding, 602 resolved | DOGE-USD=$0 | SOL-USD=$87 | BTC-USD=$68632 | ETH-USD=$2084 | BNB-USD=$630 | XRP-USD=$1 | BTC-USD fr=-0.000094 | ETH-USD fr=-0.000057
2026-03-22 12:31:40 [INFO] Status: 14 active, 616 disc, 24731 poly, 107167 price, 58088 flow, 38318 funding, 602 resolved | DOGE-USD=$0 | SOL-USD=$87 | BTC-USD=$68624 | ETH-USD=$2083 | BNB-USD=$630 | XRP-USD=$1 | BTC-USD fr=-0.000094 | ETH-USD fr=-0.000058
2026-03-22 12:32:44 [INFO] Status: 14 active, 616 disc, 24815 poly, 107530 price, 58294 flow, 38446 funding, 602 resolved | DOGE-USD=$0 | SOL-USD=$87 | BTC-USD=$68662 | ETH-USD=$2084 | BNB-USD=$630 | XRP-USD=$1 | BTC-USD fr=-0.000094 | ETH-USD fr=-0.000059
2026-03-22 12:33:48 [INFO] Status: 14 active, 616 disc, 24899 poly, 107887 price, 58482 flow, 38574 funding, 602 resolved | DOGE-USD=$0 | SOL-USD=$87 | BTC-USD=$68646 | ETH-USD=$2083 | BNB-USD=$630 | XRP-USD=$1 | BTC-USD fr=-0.000094 | ETH-USD fr=-0.000059
2026-03-22 12:34:52 [INFO] Status: 14 active, 616 disc, 24983 poly, 108245 price, 58674 flow, 38702 funding, 602 resolved | DOGE-USD=$0 | SOL-USD=$87 | BTC-USD=$68641 | ETH-USD=$2083 | BNB-USD=$630 | XRP-USD=$1 | BTC-USD fr=-0.000094 | ETH-USD fr=-0.000061
2026-03-22 12:35:07 [INFO] NEW BTC-USD Bitcoin Up or Down - March 22, 8:35AM-8:40AM ET yes=0.51 window=300s
2026-03-22 12:35:07 [INFO] NEW ETH-USD Ethereum Up or Down - March 22, 8:35AM-8:40AM ET yes=0.49 window=300s
2026-03-22 12:35:07 [INFO] NEW SOL-USD Solana Up or Down - March 22, 8:35AM-8:40AM ET yes=0.47 window=300s
2026-03-22 12:35:07 [INFO] NEW XRP-USD XRP Up or Down - March 22, 8:35AM-8:40AM ET yes=0.46 window=300s
2026-03-22 12:35:07 [INFO] NEW DOGE-USD Dogecoin Up or Down - March 22, 8:35AM-8:40AM ET yes=0.45 window=300s
2026-03-22 12:35:07 [INFO] NEW BNB-USD BNB Up or Down - March 22, 8:35AM-8:40AM ET yes=0.45 window=300s
2026-03-22 12:35:07 [INFO] NEW HYPE-USD Hyperliquid Up or Down - March 22, 8:35AM-8:40AM ET yes=0.50 window=300s
2026-03-22 12:35:22 [INFO] RESOLVED BTC-USD -> DOWN yes=0.50 Bitcoin Up or Down - March 22, 8:30AM-8:
2026-03-22 12:35:22 [INFO] RESOLVED ETH-USD -> DOWN yes=0.50 Ethereum Up or Down - March 22, 8:30AM-8
2026-03-22 12:35:22 [INFO] RESOLVED SOL-USD -> DOWN yes=0.50 Solana Up or Down - March 22, 8:30AM-8:3
2026-03-22 12:35:22 [INFO] RESOLVED XRP-USD -> DOWN yes=0.50 XRP Up or Down - March 22, 8:30AM-8:35AM
2026-03-22 12:35:22 [INFO] RESOLVED DOGE-USD -> DOWN yes=0.50 Dogecoin Up or Down - March 22, 8:30AM-8
2026-03-22 12:35:22 [INFO] RESOLVED BNB-USD -> DOWN yes=0.50 BNB Up or Down - March 22, 8:30AM-8:35AM
2026-03-22 12:35:22 [INFO] RESOLVED HYPE-USD -> DOWN yes=0.50 Hyperliquid Up or Down - March 22, 8:30A
2026-03-22 12:36:02 [INFO] Status: 14 active, 623 disc, 25074 poly, 108646 price, 58885 flow, 38842 funding, 609 resolved | DOGE-USD=$0 | SOL-USD=$87 | BTC-USD=$68616 | ETH-USD=$2082 | BNB-USD=$630 | XRP-USD=$1 | BTC-USD fr=-0.000094 | ETH-USD fr=-0.000062
2026-03-22 12:37:06 [INFO] Status: 14 active, 623 disc, 25158 poly, 109008 price, 59078 flow, 38970 funding, 609 resolved | DOGE-USD=$0 | SOL-USD=$87 | BTC-USD=$68611 | ETH-USD=$2082 | BNB-USD=$630 | XRP-USD=$1 | BTC-USD fr=-0.000095 | ETH-USD fr=-0.000063
2026-03-22 12:38:11 [INFO] Status: 14 active, 623 disc, 25242 poly, 109374 price, 59277 flow, 39100 funding, 609 resolved | DOGE-USD=$0 | SOL-USD=$87 | BTC-USD=$68600 | ETH-USD=$2082 | BNB-USD=$630 | XRP-USD=$1 | BTC-USD fr=-0.000095 | ETH-USD fr=-0.000064
2026-03-22 12:39:16 [INFO] Status: 14 active, 623 disc, 25326 poly, 109728 price, 59481 flow, 39230 funding, 609 resolved | DOGE-USD=$0 | SOL-USD=$87 | BTC-USD=$68608 | ETH-USD=$2082 | BNB-USD=$630 | XRP-USD=$1 | BTC-USD fr=-0.000095 | ETH-USD fr=-0.000065
2026-03-22 12:40:04 [INFO] NEW BTC-USD Bitcoin Up or Down - March 22, 8:40AM-8:45AM ET yes=0.48 window=300s
2026-03-22 12:40:04 [INFO] NEW ETH-USD Ethereum Up or Down - March 22, 8:40AM-8:45AM ET yes=0.50 window=300s
2026-03-22 12:40:04 [INFO] NEW SOL-USD Solana Up or Down - March 22, 8:40AM-8:45AM ET yes=0.46 window=300s
2026-03-22 12:40:04 [INFO] NEW XRP-USD XRP Up or Down - March 22, 8:40AM-8:45AM ET yes=0.46 window=300s
2026-03-22 12:40:04 [INFO] NEW DOGE-USD Dogecoin Up or Down - March 22, 8:40AM-8:45AM ET yes=0.50 window=300s
2026-03-22 12:40:04 [INFO] NEW BNB-USD BNB Up or Down - March 22, 8:40AM-8:45AM ET yes=0.45 window=300s
2026-03-22 12:40:04 [INFO] NEW HYPE-USD Hyperliquid Up or Down - March 22, 8:40AM-8:45AM ET yes=0.50 window=300s
2026-03-22 12:40:25 [INFO] RESOLVED BTC-USD -> DOWN yes=0.50 Bitcoin Up or Down - March 22, 8:35AM-8:
2026-03-22 12:40:25 [INFO] RESOLVED ETH-USD -> DOWN yes=0.50 Ethereum Up or Down - March 22, 8:35AM-8
2026-03-22 12:40:25 [INFO] RESOLVED SOL-USD -> DOWN yes=0.50 Solana Up or Down - March 22, 8:35AM-8:4
2026-03-22 12:40:25 [INFO] RESOLVED XRP-USD -> DOWN yes=0.50 XRP Up or Down - March 22, 8:35AM-8:40AM
2026-03-22 12:40:25 [INFO] RESOLVED DOGE-USD -> UP yes=0.55 Dogecoin Up or Down - March 22, 8:35AM-8
2026-03-22 12:40:25 [INFO] RESOLVED BNB-USD -> DOWN yes=0.50 BNB Up or Down - March 22, 8:35AM-8:40AM
2026-03-22 12:40:25 [INFO] RESOLVED HYPE-USD -> DOWN yes=0.50 Hyperliquid Up or Down - March 22, 8:35A
2026-03-22 12:40:29 [INFO] Status: 14 active, 630 disc, 25417 poly, 110132 price, 59687 flow, 39376 funding, 616 resolved | DOGE-USD=$0 | SOL-USD=$87 | BTC-USD=$68593 | ETH-USD=$2082 | BNB-USD=$630 | XRP-USD=$1 | BTC-USD fr=-0.000095 | ETH-USD fr=-0.000065
2026-03-22 12:41:34 [INFO] Status: 14 active, 630 disc, 25501 poly, 110487 price, 59869 flow, 39506 funding, 616 resolved | DOGE-USD=$0 | SOL-USD=$87 | BTC-USD=$68601 | ETH-USD=$2082 | BNB-USD=$630 | XRP-USD=$1 | BTC-USD fr=-0.000095 | ETH-USD fr=-0.000066
2026-03-22 12:42:39 [INFO] Status: 14 active, 630 disc, 25585 poly, 110837 price, 60051 flow, 39634 funding, 616 resolved | DOGE-USD=$0 | SOL-USD=$87 | BTC-USD=$68631 | ETH-USD=$2083 | BNB-USD=$630 | XRP-USD=$1 | BTC-USD fr=-0.000095 | ETH-USD fr=-0.000067
2026-03-22 12:43:42 [INFO] Status: 14 active, 630 disc, 25669 poly, 111185 price, 60233 flow, 39762 funding, 616 resolved | DOGE-USD=$0 | SOL-USD=$87 | BTC-USD=$68640 | ETH-USD=$2083 | BNB-USD=$630 | XRP-USD=$1 | BTC-USD fr=-0.000095 | ETH-USD fr=-0.000067
2026-03-22 12:44:45 [INFO] Status: 14 active, 630 disc, 25753 poly, 111527 price, 60411 flow, 39888 funding, 616 resolved | DOGE-USD=$0 | SOL-USD=$87 | BTC-USD=$68614 | ETH-USD=$2083 | BNB-USD=$630 | XRP-USD=$1 | BTC-USD fr=-0.000095 | ETH-USD fr=-0.000067
2026-03-22 12:45:11 [INFO] NEW BTC-USD Bitcoin Up or Down - March 22, 8:45AM-8:50AM ET yes=0.51 window=300s
2026-03-22 12:45:11 [INFO] NEW ETH-USD Ethereum Up or Down - March 22, 8:45AM-8:50AM ET yes=0.51 window=300s
2026-03-22 12:45:11 [INFO] NEW SOL-USD Solana Up or Down - March 22, 8:45AM-8:50AM ET yes=0.52 window=300s
2026-03-22 12:45:11 [INFO] NEW XRP-USD XRP Up or Down - March 22, 8:45AM-8:50AM ET yes=0.47 window=300s
2026-03-22 12:45:11 [INFO] NEW DOGE-USD Dogecoin Up or Down - March 22, 8:45AM-8:50AM ET yes=0.50 window=300s
2026-03-22 12:45:11 [INFO] NEW BNB-USD BNB Up or Down - March 22, 8:45AM-8:50AM ET yes=0.50 window=300s
2026-03-22 12:45:11 [INFO] NEW HYPE-USD Hyperliquid Up or Down - March 22, 8:45AM-8:50AM ET yes=0.50 window=300s
2026-03-22 12:45:11 [INFO] NEW BTC-USD Bitcoin Up or Down - March 22, 8:45AM-9:00AM ET yes=0.49 window=900s
2026-03-22 12:45:11 [INFO] NEW ETH-USD Ethereum Up or Down - March 22, 8:45AM-9:00AM ET yes=0.51 window=900s
2026-03-22 12:45:11 [INFO] NEW SOL-USD Solana Up or Down - March 22, 8:45AM-9:00AM ET yes=0.49 window=900s
2026-03-22 12:45:11 [INFO] NEW XRP-USD XRP Up or Down - March 22, 8:45AM-9:00AM ET yes=0.46 window=900s
2026-03-22 12:45:11 [INFO] NEW DOGE-USD Dogecoin Up or Down - March 22, 8:45AM-9:00AM ET yes=0.50 window=900s
2026-03-22 12:45:11 [INFO] NEW BNB-USD BNB Up or Down - March 22, 8:45AM-9:00AM ET yes=0.50 window=900s
2026-03-22 12:45:11 [INFO] NEW HYPE-USD Hyperliquid Up or Down - March 22, 8:45AM-9:00AM ET yes=0.50 window=900s
2026-03-22 12:45:29 [INFO] RESOLVED BTC-USD -> DOWN yes=0.50 Bitcoin Up or Down - March 22, 8:30AM-8:
2026-03-22 12:45:29 [INFO] RESOLVED ETH-USD -> DOWN yes=0.50 Ethereum Up or Down - March 22, 8:30AM-8
2026-03-22 12:45:29 [INFO] RESOLVED SOL-USD -> DOWN yes=0.50 Solana Up or Down - March 22, 8:30AM-8:4
2026-03-22 12:45:29 [INFO] RESOLVED XRP-USD -> DOWN yes=0.50 XRP Up or Down - March 22, 8:30AM-8:45AM
2026-03-22 12:45:29 [INFO] RESOLVED DOGE-USD -> DOWN yes=0.50 Dogecoin Up or Down - March 22, 8:30AM-8
2026-03-22 12:45:29 [INFO] RESOLVED BNB-USD -> DOWN yes=0.50 BNB Up or Down - March 22, 8:30AM-8:45AM
2026-03-22 12:45:29 [INFO] RESOLVED HYPE-USD -> DOWN yes=0.50 Hyperliquid Up or Down - March 22, 8:30A
2026-03-22 12:45:29 [INFO] RESOLVED BTC-USD -> DOWN yes=0.50 Bitcoin Up or Down - March 22, 8:40AM-8:
2026-03-22 12:45:29 [INFO] RESOLVED ETH-USD -> DOWN yes=0.50 Ethereum Up or Down - March 22, 8:40AM-8
2026-03-22 12:45:29 [INFO] RESOLVED SOL-USD -> DOWN yes=0.50 Solana Up or Down - March 22, 8:40AM-8:4
2026-03-22 12:45:29 [INFO] RESOLVED XRP-USD -> DOWN yes=0.50 XRP Up or Down - March 22, 8:40AM-8:45AM
2026-03-22 12:45:29 [INFO] RESOLVED DOGE-USD -> DOWN yes=0.50 Dogecoin Up or Down - March 22, 8:40AM-8
2026-03-22 12:45:29 [INFO] RESOLVED BNB-USD -> DOWN yes=0.50 BNB Up or Down - March 22, 8:40AM-8:45AM
2026-03-22 12:45:29 [INFO] RESOLVED HYPE-USD -> DOWN yes=0.50 Hyperliquid Up or Down - March 22, 8:40A
2026-03-22 12:45:46 [INFO] Status: 14 active, 644 disc, 25837 poly, 111872 price, 60600 flow, 40010 funding, 630 resolved | DOGE-USD=$0 | SOL-USD=$87 | BTC-USD=$68583 | ETH-USD=$2083 | BNB-USD=$630 | XRP-USD=$1 | BTC-USD fr=-0.000094 | ETH-USD fr=-0.000068
2026-03-22 12:46:50 [INFO] Status: 14 active, 644 disc, 25921 poly, 112221 price, 60798 flow, 40138 funding, 630 resolved | DOGE-USD=$0 | SOL-USD=$87 | BTC-USD=$68619 | ETH-USD=$2084 | BNB-USD=$630 | XRP-USD=$1 | BTC-USD fr=-0.000095 | ETH-USD fr=-0.000068
2026-03-22 12:47:54 [INFO] Status: 14 active, 644 disc, 26005 poly, 112564 price, 60974 flow, 40266 funding, 630 resolved | DOGE-USD=$0 | SOL-USD=$87 | BTC-USD=$68624 | ETH-USD=$2084 | BNB-USD=$630 | XRP-USD=$1 | BTC-USD fr=-0.000095 | ETH-USD fr=-0.000068
2026-03-22 12:48:58 [INFO] Status: 14 active, 644 disc, 26089 poly, 112927 price, 61176 flow, 40394 funding, 630 resolved | DOGE-USD=$0 | SOL-USD=$87 | BTC-USD=$68672 | ETH-USD=$2085 | BNB-USD=$630 | XRP-USD=$1 | BTC-USD fr=-0.000094 | ETH-USD fr=-0.000069
2026-03-22 12:50:03 [INFO] Status: 14 active, 644 disc, 26173 poly, 113312 price, 61400 flow, 40524 funding, 630 resolved | DOGE-USD=$0 | SOL-USD=$87 | BTC-USD=$68567 | ETH-USD=$2079 | BNB-USD=$629 | XRP-USD=$1 | BTC-USD fr=-0.000093 | ETH-USD fr=-0.000070
2026-03-22 12:50:07 [INFO] NEW BTC-USD Bitcoin Up or Down - March 22, 8:50AM-8:55AM ET yes=0.51 window=300s
2026-03-22 12:50:07 [INFO] NEW ETH-USD Ethereum Up or Down - March 22, 8:50AM-8:55AM ET yes=0.48 window=300s
2026-03-22 12:50:07 [INFO] NEW SOL-USD Solana Up or Down - March 22, 8:50AM-8:55AM ET yes=0.51 window=300s
2026-03-22 12:50:07 [INFO] NEW XRP-USD XRP Up or Down - March 22, 8:50AM-8:55AM ET yes=0.47 window=300s
2026-03-22 12:50:07 [INFO] NEW DOGE-USD Dogecoin Up or Down - March 22, 8:50AM-8:55AM ET yes=0.50 window=300s
2026-03-22 12:50:07 [INFO] NEW BNB-USD BNB Up or Down - March 22, 8:50AM-8:55AM ET yes=0.50 window=300s
2026-03-22 12:50:07 [INFO] NEW HYPE-USD Hyperliquid Up or Down - March 22, 8:50AM-8:55AM ET yes=0.50 window=300s
2026-03-22 12:50:23 [INFO] RESOLVED BTC-USD -> DOWN yes=0.50 Bitcoin Up or Down - March 22, 8:45AM-8:
2026-03-22 12:50:23 [INFO] RESOLVED ETH-USD -> DOWN yes=0.50 Ethereum Up or Down - March 22, 8:45AM-8
2026-03-22 12:50:23 [INFO] RESOLVED SOL-USD -> DOWN yes=0.50 Solana Up or Down - March 22, 8:45AM-8:5
2026-03-22 12:50:23 [INFO] RESOLVED XRP-USD -> DOWN yes=0.50 XRP Up or Down - March 22, 8:45AM-8:50AM
2026-03-22 12:50:23 [INFO] RESOLVED DOGE-USD -> DOWN yes=0.50 Dogecoin Up or Down - March 22, 8:45AM-8
2026-03-22 12:50:23 [INFO] RESOLVED BNB-USD -> DOWN yes=0.50 BNB Up or Down - March 22, 8:45AM-8:50AM
2026-03-22 12:50:23 [INFO] RESOLVED HYPE-USD -> DOWN yes=0.50 Hyperliquid Up or Down - March 22, 8:45A
2026-03-22 12:51:03 [INFO] Status: 14 active, 651 disc, 26250 poly, 113657 price, 61599 flow, 40644 funding, 637 resolved | DOGE-USD=$0 | SOL-USD=$87 | BTC-USD=$68616 | ETH-USD=$2081 | BNB-USD=$630 | XRP-USD=$1 | BTC-USD fr=-0.000093 | ETH-USD fr=-0.000070
2026-03-22 12:52:08 [INFO] Status: 14 active, 651 disc, 26334 poly, 114024 price, 61799 flow, 40774 funding, 637 resolved | DOGE-USD=$0 | SOL-USD=$87 | BTC-USD=$68607 | ETH-USD=$2080 | BNB-USD=$629 | XRP-USD=$1 | BTC-USD fr=-0.000093 | ETH-USD fr=-0.000070
2026-03-22 12:53:11 [INFO] Status: 14 active, 651 disc, 26418 poly, 114387 price, 62008 flow, 40900 funding, 637 resolved | DOGE-USD=$0 | SOL-USD=$87 | BTC-USD=$68569 | ETH-USD=$2079 | BNB-USD=$629 | XRP-USD=$1 | BTC-USD fr=-0.000093 | ETH-USD fr=-0.000070
2026-03-22 12:54:15 [INFO] Status: 14 active, 651 disc, 26502 poly, 114750 price, 62206 flow, 41028 funding, 637 resolved | DOGE-USD=$0 | SOL-USD=$87 | BTC-USD=$68611 | ETH-USD=$2080 | BNB-USD=$629 | XRP-USD=$1 | BTC-USD fr=-0.000093 | ETH-USD fr=-0.000070
2026-03-22 12:55:01 [INFO] NEW BTC-USD Bitcoin Up or Down - March 22, 8:55AM-9:00AM ET yes=0.51 window=300s
2026-03-22 12:55:01 [INFO] NEW ETH-USD Ethereum Up or Down - March 22, 8:55AM-9:00AM ET yes=0.50 window=300s
2026-03-22 12:55:01 [INFO] NEW SOL-USD Solana Up or Down - March 22, 8:55AM-9:00AM ET yes=0.52 window=300s
2026-03-22 12:55:01 [INFO] NEW XRP-USD XRP Up or Down - March 22, 8:55AM-9:00AM ET yes=0.50 window=300s
2026-03-22 12:55:01 [INFO] NEW DOGE-USD Dogecoin Up or Down - March 22, 8:55AM-9:00AM ET yes=0.50 window=300s
2026-03-22 12:55:01 [INFO] NEW BNB-USD BNB Up or Down - March 22, 8:55AM-9:00AM ET yes=0.50 window=300s
2026-03-22 12:55:01 [INFO] NEW HYPE-USD Hyperliquid Up or Down - March 22, 8:55AM-9:00AM ET yes=0.50 window=300s
2026-03-22 12:55:20 [INFO] RESOLVED BTC-USD -> DOWN yes=0.50 Bitcoin Up or Down - March 22, 8:50AM-8:
2026-03-22 12:55:20 [INFO] RESOLVED ETH-USD -> DOWN yes=0.50 Ethereum Up or Down - March 22, 8:50AM-8
2026-03-22 12:55:20 [INFO] RESOLVED SOL-USD -> DOWN yes=0.50 Solana Up or Down - March 22, 8:50AM-8:5
2026-03-22 12:55:20 [INFO] RESOLVED XRP-USD -> DOWN yes=0.50 XRP Up or Down - March 22, 8:50AM-8:55AM
2026-03-22 12:55:20 [INFO] RESOLVED DOGE-USD -> DOWN yes=0.50 Dogecoin Up or Down - March 22, 8:50AM-8
2026-03-22 12:55:20 [INFO] RESOLVED BNB-USD -> DOWN yes=0.50 BNB Up or Down - March 22, 8:50AM-8:55AM
2026-03-22 12:55:20 [INFO] RESOLVED HYPE-USD -> DOWN yes=0.50 Hyperliquid Up or Down - March 22, 8:50A
2026-03-22 12:55:23 [INFO] Status: 14 active, 658 disc, 26593 poly, 115139 price, 62415 flow, 41164 funding, 644 resolved | DOGE-USD=$0 | SOL-USD=$87 | BTC-USD=$68656 | ETH-USD=$2082 | BNB-USD=$630 | XRP-USD=$1 | BTC-USD fr=-0.000093 | ETH-USD fr=-0.000070
2026-03-22 12:56:27 [INFO] Status: 14 active, 658 disc, 26677 poly, 115490 price, 62614 flow, 41292 funding, 644 resolved | DOGE-USD=$0 | SOL-USD=$87 | BTC-USD=$68652 | ETH-USD=$2082 | BNB-USD=$629 | XRP-USD=$1 | BTC-USD fr=-0.000092 | ETH-USD fr=-0.000069
2026-03-22 12:57:31 [INFO] Status: 14 active, 658 disc, 26761 poly, 115848 price, 62820 flow, 41420 funding, 644 resolved | DOGE-USD=$0 | SOL-USD=$87 | BTC-USD=$68652 | ETH-USD=$2083 | BNB-USD=$630 | XRP-USD=$1 | BTC-USD fr=-0.000093 | ETH-USD fr=-0.000069
2026-03-22 12:58:34 [INFO] Status: 14 active, 658 disc, 26845 poly, 116191 price, 62998 flow, 41546 funding, 644 resolved | DOGE-USD=$0 | SOL-USD=$87 | BTC-USD=$68663 | ETH-USD=$2082 | BNB-USD=$630 | XRP-USD=$1 | BTC-USD fr=-0.000093 | ETH-USD fr=-0.000069
2026-03-22 12:59:39 [INFO] Status: 14 active, 658 disc, 26929 poly, 116532 price, 63194 flow, 41676 funding, 644 resolved | DOGE-USD=$0 | SOL-USD=$87 | BTC-USD=$68663 | ETH-USD=$2083 | BNB-USD=$629 | XRP-USD=$1 | BTC-USD fr=-0.000093 | ETH-USD fr=-0.000069
2026-03-22 13:00:06 [INFO] NEW BTC-USD Bitcoin Up or Down - March 22, 9:00AM-9:05AM ET yes=0.51 window=300s
2026-03-22 13:00:06 [INFO] NEW ETH-USD Ethereum Up or Down - March 22, 9:00AM-9:05AM ET yes=0.50 window=300s
2026-03-22 13:00:06 [INFO] NEW SOL-USD Solana Up or Down - March 22, 9:00AM-9:05AM ET yes=0.49 window=300s
2026-03-22 13:00:06 [INFO] NEW XRP-USD XRP Up or Down - March 22, 9:00AM-9:05AM ET yes=0.47 window=300s
2026-03-22 13:00:06 [INFO] NEW DOGE-USD Dogecoin Up or Down - March 22, 9:00AM-9:05AM ET yes=0.50 window=300s
2026-03-22 13:00:06 [INFO] NEW BNB-USD BNB Up or Down - March 22, 9:00AM-9:05AM ET yes=0.50 window=300s
2026-03-22 13:00:06 [INFO] NEW HYPE-USD Hyperliquid Up or Down - March 22, 9:00AM-9:05AM ET yes=0.50 window=300s
2026-03-22 13:00:06 [INFO] NEW BTC-USD Bitcoin Up or Down - March 22, 9:00AM-9:15AM ET yes=0.49 window=900s
2026-03-22 13:00:06 [INFO] NEW ETH-USD Ethereum Up or Down - March 22, 9:00AM-9:15AM ET yes=0.54 window=900s
2026-03-22 13:00:06 [INFO] NEW SOL-USD Solana Up or Down - March 22, 9:00AM-9:15AM ET yes=0.51 window=900s
2026-03-22 13:00:06 [INFO] NEW XRP-USD XRP Up or Down - March 22, 9:00AM-9:15AM ET yes=0.51 window=900s
2026-03-22 13:00:06 [INFO] NEW DOGE-USD Dogecoin Up or Down - March 22, 9:00AM-9:15AM ET yes=0.50 window=900s
2026-03-22 13:00:06 [INFO] NEW BNB-USD BNB Up or Down - March 22, 9:00AM-9:15AM ET yes=0.50 window=900s
2026-03-22 13:00:06 [INFO] NEW HYPE-USD Hyperliquid Up or Down - March 22, 9:00AM-9:15AM ET yes=0.50 window=900s
2026-03-22 13:00:27 [INFO] RESOLVED BTC-USD -> DOWN yes=0.50 Bitcoin Up or Down - March 22, 8:45AM-9:
2026-03-22 13:00:27 [INFO] RESOLVED ETH-USD -> DOWN yes=0.50 Ethereum Up or Down - March 22, 8:45AM-9
2026-03-22 13:00:27 [INFO] RESOLVED SOL-USD -> DOWN yes=0.50 Solana Up or Down - March 22, 8:45AM-9:0
2026-03-22 13:00:27 [INFO] RESOLVED XRP-USD -> DOWN yes=0.50 XRP Up or Down - March 22, 8:45AM-9:00AM
2026-03-22 13:00:27 [INFO] RESOLVED DOGE-USD -> DOWN yes=0.50 Dogecoin Up or Down - March 22, 8:45AM-9
2026-03-22 13:00:27 [INFO] RESOLVED BNB-USD -> DOWN yes=0.50 BNB Up or Down - March 22, 8:45AM-9:00AM
2026-03-22 13:00:27 [INFO] RESOLVED HYPE-USD -> DOWN yes=0.50 Hyperliquid Up or Down - March 22, 8:45A
2026-03-22 13:00:27 [INFO] RESOLVED BTC-USD -> DOWN yes=0.50 Bitcoin Up or Down - March 22, 8:55AM-9:
2026-03-22 13:00:27 [INFO] RESOLVED ETH-USD -> DOWN yes=0.50 Ethereum Up or Down - March 22, 8:55AM-9
2026-03-22 13:00:27 [INFO] RESOLVED SOL-USD -> DOWN yes=0.50 Solana Up or Down - March 22, 8:55AM-9:0
2026-03-22 13:00:27 [INFO] RESOLVED XRP-USD -> DOWN yes=0.50 XRP Up or Down - March 22, 8:55AM-9:00AM
2026-03-22 13:00:27 [INFO] RESOLVED DOGE-USD -> DOWN yes=0.50 Dogecoin Up or Down - March 22, 8:55AM-9
2026-03-22 13:00:27 [INFO] RESOLVED BNB-USD -> DOWN yes=0.50 BNB Up or Down - March 22, 8:55AM-9:00AM
2026-03-22 13:00:27 [INFO] RESOLVED HYPE-USD -> DOWN yes=0.50 Hyperliquid Up or Down - March 22, 8:55A
2026-03-22 13:00:46 [INFO] Status: 14 active, 672 disc, 27013 poly, 116896 price, 63402 flow, 41810 funding, 658 resolved | DOGE-USD=$0 | SOL-USD=$87 | BTC-USD=$68691 | ETH-USD=$2083 | BNB-USD=$630 | XRP-USD=$1 | BTC-USD fr=-0.000092 | ETH-USD fr=-0.000069
2026-03-22 13:01:52 [INFO] Status: 14 active, 672 disc, 27097 poly, 117281 price, 63621 flow, 41942 funding, 658 resolved | DOGE-USD=$0 | SOL-USD=$87 | BTC-USD=$68781 | ETH-USD=$2086 | BNB-USD=$630 | XRP-USD=$1 | BTC-USD fr=-0.000092 | ETH-USD fr=-0.000069
2026-03-22 13:02:59 [INFO] Status: 14 active, 672 disc, 27181 poly, 117674 price, 63849 flow, 42076 funding, 658 resolved | DOGE-USD=$0 | SOL-USD=$88 | BTC-USD=$68873 | ETH-USD=$2089 | BNB-USD=$631 | XRP-USD=$1 | BTC-USD fr=-0.000092 | ETH-USD fr=-0.000068
2026-03-22 13:04:04 [INFO] Status: 14 active, 672 disc, 27265 poly, 118064 price, 64103 flow, 42206 funding, 658 resolved | DOGE-USD=$0 | SOL-USD=$88 | BTC-USD=$68945 | ETH-USD=$2092 | BNB-USD=$632 | XRP-USD=$1 | BTC-USD fr=-0.000090 | ETH-USD fr=-0.000068
2026-03-22 13:05:04 [INFO] NEW BTC-USD Bitcoin Up or Down - March 22, 9:05AM-9:10AM ET yes=0.51 window=300s
2026-03-22 13:05:04 [INFO] NEW ETH-USD Ethereum Up or Down - March 22, 9:05AM-9:10AM ET yes=0.49 window=300s
2026-03-22 13:05:04 [INFO] NEW SOL-USD Solana Up or Down - March 22, 9:05AM-9:10AM ET yes=0.47 window=300s
2026-03-22 13:05:04 [INFO] NEW XRP-USD XRP Up or Down - March 22, 9:05AM-9:10AM ET yes=0.47 window=300s
2026-03-22 13:05:04 [INFO] NEW DOGE-USD Dogecoin Up or Down - March 22, 9:05AM-9:10AM ET yes=0.50 window=300s
2026-03-22 13:05:04 [INFO] NEW BNB-USD BNB Up or Down - March 22, 9:05AM-9:10AM ET yes=0.50 window=300s
2026-03-22 13:05:04 [INFO] NEW HYPE-USD Hyperliquid Up or Down - March 22, 9:05AM-9:10AM ET yes=0.50 window=300s
2026-03-22 13:05:16 [INFO] Status: 21 active, 679 disc, 27356 poly, 118491 price, 64366 flow, 42350 funding, 658 resolved | DOGE-USD=$0 | SOL-USD=$87 | BTC-USD=$68809 | ETH-USD=$2088 | BNB-USD=$631 | XRP-USD=$1 | BTC-USD fr=-0.000090 | ETH-USD fr=-0.000068
2026-03-22 13:05:20 [INFO] RESOLVED BTC-USD -> DOWN yes=0.50 Bitcoin Up or Down - March 22, 9:00AM-9:
2026-03-22 13:05:20 [INFO] RESOLVED ETH-USD -> DOWN yes=0.50 Ethereum Up or Down - March 22, 9:00AM-9
2026-03-22 13:05:20 [INFO] RESOLVED SOL-USD -> DOWN yes=0.50 Solana Up or Down - March 22, 9:00AM-9:0
2026-03-22 13:05:20 [INFO] RESOLVED XRP-USD -> DOWN yes=0.50 XRP Up or Down - March 22, 9:00AM-9:05AM
2026-03-22 13:05:20 [INFO] RESOLVED DOGE-USD -> DOWN yes=0.50 Dogecoin Up or Down - March 22, 9:00AM-9
2026-03-22 13:05:20 [INFO] RESOLVED BNB-USD -> DOWN yes=0.50 BNB Up or Down - March 22, 9:00AM-9:05AM
2026-03-22 13:05:20 [INFO] RESOLVED HYPE-USD -> DOWN yes=0.50 Hyperliquid Up or Down - March 22, 9:00A
2026-03-22 13:06:11 [INFO] Status: 14 active, 679 disc, 27426 poly, 118811 price, 64542 flow, 42460 funding, 665 resolved | DOGE-USD=$0 | SOL-USD=$87 | BTC-USD=$68812 | ETH-USD=$2087 | BNB-USD=$631 | XRP-USD=$1 | BTC-USD fr=-0.000091 | ETH-USD fr=-0.000069
2026-03-22 13:07:18 [INFO] Status: 14 active, 679 disc, 27510 poly, 119188 price, 64754 flow, 42594 funding, 665 resolved | DOGE-USD=$0 | SOL-USD=$87 | BTC-USD=$68825 | ETH-USD=$2088 | BNB-USD=$631 | XRP-USD=$1 | BTC-USD fr=-0.000091 | ETH-USD fr=-0.000071
2026-03-22 13:08:23 [INFO] Status: 14 active, 679 disc, 27594 poly, 119570 price, 64974 flow, 42724 funding, 665 resolved | DOGE-USD=$0 | SOL-USD=$88 | BTC-USD=$68868 | ETH-USD=$2089 | BNB-USD=$631 | XRP-USD=$1 | BTC-USD fr=-0.000091 | ETH-USD fr=-0.000071
2026-03-22 13:09:29 [INFO] Status: 14 active, 679 disc, 27678 poly, 119947 price, 65168 flow, 42856 funding, 665 resolved | DOGE-USD=$0 | SOL-USD=$88 | BTC-USD=$68870 | ETH-USD=$2089 | BNB-USD=$631 | XRP-USD=$1 | BTC-USD fr=-0.000091 | ETH-USD fr=-0.000072
2026-03-22 13:10:05 [INFO] NEW BTC-USD Bitcoin Up or Down - March 22, 9:10AM-9:15AM ET yes=0.41 window=300s
2026-03-22 13:10:05 [INFO] NEW ETH-USD Ethereum Up or Down - March 22, 9:10AM-9:15AM ET yes=0.45 window=300s
2026-03-22 13:10:05 [INFO] NEW SOL-USD Solana Up or Down - March 22, 9:10AM-9:15AM ET yes=0.46 window=300s
2026-03-22 13:10:05 [INFO] NEW XRP-USD XRP Up or Down - March 22, 9:10AM-9:15AM ET yes=0.46 window=300s
2026-03-22 13:10:05 [INFO] NEW DOGE-USD Dogecoin Up or Down - March 22, 9:10AM-9:15AM ET yes=0.45 window=300s
2026-03-22 13:10:05 [INFO] NEW BNB-USD BNB Up or Down - March 22, 9:10AM-9:15AM ET yes=0.45 window=300s
2026-03-22 13:10:05 [INFO] NEW HYPE-USD Hyperliquid Up or Down - March 22, 9:10AM-9:15AM ET yes=0.50 window=300s
2026-03-22 13:10:26 [INFO] RESOLVED BTC-USD -> DOWN yes=0.50 Bitcoin Up or Down - March 22, 9:05AM-9:
2026-03-22 13:10:26 [INFO] RESOLVED ETH-USD -> DOWN yes=0.50 Ethereum Up or Down - March 22, 9:05AM-9
2026-03-22 13:10:26 [INFO] RESOLVED SOL-USD -> DOWN yes=0.50 Solana Up or Down - March 22, 9:05AM-9:1
2026-03-22 13:10:26 [INFO] RESOLVED XRP-USD -> DOWN yes=0.50 XRP Up or Down - March 22, 9:05AM-9:10AM
2026-03-22 13:10:26 [INFO] RESOLVED DOGE-USD -> DOWN yes=0.50 Dogecoin Up or Down - March 22, 9:05AM-9
2026-03-22 13:10:26 [INFO] RESOLVED BNB-USD -> DOWN yes=0.50 BNB Up or Down - March 22, 9:05AM-9:10AM
2026-03-22 13:10:26 [INFO] RESOLVED HYPE-USD -> DOWN yes=0.50 Hyperliquid Up or Down - March 22, 9:05A
2026-03-22 13:10:40 [INFO] Status: 14 active, 686 disc, 27769 poly, 120353 price, 65405 flow, 42998 funding, 672 resolved | DOGE-USD=$0 | SOL-USD=$88 | BTC-USD=$68832 | ETH-USD=$2088 | BNB-USD=$631 | XRP-USD=$1 | BTC-USD fr=-0.000091 | ETH-USD fr=-0.000072
2026-03-22 13:11:46 [INFO] Status: 14 active, 686 disc, 27853 poly, 120724 price, 65612 flow, 43130 funding, 672 resolved | DOGE-USD=$0 | SOL-USD=$88 | BTC-USD=$68859 | ETH-USD=$2089 | BNB-USD=$632 | XRP-USD=$1 | BTC-USD fr=-0.000092 | ETH-USD fr=-0.000072
2026-03-22 13:12:51 [INFO] Status: 14 active, 686 disc, 27937 poly, 121103 price, 65826 flow, 43260 funding, 672 resolved | DOGE-USD=$0 | SOL-USD=$88 | BTC-USD=$68819 | ETH-USD=$2087 | BNB-USD=$631 | XRP-USD=$1 | BTC-USD fr=-0.000092 | ETH-USD fr=-0.000072
2026-03-22 13:13:56 [INFO] Status: 14 active, 686 disc, 28021 poly, 121461 price, 66029 flow, 43390 funding, 672 resolved | DOGE-USD=$0 | SOL-USD=$87 | BTC-USD=$68789 | ETH-USD=$2085 | BNB-USD=$631 | XRP-USD=$1 | BTC-USD fr=-0.000092 | ETH-USD fr=-0.000073
2026-03-22 13:15:01 [INFO] Status: 14 active, 686 disc, 28105 poly, 121819 price, 66221 flow, 43520 funding, 672 resolved | DOGE-USD=$0 | SOL-USD=$88 | BTC-USD=$68823 | ETH-USD=$2087 | BNB-USD=$631 | XRP-USD=$1 | BTC-USD fr=-0.000093 | ETH-USD fr=-0.000074
2026-03-22 13:15:05 [INFO] NEW BTC-USD Bitcoin Up or Down - March 22, 9:15AM-9:20AM ET yes=0.48 window=300s
2026-03-22 13:15:05 [INFO] NEW ETH-USD Ethereum Up or Down - March 22, 9:15AM-9:20AM ET yes=0.47 window=300s
2026-03-22 13:15:05 [INFO] NEW SOL-USD Solana Up or Down - March 22, 9:15AM-9:20AM ET yes=0.53 window=300s
2026-03-22 13:15:05 [INFO] NEW XRP-USD XRP Up or Down - March 22, 9:15AM-9:20AM ET yes=0.50 window=300s
2026-03-22 13:15:05 [INFO] NEW DOGE-USD Dogecoin Up or Down - March 22, 9:15AM-9:20AM ET yes=0.45 window=300s
2026-03-22 13:15:05 [INFO] NEW BNB-USD BNB Up or Down - March 22, 9:15AM-9:20AM ET yes=0.45 window=300s
2026-03-22 13:15:05 [INFO] NEW HYPE-USD Hyperliquid Up or Down - March 22, 9:15AM-9:20AM ET yes=0.50 window=300s
2026-03-22 13:15:05 [INFO] NEW BTC-USD Bitcoin Up or Down - March 22, 9:15AM-9:30AM ET yes=0.47 window=900s
2026-03-22 13:15:05 [INFO] NEW ETH-USD Ethereum Up or Down - March 22, 9:15AM-9:30AM ET yes=0.51 window=900s
2026-03-22 13:15:05 [INFO] NEW SOL-USD Solana Up or Down - March 22, 9:15AM-9:30AM ET yes=0.51 window=900s
2026-03-22 13:15:05 [INFO] NEW XRP-USD XRP Up or Down - March 22, 9:15AM-9:30AM ET yes=0.41 window=900s
2026-03-22 13:15:05 [INFO] NEW DOGE-USD Dogecoin Up or Down - March 22, 9:15AM-9:30AM ET yes=0.50 window=900s
2026-03-22 13:15:05 [INFO] NEW BNB-USD BNB Up or Down - March 22, 9:15AM-9:30AM ET yes=0.50 window=900s
2026-03-22 13:15:05 [INFO] NEW HYPE-USD Hyperliquid Up or Down - March 22, 9:15AM-9:30AM ET yes=0.50 window=900s
2026-03-22 13:15:24 [INFO] RESOLVED BTC-USD -> DOWN yes=0.50 Bitcoin Up or Down - March 22, 9:00AM-9:
2026-03-22 13:15:24 [INFO] RESOLVED ETH-USD -> DOWN yes=0.50 Ethereum Up or Down - March 22, 9:00AM-9
2026-03-22 13:15:24 [INFO] RESOLVED SOL-USD -> DOWN yes=0.50 Solana Up or Down - March 22, 9:00AM-9:1
2026-03-22 13:15:24 [INFO] RESOLVED XRP-USD -> DOWN yes=0.50 XRP Up or Down - March 22, 9:00AM-9:15AM
2026-03-22 13:15:24 [INFO] RESOLVED DOGE-USD -> DOWN yes=0.50 Dogecoin Up or Down - March 22, 9:00AM-9
2026-03-22 13:15:24 [INFO] RESOLVED BNB-USD -> DOWN yes=0.50 BNB Up or Down - March 22, 9:00AM-9:15AM
2026-03-22 13:15:24 [INFO] RESOLVED HYPE-USD -> DOWN yes=0.50 Hyperliquid Up or Down - March 22, 9:00A
2026-03-22 13:15:24 [INFO] RESOLVED BTC-USD -> DOWN yes=0.50 Bitcoin Up or Down - March 22, 9:10AM-9:
2026-03-22 13:15:24 [INFO] RESOLVED ETH-USD -> DOWN yes=0.50 Ethereum Up or Down - March 22, 9:10AM-9
2026-03-22 13:15:24 [INFO] RESOLVED SOL-USD -> DOWN yes=0.50 Solana Up or Down - March 22, 9:10AM-9:1
2026-03-22 13:15:24 [INFO] RESOLVED XRP-USD -> DOWN yes=0.50 XRP Up or Down - March 22, 9:10AM-9:15AM
2026-03-22 13:15:24 [INFO] RESOLVED DOGE-USD -> DOWN yes=0.50 Dogecoin Up or Down - March 22, 9:10AM-9
2026-03-22 13:15:24 [INFO] RESOLVED BNB-USD -> DOWN yes=0.50 BNB Up or Down - March 22, 9:10AM-9:15AM
2026-03-22 13:15:24 [INFO] RESOLVED HYPE-USD -> DOWN yes=0.50 Hyperliquid Up or Down - March 22, 9:10A
2026-03-22 13:16:04 [INFO] Status: 14 active, 700 disc, 28189 poly, 122177 price, 66413 flow, 43646 funding, 686 resolved | DOGE-USD=$0 | SOL-USD=$87 | BTC-USD=$68788 | ETH-USD=$2086 | BNB-USD=$631 | XRP-USD=$1 | BTC-USD fr=-0.000093 | ETH-USD fr=-0.000074
2026-03-22 13:17:08 [INFO] Status: 14 active, 700 disc, 28273 poly, 122539 price, 66610 flow, 43774 funding, 686 resolved | DOGE-USD=$0 | SOL-USD=$87 | BTC-USD=$68787 | ETH-USD=$2086 | BNB-USD=$631 | XRP-USD=$1 | BTC-USD fr=-0.000094 | ETH-USD fr=-0.000074
2026-03-22 13:18:14 [INFO] Status: 14 active, 700 disc, 28357 poly, 122906 price, 66806 flow, 43906 funding, 686 resolved | DOGE-USD=$0 | SOL-USD=$87 | BTC-USD=$68799 | ETH-USD=$2086 | BNB-USD=$631 | XRP-USD=$1 | BTC-USD fr=-0.000094 | ETH-USD fr=-0.000074
2026-03-22 13:19:21 [INFO] Status: 14 active, 700 disc, 28441 poly, 123257 price, 66992 flow, 44038 funding, 686 resolved | DOGE-USD=$0 | SOL-USD=$87 | BTC-USD=$68794 | ETH-USD=$2087 | BNB-USD=$631 | XRP-USD=$1 | BTC-USD fr=-0.000094 | ETH-USD fr=-0.000074
2026-03-22 13:20:10 [INFO] NEW BTC-USD Bitcoin Up or Down - March 22, 9:20AM-9:25AM ET yes=0.47 window=300s
2026-03-22 13:20:10 [INFO] NEW ETH-USD Ethereum Up or Down - March 22, 9:20AM-9:25AM ET yes=0.51 window=300s
2026-03-22 13:20:10 [INFO] NEW SOL-USD Solana Up or Down - March 22, 9:20AM-9:25AM ET yes=0.47 window=300s
2026-03-22 13:20:10 [INFO] NEW XRP-USD XRP Up or Down - March 22, 9:20AM-9:25AM ET yes=0.45 window=300s
2026-03-22 13:20:10 [INFO] NEW DOGE-USD Dogecoin Up or Down - March 22, 9:20AM-9:25AM ET yes=0.45 window=300s
2026-03-22 13:20:10 [INFO] NEW BNB-USD BNB Up or Down - March 22, 9:20AM-9:25AM ET yes=0.45 window=300s
2026-03-22 13:20:10 [INFO] NEW HYPE-USD Hyperliquid Up or Down - March 22, 9:20AM-9:25AM ET yes=0.50 window=300s
2026-03-22 13:20:25 [INFO] RESOLVED BTC-USD -> DOWN yes=0.50 Bitcoin Up or Down - March 22, 9:15AM-9:
2026-03-22 13:20:25 [INFO] RESOLVED ETH-USD -> DOWN yes=0.50 Ethereum Up or Down - March 22, 9:15AM-9
2026-03-22 13:20:25 [INFO] RESOLVED SOL-USD -> DOWN yes=0.50 Solana Up or Down - March 22, 9:15AM-9:2
2026-03-22 13:20:25 [INFO] RESOLVED XRP-USD -> DOWN yes=0.50 XRP Up or Down - March 22, 9:15AM-9:20AM
2026-03-22 13:20:25 [INFO] RESOLVED DOGE-USD -> DOWN yes=0.50 Dogecoin Up or Down - March 22, 9:15AM-9
2026-03-22 13:20:25 [INFO] RESOLVED BNB-USD -> DOWN yes=0.50 BNB Up or Down - March 22, 9:15AM-9:20AM
2026-03-22 13:20:25 [INFO] RESOLVED HYPE-USD -> DOWN yes=0.50 Hyperliquid Up or Down - March 22, 9:15A
2026-03-22 13:20:33 [INFO] Status: 14 active, 707 disc, 28532 poly, 123649 price, 67200 flow, 44182 funding, 693 resolved | DOGE-USD=$0 | SOL-USD=$88 | BTC-USD=$68830 | ETH-USD=$2088 | BNB-USD=$631 | XRP-USD=$1 | BTC-USD fr=-0.000094 | ETH-USD fr=-0.000074
2026-03-22 13:21:37 [INFO] Status: 14 active, 707 disc, 28616 poly, 123995 price, 67390 flow, 44312 funding, 693 resolved | DOGE-USD=$0 | SOL-USD=$88 | BTC-USD=$68867 | ETH-USD=$2089 | BNB-USD=$631 | XRP-USD=$1 | BTC-USD fr=-0.000094 | ETH-USD fr=-0.000074
2026-03-22 13:22:45 [INFO] Status: 14 active, 707 disc, 28700 poly, 124374 price, 67591 flow, 44448 funding, 693 resolved | DOGE-USD=$0 | SOL-USD=$88 | BTC-USD=$68813 | ETH-USD=$2087 | BNB-USD=$631 | XRP-USD=$1 | BTC-USD fr=-0.000093 | ETH-USD fr=-0.000074
2026-03-22 13:23:50 [INFO] Status: 14 active, 707 disc, 28784 poly, 124744 price, 67803 flow, 44578 funding, 693 resolved | DOGE-USD=$0 | SOL-USD=$87 | BTC-USD=$68784 | ETH-USD=$2086 | BNB-USD=$630 | XRP-USD=$1 | BTC-USD fr=-0.000093 | ETH-USD fr=-0.000074
2026-03-22 13:24:54 [INFO] Status: 14 active, 707 disc, 28868 poly, 125093 price, 67992 flow, 44706 funding, 693 resolved | DOGE-USD=$0 | SOL-USD=$87 | BTC-USD=$68791 | ETH-USD=$2085 | BNB-USD=$630 | XRP-USD=$1 | BTC-USD fr=-0.000094 | ETH-USD fr=-0.000074
2026-03-22 13:25:10 [INFO] NEW BTC-USD Bitcoin Up or Down - March 22, 9:25AM-9:30AM ET yes=0.48 window=300s
2026-03-22 13:25:10 [INFO] NEW ETH-USD Ethereum Up or Down - March 22, 9:25AM-9:30AM ET yes=0.48 window=300s
2026-03-22 13:25:10 [INFO] NEW SOL-USD Solana Up or Down - March 22, 9:25AM-9:30AM ET yes=0.51 window=300s
2026-03-22 13:25:10 [INFO] NEW XRP-USD XRP Up or Down - March 22, 9:25AM-9:30AM ET yes=0.47 window=300s
2026-03-22 13:25:10 [INFO] NEW DOGE-USD Dogecoin Up or Down - March 22, 9:25AM-9:30AM ET yes=0.50 window=300s
2026-03-22 13:25:10 [INFO] NEW BNB-USD BNB Up or Down - March 22, 9:25AM-9:30AM ET yes=0.50 window=300s
2026-03-22 13:25:10 [INFO] NEW HYPE-USD Hyperliquid Up or Down - March 22, 9:25AM-9:30AM ET yes=0.50 window=300s
2026-03-22 13:25:28 [INFO] RESOLVED BTC-USD -> DOWN yes=0.50 Bitcoin Up or Down - March 22, 9:20AM-9:
2026-03-22 13:25:28 [INFO] RESOLVED ETH-USD -> DOWN yes=0.50 Ethereum Up or Down - March 22, 9:20AM-9
2026-03-22 13:25:28 [INFO] RESOLVED SOL-USD -> DOWN yes=0.50 Solana Up or Down - March 22, 9:20AM-9:2
2026-03-22 13:25:28 [INFO] RESOLVED XRP-USD -> DOWN yes=0.50 XRP Up or Down - March 22, 9:20AM-9:25AM
2026-03-22 13:25:28 [INFO] RESOLVED DOGE-USD -> DOWN yes=0.50 Dogecoin Up or Down - March 22, 9:20AM-9
2026-03-22 13:25:28 [INFO] RESOLVED BNB-USD -> DOWN yes=0.50 BNB Up or Down - March 22, 9:20AM-9:25AM
2026-03-22 13:25:28 [INFO] RESOLVED HYPE-USD -> DOWN yes=0.50 Hyperliquid Up or Down - March 22, 9:20A
2026-03-22 13:26:04 [INFO] Status: 14 active, 714 disc, 28959 poly, 125477 price, 68182 flow, 44846 funding, 700 resolved | DOGE-USD=$0 | SOL-USD=$87 | BTC-USD=$68780 | ETH-USD=$2085 | BNB-USD=$630 | XRP-USD=$1 | BTC-USD fr=-0.000095 | ETH-USD fr=-0.000074
2026-03-22 13:27:08 [INFO] Status: 14 active, 714 disc, 29043 poly, 125828 price, 68368 flow, 44974 funding, 700 resolved | DOGE-USD=$0 | SOL-USD=$87 | BTC-USD=$68810 | ETH-USD=$2086 | BNB-USD=$630 | XRP-USD=$1 | BTC-USD fr=-0.000095 | ETH-USD fr=-0.000075
2026-03-22 13:28:13 [INFO] Status: 14 active, 714 disc, 29127 poly, 126190 price, 68553 flow, 45104 funding, 700 resolved | DOGE-USD=$0 | SOL-USD=$87 | BTC-USD=$68807 | ETH-USD=$2086 | BNB-USD=$630 | XRP-USD=$1 | BTC-USD fr=-0.000094 | ETH-USD fr=-0.000075
2026-03-22 13:29:18 [INFO] Status: 14 active, 714 disc, 29211 poly, 126545 price, 68733 flow, 45234 funding, 700 resolved | DOGE-USD=$0 | SOL-USD=$87 | BTC-USD=$68822 | ETH-USD=$2087 | BNB-USD=$630 | XRP-USD=$1 | BTC-USD fr=-0.000094 | ETH-USD fr=-0.000075
2026-03-22 13:30:09 [INFO] NEW BTC-USD Bitcoin Up or Down - March 22, 9:30AM-9:35AM ET yes=0.48 window=300s
2026-03-22 13:30:09 [INFO] NEW ETH-USD Ethereum Up or Down - March 22, 9:30AM-9:35AM ET yes=0.49 window=300s
2026-03-22 13:30:09 [INFO] NEW SOL-USD Solana Up or Down - March 22, 9:30AM-9:35AM ET yes=0.47 window=300s
2026-03-22 13:30:09 [INFO] NEW XRP-USD XRP Up or Down - March 22, 9:30AM-9:35AM ET yes=0.48 window=300s
2026-03-22 13:30:09 [INFO] NEW DOGE-USD Dogecoin Up or Down - March 22, 9:30AM-9:35AM ET yes=0.50 window=300s
2026-03-22 13:30:09 [INFO] NEW BNB-USD BNB Up or Down - March 22, 9:30AM-9:35AM ET yes=0.50 window=300s
2026-03-22 13:30:09 [INFO] NEW HYPE-USD Hyperliquid Up or Down - March 22, 9:30AM-9:35AM ET yes=0.50 window=300s
2026-03-22 13:30:09 [INFO] NEW BTC-USD Bitcoin Up or Down - March 22, 9:30AM-9:45AM ET yes=0.49 window=900s
2026-03-22 13:30:09 [INFO] NEW ETH-USD Ethereum Up or Down - March 22, 9:30AM-9:45AM ET yes=0.49 window=900s
2026-03-22 13:30:09 [INFO] NEW SOL-USD Solana Up or Down - March 22, 9:30AM-9:45AM ET yes=0.60 window=900s
2026-03-22 13:30:09 [INFO] NEW XRP-USD XRP Up or Down - March 22, 9:30AM-9:45AM ET yes=0.49 window=900s
2026-03-22 13:30:09 [INFO] NEW DOGE-USD Dogecoin Up or Down - March 22, 9:30AM-9:45AM ET yes=0.50 window=900s
2026-03-22 13:30:09 [INFO] NEW BNB-USD BNB Up or Down - March 22, 9:30AM-9:45AM ET yes=0.50 window=900s
2026-03-22 13:30:09 [INFO] NEW HYPE-USD Hyperliquid Up or Down - March 22, 9:30AM-9:45AM ET yes=0.50 window=900s
2026-03-22 13:30:29 [INFO] RESOLVED BTC-USD -> DOWN yes=0.50 Bitcoin Up or Down - March 22, 9:15AM-9:
2026-03-22 13:30:29 [INFO] RESOLVED ETH-USD -> DOWN yes=0.50 Ethereum Up or Down - March 22, 9:15AM-9
2026-03-22 13:30:29 [INFO] RESOLVED SOL-USD -> DOWN yes=0.50 Solana Up or Down - March 22, 9:15AM-9:3
2026-03-22 13:30:29 [INFO] RESOLVED XRP-USD -> DOWN yes=0.50 XRP Up or Down - March 22, 9:15AM-9:30AM
2026-03-22 13:30:29 [INFO] RESOLVED DOGE-USD -> DOWN yes=0.50 Dogecoin Up or Down - March 22, 9:15AM-9
2026-03-22 13:30:29 [INFO] RESOLVED BNB-USD -> DOWN yes=0.50 BNB Up or Down - March 22, 9:15AM-9:30AM
2026-03-22 13:30:29 [INFO] RESOLVED HYPE-USD -> DOWN yes=0.50 Hyperliquid Up or Down - March 22, 9:15A
2026-03-22 13:30:29 [INFO] RESOLVED BTC-USD -> DOWN yes=0.50 Bitcoin Up or Down - March 22, 9:25AM-9:
2026-03-22 13:30:29 [INFO] RESOLVED ETH-USD -> DOWN yes=0.50 Ethereum Up or Down - March 22, 9:25AM-9
2026-03-22 13:30:29 [INFO] RESOLVED SOL-USD -> DOWN yes=0.50 Solana Up or Down - March 22, 9:25AM-9:3
2026-03-22 13:30:29 [INFO] RESOLVED XRP-USD -> DOWN yes=0.50 XRP Up or Down - March 22, 9:25AM-9:30AM
2026-03-22 13:30:29 [INFO] RESOLVED DOGE-USD -> DOWN yes=0.50 Dogecoin Up or Down - March 22, 9:25AM-9
2026-03-22 13:30:29 [INFO] RESOLVED BNB-USD -> DOWN yes=0.50 BNB Up or Down - March 22, 9:25AM-9:30AM
2026-03-22 13:30:29 [INFO] RESOLVED HYPE-USD -> DOWN yes=0.50 Hyperliquid Up or Down - March 22, 9:25A
2026-03-22 13:30:37 [INFO] Status: 14 active, 728 disc, 29309 poly, 126975 price, 68969 flow, 45392 funding, 714 resolved | DOGE-USD=$0 | SOL-USD=$87 | BTC-USD=$68825 | ETH-USD=$2087 | BNB-USD=$631 | XRP-USD=$1 | BTC-USD fr=-0.000094 | ETH-USD fr=-0.000075
2026-03-22 13:31:43 [INFO] Status: 14 active, 728 disc, 29393 poly, 127341 price, 69182 flow, 45524 funding, 714 resolved | DOGE-USD=$0 | SOL-USD=$88 | BTC-USD=$68830 | ETH-USD=$2087 | BNB-USD=$631 | XRP-USD=$1 | BTC-USD fr=-0.000094 | ETH-USD fr=-0.000074
2026-03-22 13:32:48 [INFO] Status: 14 active, 728 disc, 29477 poly, 127700 price, 69376 flow, 45654 funding, 714 resolved | DOGE-USD=$0 | SOL-USD=$87 | BTC-USD=$68773 | ETH-USD=$2084 | BNB-USD=$630 | XRP-USD=$1 | BTC-USD fr=-0.000094 | ETH-USD fr=-0.000074
2026-03-22 13:33:54 [INFO] Status: 14 active, 728 disc, 29561 poly, 128078 price, 69591 flow, 45786 funding, 714 resolved | DOGE-USD=$0 | SOL-USD=$87 | BTC-USD=$68693 | ETH-USD=$2082 | BNB-USD=$630 | XRP-USD=$1 | BTC-USD fr=-0.000094 | ETH-USD fr=-0.000074
2026-03-22 13:34:59 [INFO] Status: 14 active, 728 disc, 29645 poly, 128456 price, 69774 flow, 45916 funding, 714 resolved | DOGE-USD=$0 | SOL-USD=$87 | BTC-USD=$68693 | ETH-USD=$2082 | BNB-USD=$630 | XRP-USD=$1 | BTC-USD fr=-0.000095 | ETH-USD fr=-0.000075
2026-03-22 13:35:04 [INFO] NEW BTC-USD Bitcoin Up or Down - March 22, 9:35AM-9:40AM ET yes=0.48 window=300s
2026-03-22 13:35:04 [INFO] NEW ETH-USD Ethereum Up or Down - March 22, 9:35AM-9:40AM ET yes=0.49 window=300s
2026-03-22 13:35:04 [INFO] NEW SOL-USD Solana Up or Down - March 22, 9:35AM-9:40AM ET yes=0.53 window=300s
2026-03-22 13:35:04 [INFO] NEW XRP-USD XRP Up or Down - March 22, 9:35AM-9:40AM ET yes=0.47 window=300s
2026-03-22 13:35:04 [INFO] NEW DOGE-USD Dogecoin Up or Down - March 22, 9:35AM-9:40AM ET yes=0.50 window=300s
2026-03-22 13:35:04 [INFO] NEW BNB-USD BNB Up or Down - March 22, 9:35AM-9:40AM ET yes=0.50 window=300s
2026-03-22 13:35:04 [INFO] NEW HYPE-USD Hyperliquid Up or Down - March 22, 9:35AM-9:40AM ET yes=0.50 window=300s
2026-03-22 13:35:20 [INFO] RESOLVED BTC-USD -> DOWN yes=0.50 Bitcoin Up or Down - March 22, 9:30AM-9:
2026-03-22 13:35:20 [INFO] RESOLVED ETH-USD -> DOWN yes=0.50 Ethereum Up or Down - March 22, 9:30AM-9
2026-03-22 13:35:20 [INFO] RESOLVED SOL-USD -> DOWN yes=0.50 Solana Up or Down - March 22, 9:30AM-9:3
2026-03-22 13:35:20 [INFO] RESOLVED XRP-USD -> DOWN yes=0.50 XRP Up or Down - March 22, 9:30AM-9:35AM
2026-03-22 13:35:20 [INFO] RESOLVED DOGE-USD -> DOWN yes=0.50 Dogecoin Up or Down - March 22, 9:30AM-9
2026-03-22 13:35:20 [INFO] RESOLVED BNB-USD -> DOWN yes=0.50 BNB Up or Down - March 22, 9:30AM-9:35AM
2026-03-22 13:35:20 [INFO] RESOLVED HYPE-USD -> DOWN yes=0.50 Hyperliquid Up or Down - March 22, 9:30A
2026-03-22 13:36:01 [INFO] Status: 14 active, 735 disc, 29722 poly, 128797 price, 69948 flow, 46038 funding, 721 resolved | DOGE-USD=$0 | SOL-USD=$87 | BTC-USD=$68678 | ETH-USD=$2082 | BNB-USD=$630 | XRP-USD=$1 | BTC-USD fr=-0.000096 | ETH-USD fr=-0.000077
2026-03-22 13:37:05 [INFO] Status: 14 active, 735 disc, 29806 poly, 129172 price, 70164 flow, 46168 funding, 721 resolved | DOGE-USD=$0 | SOL-USD=$87 | BTC-USD=$68638 | ETH-USD=$2078 | BNB-USD=$630 | XRP-USD=$1 | BTC-USD fr=-0.000096 | ETH-USD fr=-0.000077
2026-03-22 13:38:09 [INFO] Status: 14 active, 735 disc, 29890 poly, 129552 price, 70371 flow, 46296 funding, 721 resolved | DOGE-USD=$0 | SOL-USD=$87 | BTC-USD=$68634 | ETH-USD=$2079 | BNB-USD=$630 | XRP-USD=$1 | BTC-USD fr=-0.000096 | ETH-USD fr=-0.000078
2026-03-22 13:39:17 [INFO] Status: 14 active, 735 disc, 29974 poly, 129935 price, 70557 flow, 46432 funding, 721 resolved | DOGE-USD=$0 | SOL-USD=$87 | BTC-USD=$68681 | ETH-USD=$2080 | BNB-USD=$630 | XRP-USD=$1 | BTC-USD fr=-0.000096 | ETH-USD fr=-0.000078
2026-03-22 13:40:06 [INFO] NEW BTC-USD Bitcoin Up or Down - March 22, 9:40AM-9:45AM ET yes=0.52 window=300s
2026-03-22 13:40:06 [INFO] NEW ETH-USD Ethereum Up or Down - March 22, 9:40AM-9:45AM ET yes=0.52 window=300s
2026-03-22 13:40:06 [INFO] NEW SOL-USD Solana Up or Down - March 22, 9:40AM-9:45AM ET yes=0.53 window=300s
2026-03-22 13:40:06 [INFO] NEW XRP-USD XRP Up or Down - March 22, 9:40AM-9:45AM ET yes=0.51 window=300s
2026-03-22 13:40:06 [INFO] NEW DOGE-USD Dogecoin Up or Down - March 22, 9:40AM-9:45AM ET yes=0.50 window=300s
2026-03-22 13:40:06 [INFO] NEW BNB-USD BNB Up or Down - March 22, 9:40AM-9:45AM ET yes=0.50 window=300s
2026-03-22 13:40:06 [INFO] NEW HYPE-USD Hyperliquid Up or Down - March 22, 9:40AM-9:45AM ET yes=0.50 window=300s
2026-03-22 13:40:29 [INFO] RESOLVED BTC-USD -> DOWN yes=0.50 Bitcoin Up or Down - March 22, 9:35AM-9:
2026-03-22 13:40:29 [INFO] RESOLVED ETH-USD -> DOWN yes=0.50 Ethereum Up or Down - March 22, 9:35AM-9
2026-03-22 13:40:29 [INFO] RESOLVED SOL-USD -> DOWN yes=0.50 Solana Up or Down - March 22, 9:35AM-9:4
2026-03-22 13:40:29 [INFO] RESOLVED XRP-USD -> DOWN yes=0.50 XRP Up or Down - March 22, 9:35AM-9:40AM
2026-03-22 13:40:29 [INFO] RESOLVED DOGE-USD -> DOWN yes=0.50 Dogecoin Up or Down - March 22, 9:35AM-9
2026-03-22 13:40:29 [INFO] RESOLVED BNB-USD -> DOWN yes=0.50 BNB Up or Down - March 22, 9:35AM-9:40AM
2026-03-22 13:40:29 [INFO] RESOLVED HYPE-USD -> DOWN yes=0.50 Hyperliquid Up or Down - March 22, 9:35A
2026-03-22 13:40:33 [INFO] Status: 14 active, 742 disc, 30065 poly, 130365 price, 70788 flow, 46584 funding, 728 resolved | DOGE-USD=$0 | SOL-USD=$87 | BTC-USD=$68648 | ETH-USD=$2079 | BNB-USD=$630 | XRP-USD=$1 | BTC-USD fr=-0.000096 | ETH-USD fr=-0.000078
2026-03-22 13:41:40 [INFO] Status: 14 active, 742 disc, 30149 poly, 130722 price, 70957 flow, 46718 funding, 728 resolved | DOGE-USD=$0 | SOL-USD=$87 | BTC-USD=$68650 | ETH-USD=$2079 | BNB-USD=$630 | XRP-USD=$1 | BTC-USD fr=-0.000095 | ETH-USD fr=-0.000077
2026-03-22 13:42:47 [INFO] Status: 14 active, 742 disc, 30233 poly, 131095 price, 71153 flow, 46852 funding, 728 resolved | DOGE-USD=$0 | SOL-USD=$87 | BTC-USD=$68584 | ETH-USD=$2075 | BNB-USD=$629 | XRP-USD=$1 | BTC-USD fr=-0.000095 | ETH-USD fr=-0.000077
2026-03-22 13:43:56 [INFO] Status: 14 active, 742 disc, 30317 poly, 131499 price, 71374 flow, 46990 funding, 728 resolved | DOGE-USD=$0 | SOL-USD=$87 | BTC-USD=$68586 | ETH-USD=$2075 | BNB-USD=$629 | XRP-USD=$1 | BTC-USD fr=-0.000096 | ETH-USD fr=-0.000078
2026-03-22 13:45:01 [INFO] Status: 14 active, 742 disc, 30401 poly, 131869 price, 71559 flow, 47120 funding, 728 resolved | DOGE-USD=$0 | SOL-USD=$87 | BTC-USD=$68628 | ETH-USD=$2076 | BNB-USD=$630 | XRP-USD=$1 | BTC-USD fr=-0.000096 | ETH-USD fr=-0.000077
2026-03-22 13:45:06 [INFO] NEW BTC-USD Bitcoin Up or Down - March 22, 9:45AM-9:50AM ET yes=0.51 window=300s
2026-03-22 13:45:06 [INFO] NEW ETH-USD Ethereum Up or Down - March 22, 9:45AM-9:50AM ET yes=0.53 window=300s
2026-03-22 13:45:06 [INFO] NEW SOL-USD Solana Up or Down - March 22, 9:45AM-9:50AM ET yes=0.53 window=300s
2026-03-22 13:45:06 [INFO] NEW XRP-USD XRP Up or Down - March 22, 9:45AM-9:50AM ET yes=0.54 window=300s
2026-03-22 13:45:06 [INFO] NEW DOGE-USD Dogecoin Up or Down - March 22, 9:45AM-9:50AM ET yes=0.50 window=300s
2026-03-22 13:45:06 [INFO] NEW BNB-USD BNB Up or Down - March 22, 9:45AM-9:50AM ET yes=0.50 window=300s
2026-03-22 13:45:06 [INFO] NEW HYPE-USD Hyperliquid Up or Down - March 22, 9:45AM-9:50AM ET yes=0.50 window=300s
2026-03-22 13:45:06 [INFO] NEW BTC-USD Bitcoin Up or Down - March 22, 9:45AM-10:00AM ET yes=0.54 window=900s
2026-03-22 13:45:06 [INFO] NEW ETH-USD Ethereum Up or Down - March 22, 9:45AM-10:00AM ET yes=0.56 window=900s
2026-03-22 13:45:06 [INFO] NEW SOL-USD Solana Up or Down - March 22, 9:45AM-10:00AM ET yes=0.55 window=900s
2026-03-22 13:45:06 [INFO] NEW XRP-USD XRP Up or Down - March 22, 9:45AM-10:00AM ET yes=0.55 window=900s
2026-03-22 13:45:06 [INFO] NEW DOGE-USD Dogecoin Up or Down - March 22, 9:45AM-10:00AM ET yes=0.50 window=900s
2026-03-22 13:45:06 [INFO] NEW BNB-USD BNB Up or Down - March 22, 9:45AM-10:00AM ET yes=0.50 window=900s
2026-03-22 13:45:06 [INFO] NEW HYPE-USD Hyperliquid Up or Down - March 22, 9:45AM-10:00AM ET yes=0.50 window=900s
2026-03-22 13:45:25 [INFO] RESOLVED BTC-USD -> DOWN yes=0.50 Bitcoin Up or Down - March 22, 9:30AM-9:
2026-03-22 13:45:25 [INFO] RESOLVED ETH-USD -> DOWN yes=0.50 Ethereum Up or Down - March 22, 9:30AM-9
2026-03-22 13:45:25 [INFO] RESOLVED SOL-USD -> DOWN yes=0.50 Solana Up or Down - March 22, 9:30AM-9:4
2026-03-22 13:45:25 [INFO] RESOLVED XRP-USD -> DOWN yes=0.50 XRP Up or Down - March 22, 9:30AM-9:45AM
2026-03-22 13:45:25 [INFO] RESOLVED DOGE-USD -> DOWN yes=0.50 Dogecoin Up or Down - March 22, 9:30AM-9
2026-03-22 13:45:25 [INFO] RESOLVED BNB-USD -> DOWN yes=0.50 BNB Up or Down - March 22, 9:30AM-9:45AM
2026-03-22 13:45:25 [INFO] RESOLVED HYPE-USD -> DOWN yes=0.50 Hyperliquid Up or Down - March 22, 9:30A
2026-03-22 13:45:25 [INFO] RESOLVED BTC-USD -> DOWN yes=0.50 Bitcoin Up or Down - March 22, 9:40AM-9:
2026-03-22 13:45:25 [INFO] RESOLVED ETH-USD -> DOWN yes=0.50 Ethereum Up or Down - March 22, 9:40AM-9
2026-03-22 13:45:25 [INFO] RESOLVED SOL-USD -> DOWN yes=0.50 Solana Up or Down - March 22, 9:40AM-9:4
2026-03-22 13:45:25 [INFO] RESOLVED XRP-USD -> DOWN yes=0.50 XRP Up or Down - March 22, 9:40AM-9:45AM
2026-03-22 13:45:25 [INFO] RESOLVED DOGE-USD -> DOWN yes=0.50 Dogecoin Up or Down - March 22, 9:40AM-9
2026-03-22 13:45:25 [INFO] RESOLVED BNB-USD -> DOWN yes=0.50 BNB Up or Down - March 22, 9:40AM-9:45AM
2026-03-22 13:45:25 [INFO] RESOLVED HYPE-USD -> DOWN yes=0.50 Hyperliquid Up or Down - March 22, 9:40A
2026-03-22 13:46:06 [INFO] Status: 14 active, 756 disc, 30485 poly, 132232 price, 71738 flow, 47250 funding, 742 resolved | DOGE-USD=$0 | SOL-USD=$87 | BTC-USD=$68628 | ETH-USD=$2077 | BNB-USD=$630 | XRP-USD=$1 | BTC-USD fr=-0.000095 | ETH-USD fr=-0.000076
2026-03-22 13:47:11 [INFO] Status: 14 active, 756 disc, 30569 poly, 132607 price, 71941 flow, 47380 funding, 742 resolved | DOGE-USD=$0 | SOL-USD=$87 | BTC-USD=$68610 | ETH-USD=$2076 | BNB-USD=$629 | XRP-USD=$1 | BTC-USD fr=-0.000095 | ETH-USD fr=-0.000076
2026-03-22 13:48:17 [INFO] Status: 14 active, 756 disc, 30653 poly, 132981 price, 72155 flow, 47510 funding, 742 resolved | DOGE-USD=$0 | SOL-USD=$87 | BTC-USD=$68675 | ETH-USD=$2079 | BNB-USD=$630 | XRP-USD=$1 | BTC-USD fr=-0.000094 | ETH-USD fr=-0.000076
2026-03-22 13:49:22 [INFO] Status: 14 active, 756 disc, 30737 poly, 133346 price, 72340 flow, 47642 funding, 742 resolved | DOGE-USD=$0 | SOL-USD=$87 | BTC-USD=$68671 | ETH-USD=$2078 | BNB-USD=$629 | XRP-USD=$1 | BTC-USD fr=-0.000093 | ETH-USD fr=-0.000075
2026-03-22 13:50:11 [INFO] NEW BTC-USD Bitcoin Up or Down - March 22, 9:50AM-9:55AM ET yes=0.54 window=300s
2026-03-22 13:50:11 [INFO] NEW ETH-USD Ethereum Up or Down - March 22, 9:50AM-9:55AM ET yes=0.55 window=300s
2026-03-22 13:50:11 [INFO] NEW SOL-USD Solana Up or Down - March 22, 9:50AM-9:55AM ET yes=0.54 window=300s
2026-03-22 13:50:11 [INFO] NEW XRP-USD XRP Up or Down - March 22, 9:50AM-9:55AM ET yes=0.50 window=300s
2026-03-22 13:50:11 [INFO] NEW DOGE-USD Dogecoin Up or Down - March 22, 9:50AM-9:55AM ET yes=0.50 window=300s
2026-03-22 13:50:11 [INFO] NEW BNB-USD BNB Up or Down - March 22, 9:50AM-9:55AM ET yes=0.50 window=300s
2026-03-22 13:50:11 [INFO] NEW HYPE-USD Hyperliquid Up or Down - March 22, 9:50AM-9:55AM ET yes=0.50 window=300s
2026-03-22 13:50:26 [INFO] RESOLVED BTC-USD -> DOWN yes=0.50 Bitcoin Up or Down - March 22, 9:45AM-9:
2026-03-22 13:50:26 [INFO] RESOLVED ETH-USD -> DOWN yes=0.50 Ethereum Up or Down - March 22, 9:45AM-9
2026-03-22 13:50:26 [INFO] RESOLVED SOL-USD -> DOWN yes=0.50 Solana Up or Down - March 22, 9:45AM-9:5
2026-03-22 13:50:26 [INFO] RESOLVED XRP-USD -> DOWN yes=0.50 XRP Up or Down - March 22, 9:45AM-9:50AM
2026-03-22 13:50:26 [INFO] RESOLVED DOGE-USD -> DOWN yes=0.50 Dogecoin Up or Down - March 22, 9:45AM-9
2026-03-22 13:50:26 [INFO] RESOLVED BNB-USD -> DOWN yes=0.50 BNB Up or Down - March 22, 9:45AM-9:50AM
2026-03-22 13:50:26 [INFO] RESOLVED HYPE-USD -> DOWN yes=0.50 Hyperliquid Up or Down - March 22, 9:45A
2026-03-22 13:50:33 [INFO] Status: 14 active, 763 disc, 30828 poly, 133724 price, 72519 flow, 47784 funding, 749 resolved | DOGE-USD=$0 | SOL-USD=$87 | BTC-USD=$68633 | ETH-USD=$2077 | BNB-USD=$629 | XRP-USD=$1 | BTC-USD fr=-0.000093 | ETH-USD fr=-0.000075
2026-03-22 13:51:39 [INFO] Status: 14 active, 763 disc, 30912 poly, 134081 price, 72682 flow, 47916 funding, 749 resolved | DOGE-USD=$0 | SOL-USD=$87 | BTC-USD=$68645 | ETH-USD=$2078 | BNB-USD=$630 | XRP-USD=$1 | BTC-USD fr=-0.000093 | ETH-USD fr=-0.000075
2026-03-22 13:52:43 [INFO] Status: 14 active, 763 disc, 30996 poly, 134451 price, 72856 flow, 48044 funding, 749 resolved | DOGE-USD=$0 | SOL-USD=$87 | BTC-USD=$68646 | ETH-USD=$2078 | BNB-USD=$630 | XRP-USD=$1 | BTC-USD fr=-0.000093 | ETH-USD fr=-0.000075
2026-03-22 13:53:50 [INFO] Status: 14 active, 763 disc, 31080 poly, 134815 price, 73022 flow, 48178 funding, 749 resolved | DOGE-USD=$0 | SOL-USD=$87 | BTC-USD=$68690 | ETH-USD=$2079 | BNB-USD=$630 | XRP-USD=$1 | BTC-USD fr=-0.000092 | ETH-USD fr=-0.000074
2026-03-22 13:54:56 [INFO] Status: 14 active, 763 disc, 31164 poly, 135161 price, 73207 flow, 48310 funding, 749 resolved | DOGE-USD=$0 | SOL-USD=$87 | BTC-USD=$68725 | ETH-USD=$2080 | BNB-USD=$630 | XRP-USD=$1 | BTC-USD fr=-0.000092 | ETH-USD fr=-0.000074
2026-03-22 13:55:12 [INFO] NEW BTC-USD Bitcoin Up or Down - March 22, 9:55AM-10:00AM ET yes=0.51 window=300s
2026-03-22 13:55:12 [INFO] NEW ETH-USD Ethereum Up or Down - March 22, 9:55AM-10:00AM ET yes=0.54 window=300s
2026-03-22 13:55:12 [INFO] NEW SOL-USD Solana Up or Down - March 22, 9:55AM-10:00AM ET yes=0.54 window=300s
2026-03-22 13:55:12 [INFO] NEW XRP-USD XRP Up or Down - March 22, 9:55AM-10:00AM ET yes=0.48 window=300s
2026-03-22 13:55:12 [INFO] NEW DOGE-USD Dogecoin Up or Down - March 22, 9:55AM-10:00AM ET yes=0.50 window=300s
2026-03-22 13:55:12 [INFO] NEW BNB-USD BNB Up or Down - March 22, 9:55AM-10:00AM ET yes=0.50 window=300s
2026-03-22 13:55:12 [INFO] NEW HYPE-USD Hyperliquid Up or Down - March 22, 9:55AM-10:00AM ET yes=0.50 window=300s
2026-03-22 13:55:16 [INFO] RESOLVED BTC-USD -> DOWN yes=0.50 Bitcoin Up or Down - March 22, 9:50AM-9:
2026-03-22 13:55:16 [INFO] RESOLVED ETH-USD -> DOWN yes=0.50 Ethereum Up or Down - March 22, 9:50AM-9
2026-03-22 13:55:16 [INFO] RESOLVED SOL-USD -> DOWN yes=0.50 Solana Up or Down - March 22, 9:50AM-9:5
2026-03-22 13:55:16 [INFO] RESOLVED XRP-USD -> DOWN yes=0.50 XRP Up or Down - March 22, 9:50AM-9:55AM
2026-03-22 13:55:16 [INFO] RESOLVED DOGE-USD -> DOWN yes=0.50 Dogecoin Up or Down - March 22, 9:50AM-9
2026-03-22 13:55:16 [INFO] RESOLVED BNB-USD -> DOWN yes=0.50 BNB Up or Down - March 22, 9:50AM-9:55AM
2026-03-22 13:55:16 [INFO] RESOLVED HYPE-USD -> DOWN yes=0.50 Hyperliquid Up or Down - March 22, 9:50A
2026-03-22 13:56:04 [INFO] Status: 14 active, 770 disc, 31248 poly, 135550 price, 73412 flow, 48446 funding, 756 resolved | DOGE-USD=$0 | SOL-USD=$87 | BTC-USD=$68752 | ETH-USD=$2080 | BNB-USD=$630 | XRP-USD=$1 | BTC-USD fr=-0.000090 | ETH-USD fr=-0.000074
2026-03-22 13:57:11 [INFO] Status: 14 active, 770 disc, 31332 poly, 135923 price, 73609 flow, 48580 funding, 756 resolved | DOGE-USD=$0 | SOL-USD=$87 | BTC-USD=$68739 | ETH-USD=$2079 | BNB-USD=$630 | XRP-USD=$1 | BTC-USD fr=-0.000089 | ETH-USD fr=-0.000074
2026-03-22 13:58:17 [INFO] Status: 14 active, 770 disc, 31416 poly, 136276 price, 73779 flow, 48712 funding, 756 resolved | DOGE-USD=$0 | SOL-USD=$87 | BTC-USD=$68726 | ETH-USD=$2080 | BNB-USD=$630 | XRP-USD=$1 | BTC-USD fr=-0.000089 | ETH-USD fr=-0.000074
2026-03-22 13:59:22 [INFO] Status: 14 active, 770 disc, 31500 poly, 136634 price, 73963 flow, 48842 funding, 756 resolved | DOGE-USD=$0 | SOL-USD=$87 | BTC-USD=$68725 | ETH-USD=$2080 | BNB-USD=$630 | XRP-USD=$1 | BTC-USD fr=-0.000089 | ETH-USD fr=-0.000074
2026-03-22 14:00:11 [INFO] NEW BTC-USD Bitcoin Up or Down - March 22, 10:00AM-10:05AM ET yes=0.51 window=300s
2026-03-22 14:00:11 [INFO] NEW ETH-USD Ethereum Up or Down - March 22, 10:00AM-10:05AM ET yes=0.51 window=300s
2026-03-22 14:00:11 [INFO] NEW SOL-USD Solana Up or Down - March 22, 10:00AM-10:05AM ET yes=0.51 window=300s
2026-03-22 14:00:11 [INFO] NEW XRP-USD XRP Up or Down - March 22, 10:00AM-10:05AM ET yes=0.47 window=300s
2026-03-22 14:00:11 [INFO] NEW DOGE-USD Dogecoin Up or Down - March 22, 10:00AM-10:05AM ET yes=0.50 window=300s
2026-03-22 14:00:11 [INFO] NEW BNB-USD BNB Up or Down - March 22, 10:00AM-10:05AM ET yes=0.50 window=300s
2026-03-22 14:00:11 [INFO] NEW HYPE-USD Hyperliquid Up or Down - March 22, 10:00AM-10:05AM ET yes=0.50 window=300s
2026-03-22 14:00:11 [INFO] NEW BTC-USD Bitcoin Up or Down - March 22, 10:00AM-10:15AM ET yes=0.49 window=900s
2026-03-22 14:00:11 [INFO] NEW ETH-USD Ethereum Up or Down - March 22, 10:00AM-10:15AM ET yes=0.55 window=900s
2026-03-22 14:00:11 [INFO] NEW SOL-USD Solana Up or Down - March 22, 10:00AM-10:15AM ET yes=0.50 window=900s
2026-03-22 14:00:11 [INFO] NEW XRP-USD XRP Up or Down - March 22, 10:00AM-10:15AM ET yes=0.54 window=900s
2026-03-22 14:00:11 [INFO] NEW DOGE-USD Dogecoin Up or Down - March 22, 10:00AM-10:15AM ET yes=0.50 window=900s
2026-03-22 14:00:11 [INFO] NEW BNB-USD BNB Up or Down - March 22, 10:00AM-10:15AM ET yes=0.50 window=900s
2026-03-22 14:00:11 [INFO] NEW HYPE-USD Hyperliquid Up or Down - March 22, 10:00AM-10:15AM ET yes=0.50 window=900s
2026-03-22 14:00:30 [INFO] RESOLVED BTC-USD -> DOWN yes=0.50 Bitcoin Up or Down - March 22, 9:45AM-10
2026-03-22 14:00:30 [INFO] RESOLVED ETH-USD -> DOWN yes=0.50 Ethereum Up or Down - March 22, 9:45AM-1
2026-03-22 14:00:30 [INFO] RESOLVED SOL-USD -> DOWN yes=0.50 Solana Up or Down - March 22, 9:45AM-10:
2026-03-22 14:00:30 [INFO] RESOLVED XRP-USD -> DOWN yes=0.50 XRP Up or Down - March 22, 9:45AM-10:00A
2026-03-22 14:00:30 [INFO] RESOLVED DOGE-USD -> DOWN yes=0.50 Dogecoin Up or Down - March 22, 9:45AM-1
2026-03-22 14:00:30 [INFO] RESOLVED BNB-USD -> DOWN yes=0.50 BNB Up or Down - March 22, 9:45AM-10:00A
2026-03-22 14:00:30 [INFO] RESOLVED HYPE-USD -> DOWN yes=0.50 Hyperliquid Up or Down - March 22, 9:45A
2026-03-22 14:00:30 [INFO] RESOLVED BTC-USD -> DOWN yes=0.50 Bitcoin Up or Down - March 22, 9:55AM-10
2026-03-22 14:00:30 [INFO] RESOLVED ETH-USD -> DOWN yes=0.50 Ethereum Up or Down - March 22, 9:55AM-1
2026-03-22 14:00:30 [INFO] RESOLVED SOL-USD -> DOWN yes=0.50 Solana Up or Down - March 22, 9:55AM-10:
2026-03-22 14:00:30 [INFO] RESOLVED XRP-USD -> DOWN yes=0.50 XRP Up or Down - March 22, 9:55AM-10:00A
2026-03-22 14:00:30 [INFO] RESOLVED DOGE-USD -> DOWN yes=0.50 Dogecoin Up or Down - March 22, 9:55AM-1
2026-03-22 14:00:30 [INFO] RESOLVED BNB-USD -> DOWN yes=0.50 BNB Up or Down - March 22, 9:55AM-10:00A
2026-03-22 14:00:30 [INFO] RESOLVED HYPE-USD -> DOWN yes=0.50 Hyperliquid Up or Down - March 22, 9:55A
2026-03-22 14:00:38 [INFO] Status: 14 active, 784 disc, 31598 poly, 137059 price, 74203 flow, 48994 funding, 770 resolved | DOGE-USD=$0 | SOL-USD=$87 | BTC-USD=$68761 | ETH-USD=$2081 | BNB-USD=$631 | XRP-USD=$1 | BTC-USD fr=-0.000088 | ETH-USD fr=-0.000074
2026-03-22 14:01:43 [INFO] Status: 14 active, 784 disc, 31682 poly, 137410 price, 74390 flow, 49124 funding, 770 resolved | DOGE-USD=$0 | SOL-USD=$87 | BTC-USD=$68712 | ETH-USD=$2079 | BNB-USD=$630 | XRP-USD=$1 | BTC-USD fr=-0.000088 | ETH-USD fr=-0.000074
2026-03-22 14:02:48 [INFO] Status: 14 active, 784 disc, 31766 poly, 137785 price, 74602 flow, 49254 funding, 770 resolved | DOGE-USD=$0 | SOL-USD=$87 | BTC-USD=$68667 | ETH-USD=$2077 | BNB-USD=$630 | XRP-USD=$1 | BTC-USD fr=-0.000089 | ETH-USD fr=-0.000075
2026-03-22 14:03:59 [INFO] Status: 14 active, 784 disc, 31850 poly, 138201 price, 74845 flow, 49396 funding, 770 resolved | DOGE-USD=$0 | SOL-USD=$87 | BTC-USD=$68571 | ETH-USD=$2073 | BNB-USD=$629 | XRP-USD=$1 | BTC-USD fr=-0.000089 | ETH-USD fr=-0.000076
2026-03-22 14:05:07 [INFO] Status: 14 active, 784 disc, 31934 poly, 138593 price, 75056 flow, 49532 funding, 770 resolved | DOGE-USD=$0 | SOL-USD=$87 | BTC-USD=$68614 | ETH-USD=$2075 | BNB-USD=$629 | XRP-USD=$1 | BTC-USD fr=-0.000089 | ETH-USD fr=-0.000077
2026-03-22 14:05:11 [INFO] NEW BTC-USD Bitcoin Up or Down - March 22, 10:05AM-10:10AM ET yes=0.51 window=300s
2026-03-22 14:05:11 [INFO] NEW ETH-USD Ethereum Up or Down - March 22, 10:05AM-10:10AM ET yes=0.51 window=300s
2026-03-22 14:05:11 [INFO] NEW SOL-USD Solana Up or Down - March 22, 10:05AM-10:10AM ET yes=0.49 window=300s
2026-03-22 14:05:11 [INFO] NEW XRP-USD XRP Up or Down - March 22, 10:05AM-10:10AM ET yes=0.50 window=300s
2026-03-22 14:05:11 [INFO] NEW DOGE-USD Dogecoin Up or Down - March 22, 10:05AM-10:10AM ET yes=0.50 window=300s
2026-03-22 14:05:11 [INFO] NEW BNB-USD BNB Up or Down - March 22, 10:05AM-10:10AM ET yes=0.50 window=300s
2026-03-22 14:05:11 [INFO] NEW HYPE-USD Hyperliquid Up or Down - March 22, 10:05AM-10:10AM ET yes=0.50 window=300s
2026-03-22 14:05:25 [INFO] RESOLVED BTC-USD -> DOWN yes=0.50 Bitcoin Up or Down - March 22, 10:00AM-1
2026-03-22 14:05:25 [INFO] RESOLVED ETH-USD -> DOWN yes=0.50 Ethereum Up or Down - March 22, 10:00AM-
2026-03-22 14:05:25 [INFO] RESOLVED SOL-USD -> DOWN yes=0.50 Solana Up or Down - March 22, 10:00AM-10
2026-03-22 14:05:25 [INFO] RESOLVED XRP-USD -> DOWN yes=0.50 XRP Up or Down - March 22, 10:00AM-10:05
2026-03-22 14:05:25 [INFO] RESOLVED DOGE-USD -> DOWN yes=0.50 Dogecoin Up or Down - March 22, 10:00AM-
2026-03-22 14:05:25 [INFO] RESOLVED BNB-USD -> DOWN yes=0.50 BNB Up or Down - March 22, 10:00AM-10:05
2026-03-22 14:05:25 [INFO] RESOLVED HYPE-USD -> DOWN yes=0.50 Hyperliquid Up or Down - March 22, 10:00
2026-03-22 14:06:06 [INFO] Status: 14 active, 791 disc, 32011 poly, 138932 price, 75230 flow, 49650 funding, 777 resolved | DOGE-USD=$0 | SOL-USD=$87 | BTC-USD=$68594 | ETH-USD=$2075 | BNB-USD=$629 | XRP-USD=$1 | BTC-USD fr=-0.000089 | ETH-USD fr=-0.000077
2026-03-22 14:07:12 [INFO] Status: 14 active, 791 disc, 32095 poly, 139293 price, 75424 flow, 49782 funding, 777 resolved | DOGE-USD=$0 | SOL-USD=$87 | BTC-USD=$68614 | ETH-USD=$2075 | BNB-USD=$629 | XRP-USD=$1 | BTC-USD fr=-0.000088 | ETH-USD fr=-0.000076
2026-03-22 14:08:19 [INFO] Status: 14 active, 791 disc, 32179 poly, 139669 price, 75646 flow, 49916 funding, 777 resolved | DOGE-USD=$0 | SOL-USD=$87 | BTC-USD=$68661 | ETH-USD=$2076 | BNB-USD=$630 | XRP-USD=$1 | BTC-USD fr=-0.000088 | ETH-USD fr=-0.000076
2026-03-22 14:09:28 [INFO] Status: 14 active, 791 disc, 32263 poly, 140047 price, 75855 flow, 50052 funding, 777 resolved | DOGE-USD=$0 | SOL-USD=$87 | BTC-USD=$68656 | ETH-USD=$2076 | BNB-USD=$630 | XRP-USD=$1 | BTC-USD fr=-0.000088 | ETH-USD fr=-0.000076
2026-03-22 14:10:05 [INFO] NEW BTC-USD Bitcoin Up or Down - March 22, 10:10AM-10:15AM ET yes=0.52 window=300s
2026-03-22 14:10:05 [INFO] NEW ETH-USD Ethereum Up or Down - March 22, 10:10AM-10:15AM ET yes=0.52 window=300s
2026-03-22 14:10:05 [INFO] NEW SOL-USD Solana Up or Down - March 22, 10:10AM-10:15AM ET yes=0.52 window=300s
2026-03-22 14:10:05 [INFO] NEW XRP-USD XRP Up or Down - March 22, 10:10AM-10:15AM ET yes=0.52 window=300s
2026-03-22 14:10:05 [INFO] NEW DOGE-USD Dogecoin Up or Down - March 22, 10:10AM-10:15AM ET yes=0.50 window=300s
2026-03-22 14:10:05 [INFO] NEW BNB-USD BNB Up or Down - March 22, 10:10AM-10:15AM ET yes=0.50 window=300s
2026-03-22 14:10:05 [INFO] NEW HYPE-USD Hyperliquid Up or Down - March 22, 10:10AM-10:15AM ET yes=0.50 window=300s
2026-03-22 14:10:26 [INFO] RESOLVED BTC-USD -> DOWN yes=0.50 Bitcoin Up or Down - March 22, 10:05AM-1
2026-03-22 14:10:26 [INFO] RESOLVED ETH-USD -> DOWN yes=0.50 Ethereum Up or Down - March 22, 10:05AM-
2026-03-22 14:10:26 [INFO] RESOLVED SOL-USD -> DOWN yes=0.50 Solana Up or Down - March 22, 10:05AM-10
2026-03-22 14:10:26 [INFO] RESOLVED XRP-USD -> DOWN yes=0.50 XRP Up or Down - March 22, 10:05AM-10:10
2026-03-22 14:10:26 [INFO] RESOLVED DOGE-USD -> DOWN yes=0.50 Dogecoin Up or Down - March 22, 10:05AM-
2026-03-22 14:10:26 [INFO] RESOLVED BNB-USD -> DOWN yes=0.50 BNB Up or Down - March 22, 10:05AM-10:10
2026-03-22 14:10:26 [INFO] RESOLVED HYPE-USD -> DOWN yes=0.50 Hyperliquid Up or Down - March 22, 10:05
2026-03-22 14:10:30 [INFO] Status: 14 active, 798 disc, 32340 poly, 140402 price, 76040 flow, 50178 funding, 784 resolved | DOGE-USD=$0 | SOL-USD=$87 | BTC-USD=$68732 | ETH-USD=$2079 | BNB-USD=$630 | XRP-USD=$1 | BTC-USD fr=-0.000087 | ETH-USD fr=-0.000076
2026-03-22 14:11:36 [INFO] Status: 14 active, 798 disc, 32424 poly, 140782 price, 76246 flow, 50310 funding, 784 resolved | DOGE-USD=$0 | SOL-USD=$87 | BTC-USD=$68713 | ETH-USD=$2078 | BNB-USD=$630 | XRP-USD=$1 | BTC-USD fr=-0.000086 | ETH-USD fr=-0.000074
2026-03-22 14:12:45 [INFO] Status: 14 active, 798 disc, 32508 poly, 141154 price, 76437 flow, 50446 funding, 784 resolved | DOGE-USD=$0 | SOL-USD=$87 | BTC-USD=$68735 | ETH-USD=$2078 | BNB-USD=$630 | XRP-USD=$1 | BTC-USD fr=-0.000086 | ETH-USD fr=-0.000074
2026-03-22 14:13:50 [INFO] Status: 14 active, 798 disc, 32592 poly, 141516 price, 76629 flow, 50578 funding, 784 resolved | DOGE-USD=$0 | SOL-USD=$87 | BTC-USD=$68786 | ETH-USD=$2079 | BNB-USD=$630 | XRP-USD=$1 | BTC-USD fr=-0.000085 | ETH-USD fr=-0.000073
2026-03-22 14:14:57 [INFO] Status: 14 active, 798 disc, 32676 poly, 141894 price, 76826 flow, 50712 funding, 784 resolved | DOGE-USD=$0 | SOL-USD=$87 | BTC-USD=$68787 | ETH-USD=$2080 | BNB-USD=$631 | XRP-USD=$1 | BTC-USD fr=-0.000085 | ETH-USD fr=-0.000072
2026-03-22 14:15:13 [INFO] NEW BTC-USD Bitcoin Up or Down - March 22, 10:15AM-10:20AM ET yes=0.48 window=300s
2026-03-22 14:15:13 [INFO] NEW ETH-USD Ethereum Up or Down - March 22, 10:15AM-10:20AM ET yes=0.49 window=300s
2026-03-22 14:15:13 [INFO] NEW SOL-USD Solana Up or Down - March 22, 10:15AM-10:20AM ET yes=0.48 window=300s
2026-03-22 14:15:13 [INFO] NEW XRP-USD XRP Up or Down - March 22, 10:15AM-10:20AM ET yes=0.47 window=300s
2026-03-22 14:15:13 [INFO] NEW DOGE-USD Dogecoin Up or Down - March 22, 10:15AM-10:20AM ET yes=0.50 window=300s
2026-03-22 14:15:13 [INFO] NEW BNB-USD BNB Up or Down - March 22, 10:15AM-10:20AM ET yes=0.50 window=300s
2026-03-22 14:15:13 [INFO] NEW HYPE-USD Hyperliquid Up or Down - March 22, 10:15AM-10:20AM ET yes=0.50 window=300s
2026-03-22 14:15:13 [INFO] NEW BTC-USD Bitcoin Up or Down - March 22, 10:15AM-10:30AM ET yes=0.49 window=900s
2026-03-22 14:15:13 [INFO] NEW ETH-USD Ethereum Up or Down - March 22, 10:15AM-10:30AM ET yes=0.54 window=900s
2026-03-22 14:15:13 [INFO] NEW SOL-USD Solana Up or Down - March 22, 10:15AM-10:30AM ET yes=0.55 window=900s
2026-03-22 14:15:13 [INFO] NEW XRP-USD XRP Up or Down - March 22, 10:15AM-10:30AM ET yes=0.51 window=900s
2026-03-22 14:15:13 [INFO] NEW DOGE-USD Dogecoin Up or Down - March 22, 10:15AM-10:30AM ET yes=0.50 window=900s
2026-03-22 14:15:13 [INFO] NEW BNB-USD BNB Up or Down - March 22, 10:15AM-10:30AM ET yes=0.50 window=900s
2026-03-22 14:15:13 [INFO] NEW HYPE-USD Hyperliquid Up or Down - March 22, 10:15AM-10:30AM ET yes=0.50 window=900s
2026-03-22 14:15:13 [INFO] RESOLVED BTC-USD -> DOWN yes=0.50 Bitcoin Up or Down - March 22, 10:00AM-1
2026-03-22 14:15:13 [INFO] RESOLVED ETH-USD -> DOWN yes=0.50 Ethereum Up or Down - March 22, 10:00AM-
2026-03-22 14:15:13 [INFO] RESOLVED SOL-USD -> DOWN yes=0.50 Solana Up or Down - March 22, 10:00AM-10
2026-03-22 14:15:13 [INFO] RESOLVED XRP-USD -> DOWN yes=0.50 XRP Up or Down - March 22, 10:00AM-10:15
2026-03-22 14:15:13 [INFO] RESOLVED DOGE-USD -> DOWN yes=0.50 Dogecoin Up or Down - March 22, 10:00AM-
2026-03-22 14:15:13 [INFO] RESOLVED BNB-USD -> DOWN yes=0.50 BNB Up or Down - March 22, 10:00AM-10:15
2026-03-22 14:15:13 [INFO] RESOLVED HYPE-USD -> DOWN yes=0.50 Hyperliquid Up or Down - March 22, 10:00
2026-03-22 14:15:13 [INFO] RESOLVED BTC-USD -> DOWN yes=0.50 Bitcoin Up or Down - March 22, 10:10AM-1
2026-03-22 14:15:13 [INFO] RESOLVED ETH-USD -> DOWN yes=0.50 Ethereum Up or Down - March 22, 10:10AM-
2026-03-22 14:15:13 [INFO] RESOLVED SOL-USD -> DOWN yes=0.50 Solana Up or Down - March 22, 10:10AM-10
2026-03-22 14:15:13 [INFO] RESOLVED XRP-USD -> DOWN yes=0.50 XRP Up or Down - March 22, 10:10AM-10:15
2026-03-22 14:15:13 [INFO] RESOLVED DOGE-USD -> DOWN yes=0.50 Dogecoin Up or Down - March 22, 10:10AM-
2026-03-22 14:15:13 [INFO] RESOLVED BNB-USD -> DOWN yes=0.50 BNB Up or Down - March 22, 10:10AM-10:15
2026-03-22 14:15:13 [INFO] RESOLVED HYPE-USD -> DOWN yes=0.50 Hyperliquid Up or Down - March 22, 10:10
2026-03-22 14:16:03 [INFO] Status: 14 active, 812 disc, 32760 poly, 142250 price, 77001 flow, 50844 funding, 798 resolved | DOGE-USD=$0 | SOL-USD=$87 | BTC-USD=$68760 | ETH-USD=$2079 | BNB-USD=$631 | XRP-USD=$1 | BTC-USD fr=-0.000084 | ETH-USD fr=-0.000072
2026-03-22 14:17:12 [INFO] Status: 14 active, 812 disc, 32844 poly, 142621 price, 77199 flow, 50982 funding, 798 resolved | DOGE-USD=$0 | SOL-USD=$87 | BTC-USD=$68760 | ETH-USD=$2079 | BNB-USD=$630 | XRP-USD=$1 | BTC-USD fr=-0.000083 | ETH-USD fr=-0.000072
2026-03-22 14:18:19 [INFO] Status: 14 active, 812 disc, 32928 poly, 142982 price, 77380 flow, 51116 funding, 798 resolved | DOGE-USD=$0 | SOL-USD=$87 | BTC-USD=$68770 | ETH-USD=$2079 | BNB-USD=$631 | XRP-USD=$1 | BTC-USD fr=-0.000083 | ETH-USD fr=-0.000071
2026-03-22 14:19:25 [INFO] Status: 14 active, 812 disc, 33012 poly, 143334 price, 77535 flow, 51248 funding, 798 resolved | DOGE-USD=$0 | SOL-USD=$87 | BTC-USD=$68760 | ETH-USD=$2078 | BNB-USD=$631 | XRP-USD=$1 | BTC-USD fr=-0.000083 | ETH-USD fr=-0.000071
2026-03-22 14:20:02 [INFO] NEW BTC-USD Bitcoin Up or Down - March 22, 10:20AM-10:25AM ET yes=0.48 window=300s
2026-03-22 14:20:02 [INFO] NEW ETH-USD Ethereum Up or Down - March 22, 10:20AM-10:25AM ET yes=0.49 window=300s
2026-03-22 14:20:02 [INFO] NEW SOL-USD Solana Up or Down - March 22, 10:20AM-10:25AM ET yes=0.47 window=300s
2026-03-22 14:20:02 [INFO] NEW XRP-USD XRP Up or Down - March 22, 10:20AM-10:25AM ET yes=0.47 window=300s
2026-03-22 14:20:02 [INFO] NEW DOGE-USD Dogecoin Up or Down - March 22, 10:20AM-10:25AM ET yes=0.45 window=300s
2026-03-22 14:20:02 [INFO] NEW BNB-USD BNB Up or Down - March 22, 10:20AM-10:25AM ET yes=0.50 window=300s
2026-03-22 14:20:02 [INFO] NEW HYPE-USD Hyperliquid Up or Down - March 22, 10:20AM-10:25AM ET yes=0.50 window=300s
2026-03-22 14:20:20 [INFO] RESOLVED BTC-USD -> DOWN yes=0.50 Bitcoin Up or Down - March 22, 10:15AM-1
2026-03-22 14:20:20 [INFO] RESOLVED ETH-USD -> DOWN yes=0.50 Ethereum Up or Down - March 22, 10:15AM-
2026-03-22 14:20:20 [INFO] RESOLVED SOL-USD -> DOWN yes=0.50 Solana Up or Down - March 22, 10:15AM-10
2026-03-22 14:20:20 [INFO] RESOLVED XRP-USD -> DOWN yes=0.50 XRP Up or Down - March 22, 10:15AM-10:20
2026-03-22 14:20:20 [INFO] RESOLVED DOGE-USD -> DOWN yes=0.50 Dogecoin Up or Down - March 22, 10:15AM-
2026-03-22 14:20:20 [INFO] RESOLVED BNB-USD -> DOWN yes=0.50 BNB Up or Down - March 22, 10:15AM-10:20
2026-03-22 14:20:20 [INFO] RESOLVED HYPE-USD -> DOWN yes=0.50 Hyperliquid Up or Down - March 22, 10:15
2026-03-22 14:20:28 [INFO] Status: 14 active, 819 disc, 33089 poly, 143664 price, 77708 flow, 51372 funding, 805 resolved | DOGE-USD=$0 | SOL-USD=$87 | BTC-USD=$68753 | ETH-USD=$2078 | BNB-USD=$630 | XRP-USD=$1 | BTC-USD fr=-0.000082 | ETH-USD fr=-0.000071
2026-03-22 14:21:35 [INFO] Status: 14 active, 819 disc, 33173 poly, 144018 price, 77865 flow, 51508 funding, 805 resolved | DOGE-USD=$0 | SOL-USD=$87 | BTC-USD=$68743 | ETH-USD=$2078 | BNB-USD=$630 | XRP-USD=$1 | BTC-USD fr=-0.000082 | ETH-USD fr=-0.000071
2026-03-22 14:22:40 [INFO] Status: 14 active, 819 disc, 33257 poly, 144348 price, 78033 flow, 51638 funding, 805 resolved | DOGE-USD=$0 | SOL-USD=$87 | BTC-USD=$68813 | ETH-USD=$2080 | BNB-USD=$631 | XRP-USD=$1 | BTC-USD fr=-0.000082 | ETH-USD fr=-0.000071
2026-03-22 14:23:48 [INFO] Status: 14 active, 819 disc, 33341 poly, 144746 price, 78254 flow, 51774 funding, 805 resolved | DOGE-USD=$0 | SOL-USD=$88 | BTC-USD=$68877 | ETH-USD=$2084 | BNB-USD=$632 | XRP-USD=$1 | BTC-USD fr=-0.000082 | ETH-USD fr=-0.000071
2026-03-22 14:24:53 [INFO] Status: 14 active, 819 disc, 33425 poly, 145113 price, 78447 flow, 51904 funding, 805 resolved | DOGE-USD=$0 | SOL-USD=$88 | BTC-USD=$68860 | ETH-USD=$2083 | BNB-USD=$631 | XRP-USD=$1 | BTC-USD fr=-0.000081 | ETH-USD fr=-0.000069
2026-03-22 14:25:10 [INFO] NEW BTC-USD Bitcoin Up or Down - March 22, 10:25AM-10:30AM ET yes=0.49 window=300s
2026-03-22 14:25:10 [INFO] NEW ETH-USD Ethereum Up or Down - March 22, 10:25AM-10:30AM ET yes=0.49 window=300s
2026-03-22 14:25:10 [INFO] NEW SOL-USD Solana Up or Down - March 22, 10:25AM-10:30AM ET yes=0.47 window=300s
2026-03-22 14:25:10 [INFO] NEW XRP-USD XRP Up or Down - March 22, 10:25AM-10:30AM ET yes=0.47 window=300s
2026-03-22 14:25:10 [INFO] NEW DOGE-USD Dogecoin Up or Down - March 22, 10:25AM-10:30AM ET yes=0.45 window=300s
2026-03-22 14:25:10 [INFO] NEW BNB-USD BNB Up or Down - March 22, 10:25AM-10:30AM ET yes=0.50 window=300s
2026-03-22 14:25:10 [INFO] NEW HYPE-USD Hyperliquid Up or Down - March 22, 10:25AM-10:30AM ET yes=0.50 window=300s
2026-03-22 14:25:30 [INFO] RESOLVED BTC-USD -> DOWN yes=0.50 Bitcoin Up or Down - March 22, 10:20AM-1
2026-03-22 14:25:30 [INFO] RESOLVED ETH-USD -> DOWN yes=0.50 Ethereum Up or Down - March 22, 10:20AM-
2026-03-22 14:25:30 [INFO] RESOLVED SOL-USD -> DOWN yes=0.50 Solana Up or Down - March 22, 10:20AM-10
2026-03-22 14:25:30 [INFO] RESOLVED XRP-USD -> DOWN yes=0.50 XRP Up or Down - March 22, 10:20AM-10:25
2026-03-22 14:25:30 [INFO] RESOLVED DOGE-USD -> DOWN yes=0.50 Dogecoin Up or Down - March 22, 10:20AM-
2026-03-22 14:25:30 [INFO] RESOLVED BNB-USD -> DOWN yes=0.50 BNB Up or Down - March 22, 10:20AM-10:25
2026-03-22 14:25:30 [INFO] RESOLVED HYPE-USD -> DOWN yes=0.50 Hyperliquid Up or Down - March 22, 10:20
2026-03-22 14:25:56 [INFO] Status: 14 active, 826 disc, 33502 poly, 145474 price, 78660 flow, 52030 funding, 812 resolved | DOGE-USD=$0 | SOL-USD=$87 | BTC-USD=$68801 | ETH-USD=$2079 | BNB-USD=$631 | XRP-USD=$1 | BTC-USD fr=-0.000081 | ETH-USD fr=-0.000069
2026-03-22 14:27:04 [INFO] Status: 14 active, 826 disc, 33586 poly, 145827 price, 78836 flow, 52164 funding, 812 resolved | DOGE-USD=$0 | SOL-USD=$87 | BTC-USD=$68796 | ETH-USD=$2079 | BNB-USD=$631 | XRP-USD=$1 | BTC-USD fr=-0.000082 | ETH-USD fr=-0.000072
2026-03-22 14:28:10 [INFO] Status: 14 active, 826 disc, 33670 poly, 146174 price, 79006 flow, 52296 funding, 812 resolved | DOGE-USD=$0 | SOL-USD=$87 | BTC-USD=$68812 | ETH-USD=$2079 | BNB-USD=$631 | XRP-USD=$1 | BTC-USD fr=-0.000082 | ETH-USD fr=-0.000072
2026-03-22 14:29:16 [INFO] Status: 14 active, 826 disc, 33754 poly, 146536 price, 79194 flow, 52428 funding, 812 resolved | DOGE-USD=$0 | SOL-USD=$87 | BTC-USD=$68834 | ETH-USD=$2080 | BNB-USD=$631 | XRP-USD=$1 | BTC-USD fr=-0.000082 | ETH-USD fr=-0.000071
2026-03-22 14:30:05 [INFO] NEW BTC-USD Bitcoin Up or Down - March 22, 10:30AM-10:35AM ET yes=0.48 window=300s
2026-03-22 14:30:05 [INFO] NEW ETH-USD Ethereum Up or Down - March 22, 10:30AM-10:35AM ET yes=0.49 window=300s
2026-03-22 14:30:05 [INFO] NEW SOL-USD Solana Up or Down - March 22, 10:30AM-10:35AM ET yes=0.47 window=300s
2026-03-22 14:30:05 [INFO] NEW XRP-USD XRP Up or Down - March 22, 10:30AM-10:35AM ET yes=0.48 window=300s
2026-03-22 14:30:05 [INFO] NEW DOGE-USD Dogecoin Up or Down - March 22, 10:30AM-10:35AM ET yes=0.50 window=300s
2026-03-22 14:30:05 [INFO] NEW BNB-USD BNB Up or Down - March 22, 10:30AM-10:35AM ET yes=0.50 window=300s
2026-03-22 14:30:05 [INFO] NEW HYPE-USD Hyperliquid Up or Down - March 22, 10:30AM-10:35AM ET yes=0.50 window=300s
2026-03-22 14:30:05 [INFO] NEW BTC-USD Bitcoin Up or Down - March 22, 10:30AM-10:45AM ET yes=0.46 window=900s
2026-03-22 14:30:05 [INFO] NEW ETH-USD Ethereum Up or Down - March 22, 10:30AM-10:45AM ET yes=0.46 window=900s
2026-03-22 14:30:05 [INFO] NEW SOL-USD Solana Up or Down - March 22, 10:30AM-10:45AM ET yes=0.46 window=900s
2026-03-22 14:30:05 [INFO] NEW XRP-USD XRP Up or Down - March 22, 10:30AM-10:45AM ET yes=0.47 window=900s
2026-03-22 14:30:05 [INFO] NEW DOGE-USD Dogecoin Up or Down - March 22, 10:30AM-10:45AM ET yes=0.50 window=900s
2026-03-22 14:30:05 [INFO] NEW BNB-USD BNB Up or Down - March 22, 10:30AM-10:45AM ET yes=0.49 window=900s
2026-03-22 14:30:05 [INFO] NEW HYPE-USD Hyperliquid Up or Down - March 22, 10:30AM-10:45AM ET yes=0.50 window=900s
2026-03-22 14:30:27 [INFO] RESOLVED BTC-USD -> DOWN yes=0.50 Bitcoin Up or Down - March 22, 10:15AM-1
2026-03-22 14:30:27 [INFO] RESOLVED ETH-USD -> DOWN yes=0.50 Ethereum Up or Down - March 22, 10:15AM-
2026-03-22 14:30:27 [INFO] RESOLVED SOL-USD -> DOWN yes=0.50 Solana Up or Down - March 22, 10:15AM-10
2026-03-22 14:30:27 [INFO] RESOLVED XRP-USD -> DOWN yes=0.50 XRP Up or Down - March 22, 10:15AM-10:30
2026-03-22 14:30:27 [INFO] RESOLVED DOGE-USD -> DOWN yes=0.50 Dogecoin Up or Down - March 22, 10:15AM-
2026-03-22 14:30:27 [INFO] RESOLVED BNB-USD -> DOWN yes=0.50 BNB Up or Down - March 22, 10:15AM-10:30
2026-03-22 14:30:27 [INFO] RESOLVED HYPE-USD -> DOWN yes=0.50 Hyperliquid Up or Down - March 22, 10:15
2026-03-22 14:30:27 [INFO] RESOLVED BTC-USD -> DOWN yes=0.50 Bitcoin Up or Down - March 22, 10:25AM-1
2026-03-22 14:30:27 [INFO] RESOLVED ETH-USD -> DOWN yes=0.50 Ethereum Up or Down - March 22, 10:25AM-
2026-03-22 14:30:27 [INFO] RESOLVED SOL-USD -> DOWN yes=0.50 Solana Up or Down - March 22, 10:25AM-10
2026-03-22 14:30:27 [INFO] RESOLVED XRP-USD -> DOWN yes=0.50 XRP Up or Down - March 22, 10:25AM-10:30
2026-03-22 14:30:27 [INFO] RESOLVED DOGE-USD -> DOWN yes=0.50 Dogecoin Up or Down - March 22, 10:25AM-
2026-03-22 14:30:27 [INFO] RESOLVED BNB-USD -> DOWN yes=0.50 BNB Up or Down - March 22, 10:25AM-10:30
2026-03-22 14:30:27 [INFO] RESOLVED HYPE-USD -> DOWN yes=0.50 Hyperliquid Up or Down - March 22, 10:25
2026-03-22 14:30:35 [INFO] Status: 14 active, 840 disc, 33852 poly, 146958 price, 79407 flow, 52588 funding, 826 resolved | DOGE-USD=$0 | SOL-USD=$87 | BTC-USD=$68842 | ETH-USD=$2081 | BNB-USD=$631 | XRP-USD=$1 | BTC-USD fr=-0.000082 | ETH-USD fr=-0.000071
2026-03-22 14:31:40 [INFO] Status: 14 active, 840 disc, 33936 poly, 147313 price, 79585 flow, 52718 funding, 826 resolved | DOGE-USD=$0 | SOL-USD=$87 | BTC-USD=$68830 | ETH-USD=$2081 | BNB-USD=$631 | XRP-USD=$1 | BTC-USD fr=-0.000082 | ETH-USD fr=-0.000071
2026-03-22 14:32:46 [INFO] Status: 14 active, 840 disc, 34020 poly, 147651 price, 79764 flow, 52850 funding, 826 resolved | DOGE-USD=$0 | SOL-USD=$87 | BTC-USD=$68830 | ETH-USD=$2081 | BNB-USD=$631 | XRP-USD=$1 | BTC-USD fr=-0.000082 | ETH-USD fr=-0.000070
2026-03-22 14:33:51 [INFO] Status: 14 active, 840 disc, 34104 poly, 148005 price, 79958 flow, 52980 funding, 826 resolved | DOGE-USD=$0 | SOL-USD=$87 | BTC-USD=$68794 | ETH-USD=$2079 | BNB-USD=$631 | XRP-USD=$1 | BTC-USD fr=-0.000082 | ETH-USD fr=-0.000070
2026-03-22 14:34:57 [INFO] Status: 14 active, 840 disc, 34188 poly, 148370 price, 80148 flow, 53112 funding, 826 resolved | DOGE-USD=$0 | SOL-USD=$87 | BTC-USD=$68802 | ETH-USD=$2080 | BNB-USD=$631 | XRP-USD=$1 | BTC-USD fr=-0.000082 | ETH-USD fr=-0.000070
2026-03-22 14:35:14 [INFO] NEW BTC-USD Bitcoin Up or Down - March 22, 10:35AM-10:40AM ET yes=0.49 window=300s
2026-03-22 14:35:14 [INFO] NEW ETH-USD Ethereum Up or Down - March 22, 10:35AM-10:40AM ET yes=0.50 window=300s
2026-03-22 14:35:14 [INFO] NEW SOL-USD Solana Up or Down - March 22, 10:35AM-10:40AM ET yes=0.47 window=300s
2026-03-22 14:35:14 [INFO] NEW XRP-USD XRP Up or Down - March 22, 10:35AM-10:40AM ET yes=0.47 window=300s
2026-03-22 14:35:14 [INFO] NEW DOGE-USD Dogecoin Up or Down - March 22, 10:35AM-10:40AM ET yes=0.50 window=300s
2026-03-22 14:35:14 [INFO] NEW BNB-USD BNB Up or Down - March 22, 10:35AM-10:40AM ET yes=0.45 window=300s
2026-03-22 14:35:14 [INFO] NEW HYPE-USD Hyperliquid Up or Down - March 22, 10:35AM-10:40AM ET yes=0.50 window=300s
2026-03-22 14:35:14 [INFO] RESOLVED BTC-USD -> DOWN yes=0.50 Bitcoin Up or Down - March 22, 10:30AM-1
2026-03-22 14:35:14 [INFO] RESOLVED ETH-USD -> DOWN yes=0.50 Ethereum Up or Down - March 22, 10:30AM-
2026-03-22 14:35:14 [INFO] RESOLVED SOL-USD -> DOWN yes=0.50 Solana Up or Down - March 22, 10:30AM-10
2026-03-22 14:35:14 [INFO] RESOLVED XRP-USD -> DOWN yes=0.50 XRP Up or Down - March 22, 10:30AM-10:35
2026-03-22 14:35:14 [INFO] RESOLVED DOGE-USD -> DOWN yes=0.50 Dogecoin Up or Down - March 22, 10:30AM-
2026-03-22 14:35:14 [INFO] RESOLVED BNB-USD -> DOWN yes=0.50 BNB Up or Down - March 22, 10:30AM-10:35
2026-03-22 14:35:14 [INFO] RESOLVED HYPE-USD -> DOWN yes=0.50 Hyperliquid Up or Down - March 22, 10:30
2026-03-22 14:36:07 [INFO] Status: 14 active, 847 disc, 34272 poly, 148716 price, 80349 flow, 53252 funding, 833 resolved | DOGE-USD=$0 | SOL-USD=$87 | BTC-USD=$68827 | ETH-USD=$2080 | BNB-USD=$631 | XRP-USD=$1 | BTC-USD fr=-0.000082 | ETH-USD fr=-0.000070
2026-03-22 14:37:12 [INFO] Status: 14 active, 847 disc, 34356 poly, 149060 price, 80533 flow, 53380 funding, 833 resolved | DOGE-USD=$0 | SOL-USD=$87 | BTC-USD=$68833 | ETH-USD=$2081 | BNB-USD=$631 | XRP-USD=$1 | BTC-USD fr=-0.000082 | ETH-USD fr=-0.000070
2026-03-22 14:38:16 [INFO] Status: 14 active, 847 disc, 34440 poly, 149420 price, 80722 flow, 53510 funding, 833 resolved | DOGE-USD=$0 | SOL-USD=$87 | BTC-USD=$68852 | ETH-USD=$2082 | BNB-USD=$631 | XRP-USD=$1 | BTC-USD fr=-0.000082 | ETH-USD fr=-0.000070
2026-03-22 14:39:23 [INFO] Status: 14 active, 847 disc, 34524 poly, 149805 price, 80936 flow, 53644 funding, 833 resolved | DOGE-USD=$0 | SOL-USD=$87 | BTC-USD=$68869 | ETH-USD=$2083 | BNB-USD=$631 | XRP-USD=$1 | BTC-USD fr=-0.000081 | ETH-USD fr=-0.000069
2026-03-22 14:40:11 [INFO] NEW BTC-USD Bitcoin Up or Down - March 22, 10:40AM-10:45AM ET yes=0.48 window=300s
2026-03-22 14:40:11 [INFO] NEW ETH-USD Ethereum Up or Down - March 22, 10:40AM-10:45AM ET yes=0.49 window=300s
2026-03-22 14:40:11 [INFO] NEW SOL-USD Solana Up or Down - March 22, 10:40AM-10:45AM ET yes=0.49 window=300s
2026-03-22 14:40:11 [INFO] NEW XRP-USD XRP Up or Down - March 22, 10:40AM-10:45AM ET yes=0.46 window=300s
2026-03-22 14:40:11 [INFO] NEW DOGE-USD Dogecoin Up or Down - March 22, 10:40AM-10:45AM ET yes=0.50 window=300s
2026-03-22 14:40:11 [INFO] NEW BNB-USD BNB Up or Down - March 22, 10:40AM-10:45AM ET yes=0.50 window=300s
2026-03-22 14:40:11 [INFO] NEW HYPE-USD Hyperliquid Up or Down - March 22, 10:40AM-10:45AM ET yes=0.50 window=300s
2026-03-22 14:40:31 [INFO] RESOLVED BTC-USD -> DOWN yes=0.50 Bitcoin Up or Down - March 22, 10:35AM-1
2026-03-22 14:40:31 [INFO] RESOLVED ETH-USD -> DOWN yes=0.50 Ethereum Up or Down - March 22, 10:35AM-
2026-03-22 14:40:31 [INFO] RESOLVED SOL-USD -> DOWN yes=0.50 Solana Up or Down - March 22, 10:35AM-10
2026-03-22 14:40:31 [INFO] RESOLVED XRP-USD -> DOWN yes=0.50 XRP Up or Down - March 22, 10:35AM-10:40
2026-03-22 14:40:31 [INFO] RESOLVED DOGE-USD -> DOWN yes=0.50 Dogecoin Up or Down - March 22, 10:35AM-
2026-03-22 14:40:31 [INFO] RESOLVED BNB-USD -> DOWN yes=0.50 BNB Up or Down - March 22, 10:35AM-10:40
2026-03-22 14:40:31 [INFO] RESOLVED HYPE-USD -> DOWN yes=0.50 Hyperliquid Up or Down - March 22, 10:35
2026-03-22 14:40:35 [INFO] Status: 14 active, 854 disc, 34615 poly, 150210 price, 81151 flow, 53788 funding, 840 resolved | DOGE-USD=$0 | SOL-USD=$87 | BTC-USD=$68855 | ETH-USD=$2083 | BNB-USD=$631 | XRP-USD=$1 | BTC-USD fr=-0.000081 | ETH-USD fr=-0.000069
2026-03-22 14:41:39 [INFO] Status: 14 active, 854 disc, 34699 poly, 150544 price, 81310 flow, 53916 funding, 840 resolved | DOGE-USD=$0 | SOL-USD=$87 | BTC-USD=$68843 | ETH-USD=$2083 | BNB-USD=$631 | XRP-USD=$1 | BTC-USD fr=-0.000081 | ETH-USD fr=-0.000069
2026-03-22 14:42:47 [INFO] Status: 14 active, 854 disc, 34783 poly, 150931 price, 81490 flow, 54052 funding, 840 resolved | DOGE-USD=$0 | SOL-USD=$87 | BTC-USD=$68825 | ETH-USD=$2080 | BNB-USD=$631 | XRP-USD=$1 | BTC-USD fr=-0.000082 | ETH-USD fr=-0.000069
2026-03-22 14:43:54 [INFO] Status: 14 active, 854 disc, 34867 poly, 151287 price, 81658 flow, 54186 funding, 840 resolved | DOGE-USD=$0 | SOL-USD=$87 | BTC-USD=$68851 | ETH-USD=$2081 | BNB-USD=$631 | XRP-USD=$1 | BTC-USD fr=-0.000082 | ETH-USD fr=-0.000069
2026-03-22 14:45:02 [INFO] Status: 14 active, 854 disc, 34951 poly, 151656 price, 81859 flow, 54322 funding, 840 resolved | DOGE-USD=$0 | SOL-USD=$87 | BTC-USD=$68834 | ETH-USD=$2081 | BNB-USD=$631 | XRP-USD=$1 | BTC-USD fr=-0.000082 | ETH-USD fr=-0.000069
2026-03-22 14:45:07 [INFO] NEW BTC-USD Bitcoin Up or Down - March 22, 10:45AM-10:50AM ET yes=0.51 window=300s
2026-03-22 14:45:07 [INFO] NEW ETH-USD Ethereum Up or Down - March 22, 10:45AM-10:50AM ET yes=0.46 window=300s
2026-03-22 14:45:07 [INFO] NEW SOL-USD Solana Up or Down - March 22, 10:45AM-10:50AM ET yes=0.47 window=300s
2026-03-22 14:45:07 [INFO] NEW XRP-USD XRP Up or Down - March 22, 10:45AM-10:50AM ET yes=0.43 window=300s
2026-03-22 14:45:07 [INFO] NEW DOGE-USD Dogecoin Up or Down - March 22, 10:45AM-10:50AM ET yes=0.50 window=300s
2026-03-22 14:45:07 [INFO] NEW BNB-USD BNB Up or Down - March 22, 10:45AM-10:50AM ET yes=0.50 window=300s
2026-03-22 14:45:07 [INFO] NEW HYPE-USD Hyperliquid Up or Down - March 22, 10:45AM-10:50AM ET yes=0.50 window=300s
2026-03-22 14:45:07 [INFO] NEW BTC-USD Bitcoin Up or Down - March 22, 10:45AM-11:00AM ET yes=0.47 window=900s
2026-03-22 14:45:07 [INFO] NEW ETH-USD Ethereum Up or Down - March 22, 10:45AM-11:00AM ET yes=0.49 window=900s
2026-03-22 14:45:07 [INFO] NEW SOL-USD Solana Up or Down - March 22, 10:45AM-11:00AM ET yes=0.57 window=900s
2026-03-22 14:45:07 [INFO] NEW XRP-USD XRP Up or Down - March 22, 10:45AM-11:00AM ET yes=0.43 window=900s
2026-03-22 14:45:07 [INFO] NEW DOGE-USD Dogecoin Up or Down - March 22, 10:45AM-11:00AM ET yes=0.50 window=900s
2026-03-22 14:45:07 [INFO] NEW BNB-USD BNB Up or Down - March 22, 10:45AM-11:00AM ET yes=0.50 window=900s
2026-03-22 14:45:07 [INFO] NEW HYPE-USD Hyperliquid Up or Down - March 22, 10:45AM-11:00AM ET yes=0.50 window=900s
2026-03-22 14:45:26 [INFO] RESOLVED BTC-USD -> DOWN yes=0.50 Bitcoin Up or Down - March 22, 10:30AM-1
2026-03-22 14:45:26 [INFO] RESOLVED ETH-USD -> DOWN yes=0.50 Ethereum Up or Down - March 22, 10:30AM-
2026-03-22 14:45:26 [INFO] RESOLVED SOL-USD -> DOWN yes=0.50 Solana Up or Down - March 22, 10:30AM-10
2026-03-22 14:45:26 [INFO] RESOLVED XRP-USD -> DOWN yes=0.50 XRP Up or Down - March 22, 10:30AM-10:45
2026-03-22 14:45:26 [INFO] RESOLVED DOGE-USD -> DOWN yes=0.50 Dogecoin Up or Down - March 22, 10:30AM-
2026-03-22 14:45:26 [INFO] RESOLVED BNB-USD -> DOWN yes=0.50 BNB Up or Down - March 22, 10:30AM-10:45
2026-03-22 14:45:26 [INFO] RESOLVED HYPE-USD -> DOWN yes=0.50 Hyperliquid Up or Down - March 22, 10:30
2026-03-22 14:45:26 [INFO] RESOLVED BTC-USD -> DOWN yes=0.50 Bitcoin Up or Down - March 22, 10:40AM-1
2026-03-22 14:45:26 [INFO] RESOLVED ETH-USD -> DOWN yes=0.50 Ethereum Up or Down - March 22, 10:40AM-
2026-03-22 14:45:26 [INFO] RESOLVED SOL-USD -> DOWN yes=0.50 Solana Up or Down - March 22, 10:40AM-10
2026-03-22 14:45:26 [INFO] RESOLVED XRP-USD -> DOWN yes=0.50 XRP Up or Down - March 22, 10:40AM-10:45
2026-03-22 14:45:26 [INFO] RESOLVED DOGE-USD -> DOWN yes=0.50 Dogecoin Up or Down - March 22, 10:40AM-
2026-03-22 14:45:26 [INFO] RESOLVED BNB-USD -> DOWN yes=0.50 BNB Up or Down - March 22, 10:40AM-10:45
2026-03-22 14:45:26 [INFO] RESOLVED HYPE-USD -> DOWN yes=0.50 Hyperliquid Up or Down - March 22, 10:40
2026-03-22 14:46:07 [INFO] Status: 14 active, 868 disc, 35035 poly, 152020 price, 82044 flow, 54452 funding, 854 resolved | DOGE-USD=$0 | SOL-USD=$87 | BTC-USD=$68790 | ETH-USD=$2080 | BNB-USD=$630 | XRP-USD=$1 | BTC-USD fr=-0.000082 | ETH-USD fr=-0.000070
2026-03-22 14:47:15 [INFO] Status: 14 active, 868 disc, 35119 poly, 152388 price, 82230 flow, 54588 funding, 854 resolved | DOGE-USD=$0 | SOL-USD=$87 | BTC-USD=$68782 | ETH-USD=$2080 | BNB-USD=$630 | XRP-USD=$1 | BTC-USD fr=-0.000082 | ETH-USD fr=-0.000070
2026-03-22 14:48:20 [INFO] Status: 14 active, 868 disc, 35203 poly, 152721 price, 82384 flow, 54718 funding, 854 resolved | DOGE-USD=$0 | SOL-USD=$87 | BTC-USD=$68777 | ETH-USD=$2081 | BNB-USD=$630 | XRP-USD=$1 | BTC-USD fr=-0.000083 | ETH-USD fr=-0.000071
2026-03-22 14:49:24 [INFO] Status: 14 active, 868 disc, 35287 poly, 153065 price, 82548 flow, 54846 funding, 854 resolved | DOGE-USD=$0 | SOL-USD=$87 | BTC-USD=$68747 | ETH-USD=$2080 | BNB-USD=$630 | XRP-USD=$1 | BTC-USD fr=-0.000083 | ETH-USD fr=-0.000071
2026-03-22 14:50:14 [INFO] NEW BTC-USD Bitcoin Up or Down - March 22, 10:50AM-10:55AM ET yes=0.51 window=300s
2026-03-22 14:50:14 [INFO] NEW ETH-USD Ethereum Up or Down - March 22, 10:50AM-10:55AM ET yes=0.52 window=300s
2026-03-22 14:50:14 [INFO] NEW SOL-USD Solana Up or Down - March 22, 10:50AM-10:55AM ET yes=0.60 window=300s
2026-03-22 14:50:14 [INFO] NEW XRP-USD XRP Up or Down - March 22, 10:50AM-10:55AM ET yes=0.40 window=300s
2026-03-22 14:50:14 [INFO] NEW DOGE-USD Dogecoin Up or Down - March 22, 10:50AM-10:55AM ET yes=0.45 window=300s
2026-03-22 14:50:14 [INFO] NEW BNB-USD BNB Up or Down - March 22, 10:50AM-10:55AM ET yes=0.45 window=300s
2026-03-22 14:50:14 [INFO] NEW HYPE-USD Hyperliquid Up or Down - March 22, 10:50AM-10:55AM ET yes=0.50 window=300s
2026-03-22 14:50:14 [INFO] RESOLVED BTC-USD -> DOWN yes=0.50 Bitcoin Up or Down - March 22, 10:45AM-1
2026-03-22 14:50:14 [INFO] RESOLVED ETH-USD -> DOWN yes=0.50 Ethereum Up or Down - March 22, 10:45AM-
2026-03-22 14:50:14 [INFO] RESOLVED SOL-USD -> DOWN yes=0.50 Solana Up or Down - March 22, 10:45AM-10
2026-03-22 14:50:14 [INFO] RESOLVED XRP-USD -> DOWN yes=0.50 XRP Up or Down - March 22, 10:45AM-10:50
2026-03-22 14:50:14 [INFO] RESOLVED DOGE-USD -> DOWN yes=0.50 Dogecoin Up or Down - March 22, 10:45AM-
2026-03-22 14:50:14 [INFO] RESOLVED BNB-USD -> DOWN yes=0.50 BNB Up or Down - March 22, 10:45AM-10:50
2026-03-22 14:50:14 [INFO] RESOLVED HYPE-USD -> DOWN yes=0.50 Hyperliquid Up or Down - March 22, 10:45
2026-03-22 14:50:33 [INFO] Status: 14 active, 875 disc, 35371 poly, 153449 price, 82766 flow, 54982 funding, 861 resolved | DOGE-USD=$0 | SOL-USD=$87 | BTC-USD=$68726 | ETH-USD=$2079 | BNB-USD=$630 | XRP-USD=$1 | BTC-USD fr=-0.000084 | ETH-USD fr=-0.000072
2026-03-22 14:51:37 [INFO] Status: 14 active, 875 disc, 35455 poly, 153792 price, 82935 flow, 55112 funding, 861 resolved | DOGE-USD=$0 | SOL-USD=$87 | BTC-USD=$68738 | ETH-USD=$2079 | BNB-USD=$630 | XRP-USD=$1 | BTC-USD fr=-0.000084 | ETH-USD fr=-0.000072
2026-03-22 14:52:41 [INFO] Status: 14 active, 875 disc, 35539 poly, 154124 price, 83095 flow, 55240 funding, 861 resolved | DOGE-USD=$0 | SOL-USD=$87 | BTC-USD=$68710 | ETH-USD=$2078 | BNB-USD=$630 | XRP-USD=$1 | BTC-USD fr=-0.000084 | ETH-USD fr=-0.000072
2026-03-22 14:53:48 [INFO] Status: 14 active, 875 disc, 35623 poly, 154491 price, 83283 flow, 55372 funding, 861 resolved | DOGE-USD=$0 | SOL-USD=$87 | BTC-USD=$68691 | ETH-USD=$2077 | BNB-USD=$630 | XRP-USD=$1 | BTC-USD fr=-0.000084 | ETH-USD fr=-0.000073
2026-03-22 14:54:55 [INFO] Status: 14 active, 875 disc, 35707 poly, 154859 price, 83448 flow, 55508 funding, 861 resolved | DOGE-USD=$0 | SOL-USD=$87 | BTC-USD=$68698 | ETH-USD=$2078 | BNB-USD=$630 | XRP-USD=$1 | BTC-USD fr=-0.000084 | ETH-USD fr=-0.000073
2026-03-22 14:55:13 [INFO] NEW BTC-USD Bitcoin Up or Down - March 22, 10:55AM-11:00AM ET yes=0.52 window=300s
2026-03-22 14:55:13 [INFO] NEW ETH-USD Ethereum Up or Down - March 22, 10:55AM-11:00AM ET yes=0.52 window=300s
2026-03-22 14:55:13 [INFO] NEW SOL-USD Solana Up or Down - March 22, 10:55AM-11:00AM ET yes=0.57 window=300s
2026-03-22 14:55:13 [INFO] NEW XRP-USD XRP Up or Down - March 22, 10:55AM-11:00AM ET yes=0.43 window=300s
2026-03-22 14:55:13 [INFO] NEW DOGE-USD Dogecoin Up or Down - March 22, 10:55AM-11:00AM ET yes=0.50 window=300s
2026-03-22 14:55:13 [INFO] NEW BNB-USD BNB Up or Down - March 22, 10:55AM-11:00AM ET yes=0.50 window=300s
2026-03-22 14:55:13 [INFO] NEW HYPE-USD Hyperliquid Up or Down - March 22, 10:55AM-11:00AM ET yes=0.50 window=300s
2026-03-22 14:55:17 [INFO] RESOLVED BTC-USD -> DOWN yes=0.50 Bitcoin Up or Down - March 22, 10:50AM-1
2026-03-22 14:55:17 [INFO] RESOLVED ETH-USD -> DOWN yes=0.50 Ethereum Up or Down - March 22, 10:50AM-
2026-03-22 14:55:17 [INFO] RESOLVED SOL-USD -> DOWN yes=0.50 Solana Up or Down - March 22, 10:50AM-10
2026-03-22 14:55:17 [INFO] RESOLVED XRP-USD -> DOWN yes=0.50 XRP Up or Down - March 22, 10:50AM-10:55
2026-03-22 14:55:17 [INFO] RESOLVED DOGE-USD -> DOWN yes=0.50 Dogecoin Up or Down - March 22, 10:50AM-
2026-03-22 14:55:17 [INFO] RESOLVED BNB-USD -> DOWN yes=0.50 BNB Up or Down - March 22, 10:50AM-10:55
2026-03-22 14:55:17 [INFO] RESOLVED HYPE-USD -> DOWN yes=0.50 Hyperliquid Up or Down - March 22, 10:50
2026-03-22 14:56:05 [INFO] Status: 14 active, 882 disc, 35791 poly, 155243 price, 83642 flow, 55648 funding, 868 resolved | DOGE-USD=$0 | SOL-USD=$87 | BTC-USD=$68680 | ETH-USD=$2077 | BNB-USD=$630 | XRP-USD=$1 | BTC-USD fr=-0.000084 | ETH-USD fr=-0.000074
2026-03-22 14:57:11 [INFO] Status: 14 active, 882 disc, 35875 poly, 155624 price, 83848 flow, 55780 funding, 868 resolved | DOGE-USD=$0 | SOL-USD=$87 | BTC-USD=$68665 | ETH-USD=$2077 | BNB-USD=$630 | XRP-USD=$1 | BTC-USD fr=-0.000084 | ETH-USD fr=-0.000074
2026-03-22 14:58:17 [INFO] Status: 14 active, 882 disc, 35959 poly, 155978 price, 84017 flow, 55912 funding, 868 resolved | DOGE-USD=$0 | SOL-USD=$87 | BTC-USD=$68692 | ETH-USD=$2078 | BNB-USD=$630 | XRP-USD=$1 | BTC-USD fr=-0.000084 | ETH-USD fr=-0.000074
2026-03-22 14:59:26 [INFO] Status: 14 active, 882 disc, 36043 poly, 156355 price, 84213 flow, 56050 funding, 868 resolved | DOGE-USD=$0 | SOL-USD=$87 | BTC-USD=$68720 | ETH-USD=$2078 | BNB-USD=$630 | XRP-USD=$1 | BTC-USD fr=-0.000084 | ETH-USD fr=-0.000075
2026-03-22 15:00:04 [INFO] NEW BTC-USD Bitcoin Up or Down - March 22, 11:00AM-11:05AM ET yes=0.52 window=300s
2026-03-22 15:00:04 [INFO] NEW ETH-USD Ethereum Up or Down - March 22, 11:00AM-11:05AM ET yes=0.56 window=300s
2026-03-22 15:00:04 [INFO] NEW SOL-USD Solana Up or Down - March 22, 11:00AM-11:05AM ET yes=0.60 window=300s
2026-03-22 15:00:04 [INFO] NEW XRP-USD XRP Up or Down - March 22, 11:00AM-11:05AM ET yes=0.40 window=300s
2026-03-22 15:00:04 [INFO] NEW DOGE-USD Dogecoin Up or Down - March 22, 11:00AM-11:05AM ET yes=0.50 window=300s
2026-03-22 15:00:04 [INFO] NEW BNB-USD BNB Up or Down - March 22, 11:00AM-11:05AM ET yes=0.50 window=300s
2026-03-22 15:00:04 [INFO] NEW HYPE-USD Hyperliquid Up or Down - March 22, 11:00AM-11:05AM ET yes=0.50 window=300s
2026-03-22 15:00:04 [INFO] NEW BTC-USD Bitcoin Up or Down - March 22, 11:00AM-11:15AM ET yes=0.56 window=900s
2026-03-22 15:00:04 [INFO] NEW ETH-USD Ethereum Up or Down - March 22, 11:00AM-11:15AM ET yes=0.55 window=900s
2026-03-22 15:00:04 [INFO] NEW SOL-USD Solana Up or Down - March 22, 11:00AM-11:15AM ET yes=0.56 window=900s
2026-03-22 15:00:04 [INFO] NEW XRP-USD XRP Up or Down - March 22, 11:00AM-11:15AM ET yes=0.49 window=900s
2026-03-22 15:00:04 [INFO] NEW DOGE-USD Dogecoin Up or Down - March 22, 11:00AM-11:15AM ET yes=0.50 window=900s
2026-03-22 15:00:04 [INFO] NEW BNB-USD BNB Up or Down - March 22, 11:00AM-11:15AM ET yes=0.50 window=900s
2026-03-22 15:00:04 [INFO] NEW HYPE-USD Hyperliquid Up or Down - March 22, 11:00AM-11:15AM ET yes=0.50 window=900s
2026-03-22 15:00:28 [INFO] RESOLVED BTC-USD -> DOWN yes=0.50 Bitcoin Up or Down - March 22, 10:45AM-1
2026-03-22 15:00:28 [INFO] RESOLVED ETH-USD -> DOWN yes=0.50 Ethereum Up or Down - March 22, 10:45AM-
2026-03-22 15:00:28 [INFO] RESOLVED SOL-USD -> DOWN yes=0.50 Solana Up or Down - March 22, 10:45AM-11
2026-03-22 15:00:28 [INFO] RESOLVED XRP-USD -> DOWN yes=0.50 XRP Up or Down - March 22, 10:45AM-11:00
2026-03-22 15:00:28 [INFO] RESOLVED DOGE-USD -> DOWN yes=0.50 Dogecoin Up or Down - March 22, 10:45AM-
2026-03-22 15:00:28 [INFO] RESOLVED BNB-USD -> DOWN yes=0.50 BNB Up or Down - March 22, 10:45AM-11:00
2026-03-22 15:00:28 [INFO] RESOLVED HYPE-USD -> DOWN yes=0.50 Hyperliquid Up or Down - March 22, 10:45
2026-03-22 15:00:28 [INFO] RESOLVED BTC-USD -> DOWN yes=0.50 Bitcoin Up or Down - March 22, 10:55AM-1
2026-03-22 15:00:28 [INFO] RESOLVED ETH-USD -> DOWN yes=0.50 Ethereum Up or Down - March 22, 10:55AM-
2026-03-22 15:00:28 [INFO] RESOLVED SOL-USD -> DOWN yes=0.50 Solana Up or Down - March 22, 10:55AM-11
2026-03-22 15:00:28 [INFO] RESOLVED XRP-USD -> DOWN yes=0.50 XRP Up or Down - March 22, 10:55AM-11:00
2026-03-22 15:00:28 [INFO] RESOLVED DOGE-USD -> DOWN yes=0.50 Dogecoin Up or Down - March 22, 10:55AM-
2026-03-22 15:00:28 [INFO] RESOLVED BNB-USD -> DOWN yes=0.50 BNB Up or Down - March 22, 10:55AM-11:00
2026-03-22 15:00:28 [INFO] RESOLVED HYPE-USD -> DOWN yes=0.50 Hyperliquid Up or Down - March 22, 10:55
2026-03-22 15:00:37 [INFO] Status: 14 active, 896 disc, 36127 poly, 156749 price, 84429 flow, 56192 funding, 882 resolved | DOGE-USD=$0 | SOL-USD=$87 | BTC-USD=$68760 | ETH-USD=$2079 | BNB-USD=$630 | XRP-USD=$1 | BTC-USD fr=-0.000084 | ETH-USD fr=-0.000075
2026-03-22 15:01:43 [INFO] Status: 14 active, 896 disc, 36211 poly, 157118 price, 84624 flow, 56324 funding, 882 resolved | DOGE-USD=$0 | SOL-USD=$87 | BTC-USD=$68776 | ETH-USD=$2080 | BNB-USD=$631 | XRP-USD=$1 | BTC-USD fr=-0.000084 | ETH-USD fr=-0.000075
2026-03-22 15:02:49 [INFO] Status: 14 active, 896 disc, 36295 poly, 157486 price, 84822 flow, 56456 funding, 882 resolved | DOGE-USD=$0 | SOL-USD=$87 | BTC-USD=$68760 | ETH-USD=$2080 | BNB-USD=$630 | XRP-USD=$1 | BTC-USD fr=-0.000083 | ETH-USD fr=-0.000074
2026-03-22 15:03:55 [INFO] Status: 14 active, 896 disc, 36379 poly, 157840 price, 84995 flow, 56588 funding, 882 resolved | DOGE-USD=$0 | SOL-USD=$87 | BTC-USD=$68794 | ETH-USD=$2081 | BNB-USD=$631 | XRP-USD=$1 | BTC-USD fr=-0.000083 | ETH-USD fr=-0.000074
2026-03-22 15:05:00 [INFO] Status: 14 active, 896 disc, 36463 poly, 158202 price, 85181 flow, 56718 funding, 882 resolved | DOGE-USD=$0 | SOL-USD=$87 | BTC-USD=$68790 | ETH-USD=$2080 | BNB-USD=$631 | XRP-USD=$1 | BTC-USD fr=-0.000082 | ETH-USD fr=-0.000074
2026-03-22 15:05:05 [INFO] NEW BTC-USD Bitcoin Up or Down - March 22, 11:05AM-11:10AM ET yes=0.51 window=300s
2026-03-22 15:05:05 [INFO] NEW ETH-USD Ethereum Up or Down - March 22, 11:05AM-11:10AM ET yes=0.49 window=300s
2026-03-22 15:05:05 [INFO] NEW SOL-USD Solana Up or Down - March 22, 11:05AM-11:10AM ET yes=0.57 window=300s
2026-03-22 15:05:05 [INFO] NEW XRP-USD XRP Up or Down - March 22, 11:05AM-11:10AM ET yes=0.47 window=300s
2026-03-22 15:05:05 [INFO] NEW DOGE-USD Dogecoin Up or Down - March 22, 11:05AM-11:10AM ET yes=0.50 window=300s
2026-03-22 15:05:05 [INFO] NEW BNB-USD BNB Up or Down - March 22, 11:05AM-11:10AM ET yes=0.50 window=300s
2026-03-22 15:05:05 [INFO] NEW HYPE-USD Hyperliquid Up or Down - March 22, 11:05AM-11:10AM ET yes=0.50 window=300s
2026-03-22 15:05:20 [INFO] RESOLVED BTC-USD -> DOWN yes=0.50 Bitcoin Up or Down - March 22, 11:00AM-1
2026-03-22 15:05:20 [INFO] RESOLVED ETH-USD -> DOWN yes=0.50 Ethereum Up or Down - March 22, 11:00AM-
2026-03-22 15:05:20 [INFO] RESOLVED SOL-USD -> DOWN yes=0.50 Solana Up or Down - March 22, 11:00AM-11
2026-03-22 15:05:20 [INFO] RESOLVED XRP-USD -> DOWN yes=0.50 XRP Up or Down - March 22, 11:00AM-11:05
2026-03-22 15:05:20 [INFO] RESOLVED DOGE-USD -> DOWN yes=0.50 Dogecoin Up or Down - March 22, 11:00AM-
2026-03-22 15:05:20 [INFO] RESOLVED BNB-USD -> DOWN yes=0.50 BNB Up or Down - March 22, 11:00AM-11:05
2026-03-22 15:05:20 [INFO] RESOLVED HYPE-USD -> DOWN yes=0.50 Hyperliquid Up or Down - March 22, 11:00
2026-03-22 15:06:04 [INFO] Status: 14 active, 903 disc, 36540 poly, 158571 price, 85374 flow, 56844 funding, 889 resolved | DOGE-USD=$0 | SOL-USD=$87 | BTC-USD=$68895 | ETH-USD=$2083 | BNB-USD=$631 | XRP-USD=$1 | BTC-USD fr=-0.000082 | ETH-USD fr=-0.000074
2026-03-22 15:07:12 [INFO] Status: 14 active, 903 disc, 36624 poly, 158967 price, 85599 flow, 56982 funding, 889 resolved | DOGE-USD=$0 | SOL-USD=$87 | BTC-USD=$68887 | ETH-USD=$2083 | BNB-USD=$631 | XRP-USD=$1 | BTC-USD fr=-0.000081 | ETH-USD fr=-0.000074
2026-03-22 15:08:18 [INFO] Status: 14 active, 903 disc, 36708 poly, 159332 price, 85780 flow, 57112 funding, 889 resolved | DOGE-USD=$0 | SOL-USD=$87 | BTC-USD=$68881 | ETH-USD=$2082 | BNB-USD=$631 | XRP-USD=$1 | BTC-USD fr=-0.000081 | ETH-USD fr=-0.000074
2026-03-22 15:09:29 [INFO] Status: 14 active, 903 disc, 36792 poly, 159729 price, 85993 flow, 57256 funding, 889 resolved | DOGE-USD=$0 | SOL-USD=$87 | BTC-USD=$68867 | ETH-USD=$2082 | BNB-USD=$631 | XRP-USD=$1 | BTC-USD fr=-0.000081 | ETH-USD fr=-0.000074
2026-03-22 15:10:06 [INFO] NEW BTC-USD Bitcoin Up or Down - March 22, 11:10AM-11:15AM ET yes=0.51 window=300s
2026-03-22 15:10:06 [INFO] NEW ETH-USD Ethereum Up or Down - March 22, 11:10AM-11:15AM ET yes=0.50 window=300s
2026-03-22 15:10:06 [INFO] NEW SOL-USD Solana Up or Down - March 22, 11:10AM-11:15AM ET yes=0.48 window=300s
2026-03-22 15:10:06 [INFO] NEW XRP-USD XRP Up or Down - March 22, 11:10AM-11:15AM ET yes=0.41 window=300s
2026-03-22 15:10:06 [INFO] NEW DOGE-USD Dogecoin Up or Down - March 22, 11:10AM-11:15AM ET yes=0.50 window=300s
2026-03-22 15:10:06 [INFO] NEW BNB-USD BNB Up or Down - March 22, 11:10AM-11:15AM ET yes=0.50 window=300s
2026-03-22 15:10:06 [INFO] NEW HYPE-USD Hyperliquid Up or Down - March 22, 11:10AM-11:15AM ET yes=0.50 window=300s
2026-03-22 15:10:26 [INFO] RESOLVED BTC-USD -> DOWN yes=0.50 Bitcoin Up or Down - March 22, 11:05AM-1
2026-03-22 15:10:26 [INFO] RESOLVED ETH-USD -> DOWN yes=0.50 Ethereum Up or Down - March 22, 11:05AM-
2026-03-22 15:10:26 [INFO] RESOLVED SOL-USD -> DOWN yes=0.50 Solana Up or Down - March 22, 11:05AM-11
2026-03-22 15:10:26 [INFO] RESOLVED XRP-USD -> DOWN yes=0.50 XRP Up or Down - March 22, 11:05AM-11:10
2026-03-22 15:10:26 [INFO] RESOLVED DOGE-USD -> DOWN yes=0.50 Dogecoin Up or Down - March 22, 11:05AM-
2026-03-22 15:10:26 [INFO] RESOLVED BNB-USD -> DOWN yes=0.50 BNB Up or Down - March 22, 11:05AM-11:10
2026-03-22 15:10:26 [INFO] RESOLVED HYPE-USD -> DOWN yes=0.50 Hyperliquid Up or Down - March 22, 11:05
2026-03-22 15:10:30 [INFO] Status: 14 active, 910 disc, 36869 poly, 160063 price, 86168 flow, 57378 funding, 896 resolved | DOGE-USD=$0 | SOL-USD=$87 | BTC-USD=$68872 | ETH-USD=$2081 | BNB-USD=$631 | XRP-USD=$1 | BTC-USD fr=-0.000081 | ETH-USD fr=-0.000075
2026-03-22 15:11:38 [INFO] Status: 14 active, 910 disc, 36953 poly, 160426 price, 86355 flow, 57514 funding, 896 resolved | DOGE-USD=$0 | SOL-USD=$87 | BTC-USD=$68887 | ETH-USD=$2082 | BNB-USD=$631 | XRP-USD=$1 | BTC-USD fr=-0.000080 | ETH-USD fr=-0.000075
2026-03-22 15:12:43 [INFO] Status: 14 active, 910 disc, 37037 poly, 160757 price, 86512 flow, 57644 funding, 896 resolved | DOGE-USD=$0 | SOL-USD=$87 | BTC-USD=$68882 | ETH-USD=$2082 | BNB-USD=$631 | XRP-USD=$1 | BTC-USD fr=-0.000080 | ETH-USD fr=-0.000075
2026-03-22 15:13:48 [INFO] Status: 14 active, 910 disc, 37121 poly, 161100 price, 86679 flow, 57774 funding, 896 resolved | DOGE-USD=$0 | SOL-USD=$87 | BTC-USD=$68882 | ETH-USD=$2083 | BNB-USD=$631 | XRP-USD=$1 | BTC-USD fr=-0.000080 | ETH-USD fr=-0.000074
2026-03-22 15:14:53 [INFO] Status: 14 active, 910 disc, 37205 poly, 161461 price, 86866 flow, 57904 funding, 896 resolved | DOGE-USD=$0 | SOL-USD=$87 | BTC-USD=$68927 | ETH-USD=$2083 | BNB-USD=$631 | XRP-USD=$1 | BTC-USD fr=-0.000080 | ETH-USD fr=-0.000074
2026-03-22 15:15:08 [INFO] NEW BTC-USD Bitcoin Up or Down - March 22, 11:15AM-11:20AM ET yes=0.49 window=300s
2026-03-22 15:15:08 [INFO] NEW ETH-USD Ethereum Up or Down - March 22, 11:15AM-11:20AM ET yes=0.49 window=300s
2026-03-22 15:15:08 [INFO] NEW SOL-USD Solana Up or Down - March 22, 11:15AM-11:20AM ET yes=0.47 window=300s
2026-03-22 15:15:08 [INFO] NEW XRP-USD XRP Up or Down - March 22, 11:15AM-11:20AM ET yes=0.47 window=300s
2026-03-22 15:15:08 [INFO] NEW DOGE-USD Dogecoin Up or Down - March 22, 11:15AM-11:20AM ET yes=0.50 window=300s
2026-03-22 15:15:08 [INFO] NEW BNB-USD BNB Up or Down - March 22, 11:15AM-11:20AM ET yes=0.50 window=300s
2026-03-22 15:15:08 [INFO] NEW HYPE-USD Hyperliquid Up or Down - March 22, 11:15AM-11:20AM ET yes=0.50 window=300s
2026-03-22 15:15:08 [INFO] NEW BTC-USD Bitcoin Up or Down - March 22, 11:15AM-11:30AM ET yes=0.47 window=900s
2026-03-22 15:15:08 [INFO] NEW ETH-USD Ethereum Up or Down - March 22, 11:15AM-11:30AM ET yes=0.51 window=900s
2026-03-22 15:15:08 [INFO] NEW SOL-USD Solana Up or Down - March 22, 11:15AM-11:30AM ET yes=0.50 window=900s
2026-03-22 15:15:08 [INFO] NEW XRP-USD XRP Up or Down - March 22, 11:15AM-11:30AM ET yes=0.49 window=900s
2026-03-22 15:15:08 [INFO] NEW DOGE-USD Dogecoin Up or Down - March 22, 11:15AM-11:30AM ET yes=0.50 window=900s
2026-03-22 15:15:08 [INFO] NEW BNB-USD BNB Up or Down - March 22, 11:15AM-11:30AM ET yes=0.50 window=900s
2026-03-22 15:15:08 [INFO] NEW HYPE-USD Hyperliquid Up or Down - March 22, 11:15AM-11:30AM ET yes=0.50 window=900s
2026-03-22 15:15:27 [INFO] RESOLVED BTC-USD -> DOWN yes=0.50 Bitcoin Up or Down - March 22, 11:00AM-1
2026-03-22 15:15:27 [INFO] RESOLVED ETH-USD -> DOWN yes=0.50 Ethereum Up or Down - March 22, 11:00AM-
2026-03-22 15:15:27 [INFO] RESOLVED SOL-USD -> DOWN yes=0.50 Solana Up or Down - March 22, 11:00AM-11
2026-03-22 15:15:27 [INFO] RESOLVED XRP-USD -> DOWN yes=0.50 XRP Up or Down - March 22, 11:00AM-11:15
2026-03-22 15:15:27 [INFO] RESOLVED DOGE-USD -> DOWN yes=0.50 Dogecoin Up or Down - March 22, 11:00AM-
2026-03-22 15:15:27 [INFO] RESOLVED BNB-USD -> DOWN yes=0.50 BNB Up or Down - March 22, 11:00AM-11:15
2026-03-22 15:15:27 [INFO] RESOLVED HYPE-USD -> DOWN yes=0.50 Hyperliquid Up or Down - March 22, 11:00
2026-03-22 15:15:27 [INFO] RESOLVED BTC-USD -> DOWN yes=0.50 Bitcoin Up or Down - March 22, 11:10AM-1
2026-03-22 15:15:27 [INFO] RESOLVED ETH-USD -> DOWN yes=0.50 Ethereum Up or Down - March 22, 11:10AM-
2026-03-22 15:15:27 [INFO] RESOLVED SOL-USD -> DOWN yes=0.50 Solana Up or Down - March 22, 11:10AM-11
2026-03-22 15:15:27 [INFO] RESOLVED XRP-USD -> DOWN yes=0.50 XRP Up or Down - March 22, 11:10AM-11:15
2026-03-22 15:15:27 [INFO] RESOLVED DOGE-USD -> DOWN yes=0.50 Dogecoin Up or Down - March 22, 11:10AM-
2026-03-22 15:15:27 [INFO] RESOLVED BNB-USD -> DOWN yes=0.50 BNB Up or Down - March 22, 11:10AM-11:15
2026-03-22 15:15:27 [INFO] RESOLVED HYPE-USD -> DOWN yes=0.50 Hyperliquid Up or Down - March 22, 11:10
2026-03-22 15:15:57 [INFO] Status: 14 active, 924 disc, 37289 poly, 161839 price, 87084 flow, 58032 funding, 910 resolved | DOGE-USD=$0 | SOL-USD=$87 | BTC-USD=$68927 | ETH-USD=$2082 | BNB-USD=$631 | XRP-USD=$1 | BTC-USD fr=-0.000080 | ETH-USD fr=-0.000074
2026-03-22 15:17:08 [INFO] Status: 14 active, 924 disc, 37373 poly, 162235 price, 87289 flow, 58174 funding, 910 resolved | DOGE-USD=$0 | SOL-USD=$87 | BTC-USD=$68921 | ETH-USD=$2082 | BNB-USD=$631 | XRP-USD=$1 | BTC-USD fr=-0.000079 | ETH-USD fr=-0.000074
2026-03-22 15:18:16 [INFO] Status: 14 active, 924 disc, 37457 poly, 162619 price, 87499 flow, 58310 funding, 910 resolved | DOGE-USD=$0 | SOL-USD=$87 | BTC-USD=$68846 | ETH-USD=$2080 | BNB-USD=$631 | XRP-USD=$1 | BTC-USD fr=-0.000079 | ETH-USD fr=-0.000075
2026-03-22 15:19:21 [INFO] Status: 14 active, 924 disc, 37541 poly, 162973 price, 87681 flow, 58440 funding, 910 resolved | DOGE-USD=$0 | SOL-USD=$87 | BTC-USD=$68886 | ETH-USD=$2081 | BNB-USD=$631 | XRP-USD=$1 | BTC-USD fr=-0.000079 | ETH-USD fr=-0.000075
2026-03-22 15:20:11 [INFO] NEW BTC-USD Bitcoin Up or Down - March 22, 11:20AM-11:25AM ET yes=0.47 window=300s
2026-03-22 15:20:11 [INFO] NEW ETH-USD Ethereum Up or Down - March 22, 11:20AM-11:25AM ET yes=0.47 window=300s
2026-03-22 15:20:11 [INFO] NEW SOL-USD Solana Up or Down - March 22, 11:20AM-11:25AM ET yes=0.47 window=300s
2026-03-22 15:20:11 [INFO] NEW XRP-USD XRP Up or Down - March 22, 11:20AM-11:25AM ET yes=0.48 window=300s
2026-03-22 15:20:11 [INFO] NEW DOGE-USD Dogecoin Up or Down - March 22, 11:20AM-11:25AM ET yes=0.50 window=300s
2026-03-22 15:20:11 [INFO] NEW BNB-USD BNB Up or Down - March 22, 11:20AM-11:25AM ET yes=0.45 window=300s
2026-03-22 15:20:11 [INFO] NEW HYPE-USD Hyperliquid Up or Down - March 22, 11:20AM-11:25AM ET yes=0.50 window=300s
2026-03-22 15:20:27 [INFO] RESOLVED BTC-USD -> DOWN yes=0.50 Bitcoin Up or Down - March 22, 11:15AM-1
2026-03-22 15:20:27 [INFO] RESOLVED ETH-USD -> DOWN yes=0.50 Ethereum Up or Down - March 22, 11:15AM-
2026-03-22 15:20:27 [INFO] RESOLVED SOL-USD -> DOWN yes=0.50 Solana Up or Down - March 22, 11:15AM-11
2026-03-22 15:20:27 [INFO] RESOLVED XRP-USD -> DOWN yes=0.50 XRP Up or Down - March 22, 11:15AM-11:20
2026-03-22 15:20:27 [INFO] RESOLVED DOGE-USD -> DOWN yes=0.50 Dogecoin Up or Down - March 22, 11:15AM-
2026-03-22 15:20:27 [INFO] RESOLVED BNB-USD -> DOWN yes=0.50 BNB Up or Down - March 22, 11:15AM-11:20
2026-03-22 15:20:27 [INFO] RESOLVED HYPE-USD -> DOWN yes=0.50 Hyperliquid Up or Down - March 22, 11:15
2026-03-22 15:20:35 [INFO] Status: 14 active, 931 disc, 37632 poly, 163377 price, 87902 flow, 58588 funding, 917 resolved | DOGE-USD=$0 | SOL-USD=$87 | BTC-USD=$68951 | ETH-USD=$2083 | BNB-USD=$631 | XRP-USD=$1 | BTC-USD fr=-0.000080 | ETH-USD fr=-0.000075
2026-03-22 15:21:41 [INFO] Status: 14 active, 931 disc, 37716 poly, 163744 price, 88107 flow, 58720 funding, 917 resolved | DOGE-USD=$0 | SOL-USD=$87 | BTC-USD=$68876 | ETH-USD=$2080 | BNB-USD=$631 | XRP-USD=$1 | BTC-USD fr=-0.000079 | ETH-USD fr=-0.000074
2026-03-22 15:22:46 [INFO] Status: 14 active, 931 disc, 37800 poly, 164110 price, 88308 flow, 58850 funding, 917 resolved | DOGE-USD=$0 | SOL-USD=$87 | BTC-USD=$68831 | ETH-USD=$2078 | BNB-USD=$631 | XRP-USD=$1 | BTC-USD fr=-0.000079 | ETH-USD fr=-0.000074
2026-03-22 15:23:50 [INFO] Status: 14 active, 931 disc, 37884 poly, 164465 price, 88490 flow, 58978 funding, 917 resolved | DOGE-USD=$0 | SOL-USD=$87 | BTC-USD=$68870 | ETH-USD=$2079 | BNB-USD=$631 | XRP-USD=$1 | BTC-USD fr=-0.000080 | ETH-USD fr=-0.000075
2026-03-22 15:24:54 [INFO] Status: 14 active, 931 disc, 37968 poly, 164823 price, 88690 flow, 59106 funding, 917 resolved | DOGE-USD=$0 | SOL-USD=$87 | BTC-USD=$68850 | ETH-USD=$2079 | BNB-USD=$631 | XRP-USD=$1 | BTC-USD fr=-0.000080 | ETH-USD fr=-0.000075
2026-03-22 15:25:09 [INFO] NEW BTC-USD Bitcoin Up or Down - March 22, 11:25AM-11:30AM ET yes=0.48 window=300s
2026-03-22 15:25:09 [INFO] NEW ETH-USD Ethereum Up or Down - March 22, 11:25AM-11:30AM ET yes=0.52 window=300s
2026-03-22 15:25:09 [INFO] NEW SOL-USD Solana Up or Down - March 22, 11:25AM-11:30AM ET yes=0.49 window=300s
2026-03-22 15:25:09 [INFO] NEW XRP-USD XRP Up or Down - March 22, 11:25AM-11:30AM ET yes=0.45 window=300s
2026-03-22 15:25:09 [INFO] NEW DOGE-USD Dogecoin Up or Down - March 22, 11:25AM-11:30AM ET yes=0.50 window=300s
2026-03-22 15:25:09 [INFO] NEW BNB-USD BNB Up or Down - March 22, 11:25AM-11:30AM ET yes=0.45 window=300s
2026-03-22 15:25:09 [INFO] NEW HYPE-USD Hyperliquid Up or Down - March 22, 11:25AM-11:30AM ET yes=0.50 window=300s
2026-03-22 15:25:27 [INFO] RESOLVED BTC-USD -> DOWN yes=0.50 Bitcoin Up or Down - March 22, 11:20AM-1
2026-03-22 15:25:27 [INFO] RESOLVED ETH-USD -> DOWN yes=0.50 Ethereum Up or Down - March 22, 11:20AM-
2026-03-22 15:25:27 [INFO] RESOLVED SOL-USD -> DOWN yes=0.50 Solana Up or Down - March 22, 11:20AM-11
2026-03-22 15:25:27 [INFO] RESOLVED XRP-USD -> DOWN yes=0.50 XRP Up or Down - March 22, 11:20AM-11:25
2026-03-22 15:25:27 [INFO] RESOLVED DOGE-USD -> DOWN yes=0.50 Dogecoin Up or Down - March 22, 11:20AM-
2026-03-22 15:25:27 [INFO] RESOLVED BNB-USD -> DOWN yes=0.50 BNB Up or Down - March 22, 11:20AM-11:25
2026-03-22 15:25:27 [INFO] RESOLVED HYPE-USD -> DOWN yes=0.50 Hyperliquid Up or Down - March 22, 11:20
2026-03-22 15:26:03 [INFO] Status: 14 active, 938 disc, 38059 poly, 165203 price, 88877 flow, 59244 funding, 924 resolved | DOGE-USD=$0 | SOL-USD=$87 | BTC-USD=$68876 | ETH-USD=$2080 | BNB-USD=$630 | XRP-USD=$1 | BTC-USD fr=-0.000080 | ETH-USD fr=-0.000075
2026-03-22 15:27:08 [INFO] Status: 14 active, 938 disc, 38143 poly, 165566 price, 89066 flow, 59374 funding, 924 resolved | DOGE-USD=$0 | SOL-USD=$87 | BTC-USD=$68852 | ETH-USD=$2079 | BNB-USD=$630 | XRP-USD=$1 | BTC-USD fr=-0.000079 | ETH-USD fr=-0.000075
2026-03-22 15:28:16 [INFO] Status: 14 active, 938 disc, 38227 poly, 165944 price, 89266 flow, 59510 funding, 924 resolved | DOGE-USD=$0 | SOL-USD=$87 | BTC-USD=$68885 | ETH-USD=$2080 | BNB-USD=$630 | XRP-USD=$1 | BTC-USD fr=-0.000079 | ETH-USD fr=-0.000075
2026-03-22 15:29:21 [INFO] Status: 14 active, 938 disc, 38311 poly, 166291 price, 89439 flow, 59640 funding, 924 resolved | DOGE-USD=$0 | SOL-USD=$87 | BTC-USD=$68898 | ETH-USD=$2081 | BNB-USD=$630 | XRP-USD=$1 | BTC-USD fr=-0.000079 | ETH-USD fr=-0.000075
2026-03-22 15:30:10 [INFO] NEW BTC-USD Bitcoin Up or Down - March 22, 11:30AM-11:35AM ET yes=0.51 window=300s
2026-03-22 15:30:10 [INFO] NEW ETH-USD Ethereum Up or Down - March 22, 11:30AM-11:35AM ET yes=0.50 window=300s
2026-03-22 15:30:10 [INFO] NEW SOL-USD Solana Up or Down - March 22, 11:30AM-11:35AM ET yes=0.54 window=300s
2026-03-22 15:30:10 [INFO] NEW XRP-USD XRP Up or Down - March 22, 11:30AM-11:35AM ET yes=0.54 window=300s
2026-03-22 15:30:10 [INFO] NEW DOGE-USD Dogecoin Up or Down - March 22, 11:30AM-11:35AM ET yes=0.50 window=300s
2026-03-22 15:30:10 [INFO] NEW BNB-USD BNB Up or Down - March 22, 11:30AM-11:35AM ET yes=0.50 window=300s
2026-03-22 15:30:10 [INFO] NEW HYPE-USD Hyperliquid Up or Down - March 22, 11:30AM-11:35AM ET yes=0.50 window=300s
2026-03-22 15:30:10 [INFO] NEW BTC-USD Bitcoin Up or Down - March 22, 11:30AM-11:45AM ET yes=0.48 window=900s
2026-03-22 15:30:10 [INFO] NEW ETH-USD Ethereum Up or Down - March 22, 11:30AM-11:45AM ET yes=0.52 window=900s
2026-03-22 15:30:10 [INFO] NEW SOL-USD Solana Up or Down - March 22, 11:30AM-11:45AM ET yes=0.51 window=900s
2026-03-22 15:30:10 [INFO] NEW XRP-USD XRP Up or Down - March 22, 11:30AM-11:45AM ET yes=0.51 window=900s
2026-03-22 15:30:10 [INFO] NEW DOGE-USD Dogecoin Up or Down - March 22, 11:30AM-11:45AM ET yes=0.50 window=900s
2026-03-22 15:30:10 [INFO] NEW BNB-USD BNB Up or Down - March 22, 11:30AM-11:45AM ET yes=0.54 window=900s
2026-03-22 15:30:10 [INFO] NEW HYPE-USD Hyperliquid Up or Down - March 22, 11:30AM-11:45AM ET yes=0.50 window=900s
2026-03-22 15:30:31 [INFO] RESOLVED BTC-USD -> DOWN yes=0.50 Bitcoin Up or Down - March 22, 11:15AM-1
2026-03-22 15:30:31 [INFO] RESOLVED ETH-USD -> DOWN yes=0.50 Ethereum Up or Down - March 22, 11:15AM-
2026-03-22 15:30:31 [INFO] RESOLVED SOL-USD -> DOWN yes=0.50 Solana Up or Down - March 22, 11:15AM-11
2026-03-22 15:30:31 [INFO] RESOLVED XRP-USD -> DOWN yes=0.50 XRP Up or Down - March 22, 11:15AM-11:30
2026-03-22 15:30:31 [INFO] RESOLVED DOGE-USD -> DOWN yes=0.50 Dogecoin Up or Down - March 22, 11:15AM-
2026-03-22 15:30:31 [INFO] RESOLVED BNB-USD -> DOWN yes=0.50 BNB Up or Down - March 22, 11:15AM-11:30
2026-03-22 15:30:31 [INFO] RESOLVED HYPE-USD -> DOWN yes=0.50 Hyperliquid Up or Down - March 22, 11:15
2026-03-22 15:30:31 [INFO] RESOLVED BTC-USD -> DOWN yes=0.50 Bitcoin Up or Down - March 22, 11:25AM-1
2026-03-22 15:30:31 [INFO] RESOLVED ETH-USD -> DOWN yes=0.50 Ethereum Up or Down - March 22, 11:25AM-
2026-03-22 15:30:31 [INFO] RESOLVED SOL-USD -> DOWN yes=0.50 Solana Up or Down - March 22, 11:25AM-11
2026-03-22 15:30:31 [INFO] RESOLVED XRP-USD -> DOWN yes=0.50 XRP Up or Down - March 22, 11:25AM-11:30
2026-03-22 15:30:31 [INFO] RESOLVED DOGE-USD -> DOWN yes=0.50 Dogecoin Up or Down - March 22, 11:25AM-
2026-03-22 15:30:31 [INFO] RESOLVED BNB-USD -> DOWN yes=0.50 BNB Up or Down - March 22, 11:25AM-11:30
2026-03-22 15:30:31 [INFO] RESOLVED HYPE-USD -> DOWN yes=0.50 Hyperliquid Up or Down - March 22, 11:25
2026-03-22 15:30:39 [INFO] Status: 14 active, 952 disc, 38409 poly, 166715 price, 89675 flow, 59794 funding, 938 resolved | DOGE-USD=$0 | SOL-USD=$87 | BTC-USD=$68892 | ETH-USD=$2080 | BNB-USD=$630 | XRP-USD=$1 | BTC-USD fr=-0.000078 | ETH-USD fr=-0.000075
2026-03-22 15:31:43 [INFO] Status: 14 active, 952 disc, 38493 poly, 167072 price, 89874 flow, 59924 funding, 938 resolved | DOGE-USD=$0 | SOL-USD=$87 | BTC-USD=$68855 | ETH-USD=$2079 | BNB-USD=$630 | XRP-USD=$1 | BTC-USD fr=-0.000077 | ETH-USD fr=-0.000075
2026-03-22 15:32:48 [INFO] Status: 14 active, 952 disc, 38577 poly, 167438 price, 90074 flow, 60054 funding, 938 resolved | DOGE-USD=$0 | SOL-USD=$87 | BTC-USD=$68883 | ETH-USD=$2080 | BNB-USD=$631 | XRP-USD=$1 | BTC-USD fr=-0.000078 | ETH-USD fr=-0.000076
2026-03-22 15:33:52 [INFO] Status: 14 active, 952 disc, 38661 poly, 167780 price, 90254 flow, 60182 funding, 938 resolved | DOGE-USD=$0 | SOL-USD=$87 | BTC-USD=$68871 | ETH-USD=$2080 | BNB-USD=$631 | XRP-USD=$1 | BTC-USD fr=-0.000078 | ETH-USD fr=-0.000076
2026-03-22 15:34:57 [INFO] Status: 14 active, 952 disc, 38745 poly, 168138 price, 90454 flow, 60312 funding, 938 resolved | DOGE-USD=$0 | SOL-USD=$87 | BTC-USD=$68846 | ETH-USD=$2079 | BNB-USD=$630 | XRP-USD=$1 | BTC-USD fr=-0.000078 | ETH-USD fr=-0.000075
2026-03-22 15:35:13 [INFO] NEW BTC-USD Bitcoin Up or Down - March 22, 11:35AM-11:40AM ET yes=0.48 window=300s
2026-03-22 15:35:13 [INFO] NEW ETH-USD Ethereum Up or Down - March 22, 11:35AM-11:40AM ET yes=0.49 window=300s
2026-03-22 15:35:13 [INFO] NEW SOL-USD Solana Up or Down - March 22, 11:35AM-11:40AM ET yes=0.52 window=300s
2026-03-22 15:35:13 [INFO] NEW XRP-USD XRP Up or Down - March 22, 11:35AM-11:40AM ET yes=0.47 window=300s
2026-03-22 15:35:13 [INFO] NEW DOGE-USD Dogecoin Up or Down - March 22, 11:35AM-11:40AM ET yes=0.50 window=300s
2026-03-22 15:35:13 [INFO] NEW BNB-USD BNB Up or Down - March 22, 11:35AM-11:40AM ET yes=0.50 window=300s
2026-03-22 15:35:13 [INFO] NEW HYPE-USD Hyperliquid Up or Down - March 22, 11:35AM-11:40AM ET yes=0.50 window=300s
2026-03-22 15:35:13 [INFO] RESOLVED BTC-USD -> DOWN yes=0.50 Bitcoin Up or Down - March 22, 11:30AM-1
2026-03-22 15:35:13 [INFO] RESOLVED ETH-USD -> DOWN yes=0.50 Ethereum Up or Down - March 22, 11:30AM-
2026-03-22 15:35:13 [INFO] RESOLVED SOL-USD -> DOWN yes=0.50 Solana Up or Down - March 22, 11:30AM-11
2026-03-22 15:35:13 [INFO] RESOLVED XRP-USD -> DOWN yes=0.50 XRP Up or Down - March 22, 11:30AM-11:35
2026-03-22 15:35:13 [INFO] RESOLVED DOGE-USD -> DOWN yes=0.50 Dogecoin Up or Down - March 22, 11:30AM-
2026-03-22 15:35:13 [INFO] RESOLVED BNB-USD -> DOWN yes=0.50 BNB Up or Down - March 22, 11:30AM-11:35
2026-03-22 15:35:13 [INFO] RESOLVED HYPE-USD -> DOWN yes=0.50 Hyperliquid Up or Down - March 22, 11:30
2026-03-22 15:36:03 [INFO] Status: 14 active, 959 disc, 38829 poly, 168511 price, 90634 flow, 60444 funding, 945 resolved | DOGE-USD=$0 | SOL-USD=$87 | BTC-USD=$68822 | ETH-USD=$2079 | BNB-USD=$630 | XRP-USD=$1 | BTC-USD fr=-0.000078 | ETH-USD fr=-0.000075
2026-03-22 15:37:08 [INFO] Status: 14 active, 959 disc, 38913 poly, 168863 price, 90832 flow, 60572 funding, 945 resolved | DOGE-USD=$0 | SOL-USD=$87 | BTC-USD=$68795 | ETH-USD=$2078 | BNB-USD=$630 | XRP-USD=$1 | BTC-USD fr=-0.000077 | ETH-USD fr=-0.000076
2026-03-22 15:38:13 [INFO] Status: 14 active, 959 disc, 38997 poly, 169239 price, 91046 flow, 60704 funding, 945 resolved | DOGE-USD=$0 | SOL-USD=$87 | BTC-USD=$68721 | ETH-USD=$2076 | BNB-USD=$630 | XRP-USD=$1 | BTC-USD fr=-0.000077 | ETH-USD fr=-0.000076
2026-03-22 15:39:18 [INFO] Status: 14 active, 959 disc, 39081 poly, 169605 price, 91253 flow, 60834 funding, 945 resolved | DOGE-USD=$0 | SOL-USD=$87 | BTC-USD=$68733 | ETH-USD=$2077 | BNB-USD=$630 | XRP-USD=$1 | BTC-USD fr=-0.000077 | ETH-USD fr=-0.000077
2026-03-22 15:40:05 [INFO] NEW BTC-USD Bitcoin Up or Down - March 22, 11:40AM-11:45AM ET yes=0.49 window=300s
2026-03-22 15:40:05 [INFO] NEW ETH-USD Ethereum Up or Down - March 22, 11:40AM-11:45AM ET yes=0.52 window=300s
2026-03-22 15:40:05 [INFO] NEW SOL-USD Solana Up or Down - March 22, 11:40AM-11:45AM ET yes=0.59 window=300s
2026-03-22 15:40:05 [INFO] NEW XRP-USD XRP Up or Down - March 22, 11:40AM-11:45AM ET yes=0.37 window=300s
2026-03-22 15:40:05 [INFO] NEW DOGE-USD Dogecoin Up or Down - March 22, 11:40AM-11:45AM ET yes=0.50 window=300s
2026-03-22 15:40:05 [INFO] NEW BNB-USD BNB Up or Down - March 22, 11:40AM-11:45AM ET yes=0.50 window=300s
2026-03-22 15:40:05 [INFO] NEW HYPE-USD Hyperliquid Up or Down - March 22, 11:40AM-11:45AM ET yes=0.50 window=300s
2026-03-22 15:40:24 [INFO] RESOLVED BTC-USD -> DOWN yes=0.50 Bitcoin Up or Down - March 22, 11:35AM-1
2026-03-22 15:40:24 [INFO] RESOLVED ETH-USD -> DOWN yes=0.50 Ethereum Up or Down - March 22, 11:35AM-
2026-03-22 15:40:24 [INFO] RESOLVED SOL-USD -> DOWN yes=0.50 Solana Up or Down - March 22, 11:35AM-11
2026-03-22 15:40:24 [INFO] RESOLVED XRP-USD -> DOWN yes=0.50 XRP Up or Down - March 22, 11:35AM-11:40
2026-03-22 15:40:24 [INFO] RESOLVED DOGE-USD -> DOWN yes=0.50 Dogecoin Up or Down - March 22, 11:35AM-
2026-03-22 15:40:24 [INFO] RESOLVED BNB-USD -> DOWN yes=0.50 BNB Up or Down - March 22, 11:35AM-11:40
2026-03-22 15:40:24 [INFO] RESOLVED HYPE-USD -> DOWN yes=0.50 Hyperliquid Up or Down - March 22, 11:35
2026-03-22 15:40:28 [INFO] Status: 14 active, 966 disc, 39172 poly, 169993 price, 91472 flow, 60974 funding, 952 resolved | DOGE-USD=$0 | SOL-USD=$87 | BTC-USD=$68733 | ETH-USD=$2077 | BNB-USD=$629 | XRP-USD=$1 | BTC-USD fr=-0.000077 | ETH-USD fr=-0.000077
2026-03-22 15:41:33 [INFO] Status: 14 active, 966 disc, 39256 poly, 170345 price, 91665 flow, 61104 funding, 952 resolved | DOGE-USD=$0 | SOL-USD=$87 | BTC-USD=$68745 | ETH-USD=$2077 | BNB-USD=$629 | XRP-USD=$1 | BTC-USD fr=-0.000077 | ETH-USD fr=-0.000077
2026-03-22 15:42:36 [INFO] Status: 14 active, 966 disc, 39340 poly, 170697 price, 91853 flow, 61230 funding, 952 resolved | DOGE-USD=$0 | SOL-USD=$87 | BTC-USD=$68748 | ETH-USD=$2078 | BNB-USD=$629 | XRP-USD=$1 | BTC-USD fr=-0.000077 | ETH-USD fr=-0.000077
2026-03-22 15:43:40 [INFO] Status: 14 active, 966 disc, 39424 poly, 171040 price, 92028 flow, 61356 funding, 952 resolved | DOGE-USD=$0 | SOL-USD=$87 | BTC-USD=$68764 | ETH-USD=$2078 | BNB-USD=$629 | XRP-USD=$1 | BTC-USD fr=-0.000077 | ETH-USD fr=-0.000077
2026-03-22 15:44:43 [INFO] Status: 14 active, 966 disc, 39508 poly, 171404 price, 92234 flow, 61484 funding, 952 resolved | DOGE-USD=$0 | SOL-USD=$87 | BTC-USD=$68808 | ETH-USD=$2080 | BNB-USD=$630 | XRP-USD=$1 | BTC-USD fr=-0.000076 | ETH-USD fr=-0.000077
2026-03-22 15:45:09 [INFO] NEW BTC-USD Bitcoin Up or Down - March 22, 11:45AM-11:50AM ET yes=0.51 window=300s
2026-03-22 15:45:09 [INFO] NEW ETH-USD Ethereum Up or Down - March 22, 11:45AM-11:50AM ET yes=0.54 window=300s
2026-03-22 15:45:09 [INFO] NEW SOL-USD Solana Up or Down - March 22, 11:45AM-11:50AM ET yes=0.54 window=300s
2026-03-22 15:45:09 [INFO] NEW XRP-USD XRP Up or Down - March 22, 11:45AM-11:50AM ET yes=0.54 window=300s
2026-03-22 15:45:09 [INFO] NEW DOGE-USD Dogecoin Up or Down - March 22, 11:45AM-11:50AM ET yes=0.50 window=300s
2026-03-22 15:45:09 [INFO] NEW BNB-USD BNB Up or Down - March 22, 11:45AM-11:50AM ET yes=0.58 window=300s
2026-03-22 15:45:09 [INFO] NEW HYPE-USD Hyperliquid Up or Down - March 22, 11:45AM-11:50AM ET yes=0.50 window=300s
2026-03-22 15:45:09 [INFO] NEW BTC-USD Bitcoin Up or Down - March 22, 11:45AM-12:00PM ET yes=0.54 window=900s
2026-03-22 15:45:09 [INFO] NEW ETH-USD Ethereum Up or Down - March 22, 11:45AM-12:00PM ET yes=0.55 window=900s
2026-03-22 15:45:09 [INFO] NEW SOL-USD Solana Up or Down - March 22, 11:45AM-12:00PM ET yes=0.53 window=900s
2026-03-22 15:45:09 [INFO] NEW XRP-USD XRP Up or Down - March 22, 11:45AM-12:00PM ET yes=0.56 window=900s
2026-03-22 15:45:09 [INFO] NEW DOGE-USD Dogecoin Up or Down - March 22, 11:45AM-12:00PM ET yes=0.50 window=900s
2026-03-22 15:45:09 [INFO] NEW BNB-USD BNB Up or Down - March 22, 11:45AM-12:00PM ET yes=0.54 window=900s
2026-03-22 15:45:09 [INFO] NEW HYPE-USD Hyperliquid Up or Down - March 22, 11:45AM-12:00PM ET yes=0.50 window=900s
2026-03-22 15:45:27 [INFO] RESOLVED BTC-USD -> DOWN yes=0.50 Bitcoin Up or Down - March 22, 11:30AM-1
2026-03-22 15:45:27 [INFO] RESOLVED ETH-USD -> DOWN yes=0.50 Ethereum Up or Down - March 22, 11:30AM-
2026-03-22 15:45:27 [INFO] RESOLVED SOL-USD -> DOWN yes=0.50 Solana Up or Down - March 22, 11:30AM-11
2026-03-22 15:45:27 [INFO] RESOLVED XRP-USD -> DOWN yes=0.50 XRP Up or Down - March 22, 11:30AM-11:45
2026-03-22 15:45:27 [INFO] RESOLVED DOGE-USD -> DOWN yes=0.50 Dogecoin Up or Down - March 22, 11:30AM-
2026-03-22 15:45:27 [INFO] RESOLVED BNB-USD -> DOWN yes=0.50 BNB Up or Down - March 22, 11:30AM-11:45
2026-03-22 15:45:27 [INFO] RESOLVED HYPE-USD -> DOWN yes=0.50 Hyperliquid Up or Down - March 22, 11:30
2026-03-22 15:45:27 [INFO] RESOLVED BTC-USD -> DOWN yes=0.50 Bitcoin Up or Down - March 22, 11:40AM-1
2026-03-22 15:45:27 [INFO] RESOLVED ETH-USD -> DOWN yes=0.50 Ethereum Up or Down - March 22, 11:40AM-
2026-03-22 15:45:27 [INFO] RESOLVED SOL-USD -> DOWN yes=0.50 Solana Up or Down - March 22, 11:40AM-11
2026-03-22 15:45:27 [INFO] RESOLVED XRP-USD -> DOWN yes=0.50 XRP Up or Down - March 22, 11:40AM-11:45
2026-03-22 15:45:27 [INFO] RESOLVED DOGE-USD -> DOWN yes=0.50 Dogecoin Up or Down - March 22, 11:40AM-
2026-03-22 15:45:27 [INFO] RESOLVED BNB-USD -> DOWN yes=0.50 BNB Up or Down - March 22, 11:40AM-11:45
2026-03-22 15:45:27 [INFO] RESOLVED HYPE-USD -> DOWN yes=0.50 Hyperliquid Up or Down - March 22, 11:40
2026-03-22 15:45:45 [INFO] Status: 14 active, 980 disc, 39592 poly, 171748 price, 92414 flow, 61608 funding, 966 resolved | DOGE-USD=$0 | SOL-USD=$87 | BTC-USD=$68811 | ETH-USD=$2080 | BNB-USD=$630 | XRP-USD=$1 | BTC-USD fr=-0.000075 | ETH-USD fr=-0.000077
2026-03-22 15:46:49 [INFO] Status: 14 active, 980 disc, 39676 poly, 172089 price, 92604 flow, 61736 funding, 966 resolved | DOGE-USD=$0 | SOL-USD=$87 | BTC-USD=$68785 | ETH-USD=$2079 | BNB-USD=$629 | XRP-USD=$1 | BTC-USD fr=-0.000074 | ETH-USD fr=-0.000076
2026-03-22 15:47:54 [INFO] Status: 14 active, 980 disc, 39760 poly, 172442 price, 92772 flow, 61866 funding, 966 resolved | DOGE-USD=$0 | SOL-USD=$87 | BTC-USD=$68792 | ETH-USD=$2080 | BNB-USD=$629 | XRP-USD=$1 | BTC-USD fr=-0.000074 | ETH-USD fr=-0.000076
2026-03-22 15:48:58 [INFO] Status: 14 active, 980 disc, 39844 poly, 172789 price, 92943 flow, 61994 funding, 966 resolved | DOGE-USD=$0 | SOL-USD=$87 | BTC-USD=$68758 | ETH-USD=$2079 | BNB-USD=$629 | XRP-USD=$1 | BTC-USD fr=-0.000073 | ETH-USD fr=-0.000076
2026-03-22 15:50:07 [INFO] Status: 14 active, 980 disc, 39928 poly, 173156 price, 93143 flow, 62132 funding, 966 resolved | DOGE-USD=$0 | SOL-USD=$87 | BTC-USD=$68828 | ETH-USD=$2083 | BNB-USD=$630 | XRP-USD=$1 | BTC-USD fr=-0.000073 | ETH-USD fr=-0.000076
2026-03-22 15:50:11 [INFO] NEW BTC-USD Bitcoin Up or Down - March 22, 11:50AM-11:55AM ET yes=0.50 window=300s
2026-03-22 15:50:11 [INFO] NEW ETH-USD Ethereum Up or Down - March 22, 11:50AM-11:55AM ET yes=0.48 window=300s
2026-03-22 15:50:11 [INFO] NEW SOL-USD Solana Up or Down - March 22, 11:50AM-11:55AM ET yes=0.54 window=300s
2026-03-22 15:50:11 [INFO] NEW XRP-USD XRP Up or Down - March 22, 11:50AM-11:55AM ET yes=0.46 window=300s
2026-03-22 15:50:11 [INFO] NEW DOGE-USD Dogecoin Up or Down - March 22, 11:50AM-11:55AM ET yes=0.50 window=300s
2026-03-22 15:50:11 [INFO] NEW BNB-USD BNB Up or Down - March 22, 11:50AM-11:55AM ET yes=0.58 window=300s
2026-03-22 15:50:11 [INFO] NEW HYPE-USD Hyperliquid Up or Down - March 22, 11:50AM-11:55AM ET yes=0.50 window=300s
2026-03-22 15:50:27 [INFO] RESOLVED BTC-USD -> DOWN yes=0.50 Bitcoin Up or Down - March 22, 11:45AM-1
2026-03-22 15:50:27 [INFO] RESOLVED ETH-USD -> DOWN yes=0.50 Ethereum Up or Down - March 22, 11:45AM-
2026-03-22 15:50:27 [INFO] RESOLVED SOL-USD -> DOWN yes=0.50 Solana Up or Down - March 22, 11:45AM-11
2026-03-22 15:50:27 [INFO] RESOLVED XRP-USD -> DOWN yes=0.50 XRP Up or Down - March 22, 11:45AM-11:50
2026-03-22 15:50:27 [INFO] RESOLVED DOGE-USD -> DOWN yes=0.50 Dogecoin Up or Down - March 22, 11:45AM-
2026-03-22 15:50:27 [INFO] RESOLVED BNB-USD -> DOWN yes=0.50 BNB Up or Down - March 22, 11:45AM-11:50
2026-03-22 15:50:27 [INFO] RESOLVED HYPE-USD -> DOWN yes=0.50 Hyperliquid Up or Down - March 22, 11:45
2026-03-22 15:51:07 [INFO] Status: 14 active, 987 disc, 40005 poly, 173506 price, 93337 flow, 62252 funding, 973 resolved | DOGE-USD=$0 | SOL-USD=$88 | BTC-USD=$68819 | ETH-USD=$2082 | BNB-USD=$630 | XRP-USD=$1 | BTC-USD fr=-0.000072 | ETH-USD fr=-0.000075
2026-03-22 15:52:12 [INFO] Status: 14 active, 987 disc, 40089 poly, 173870 price, 93544 flow, 62382 funding, 973 resolved | DOGE-USD=$0 | SOL-USD=$88 | BTC-USD=$68820 | ETH-USD=$2082 | BNB-USD=$630 | XRP-USD=$1 | BTC-USD fr=-0.000071 | ETH-USD fr=-0.000075
2026-03-22 15:53:17 [INFO] Status: 14 active, 987 disc, 40173 poly, 174251 price, 93746 flow, 62512 funding, 973 resolved | DOGE-USD=$0 | SOL-USD=$87 | BTC-USD=$68809 | ETH-USD=$2081 | BNB-USD=$629 | XRP-USD=$1 | BTC-USD fr=-0.000071 | ETH-USD fr=-0.000075
2026-03-22 15:54:22 [INFO] Status: 14 active, 987 disc, 40257 poly, 174603 price, 93934 flow, 62642 funding, 973 resolved | DOGE-USD=$0 | SOL-USD=$88 | BTC-USD=$68810 | ETH-USD=$2081 | BNB-USD=$629 | XRP-USD=$1 | BTC-USD fr=-0.000071 | ETH-USD fr=-0.000075
2026-03-22 15:55:10 [INFO] NEW BTC-USD Bitcoin Up or Down - March 22, 11:55AM-12:00PM ET yes=0.51 window=300s
2026-03-22 15:55:10 [INFO] NEW ETH-USD Ethereum Up or Down - March 22, 11:55AM-12:00PM ET yes=0.46 window=300s
2026-03-22 15:55:10 [INFO] NEW SOL-USD Solana Up or Down - March 22, 11:55AM-12:00PM ET yes=0.51 window=300s
2026-03-22 15:55:10 [INFO] NEW XRP-USD XRP Up or Down - March 22, 11:55AM-12:00PM ET yes=0.53 window=300s
2026-03-22 15:55:10 [INFO] NEW DOGE-USD Dogecoin Up or Down - March 22, 11:55AM-12:00PM ET yes=0.45 window=300s
2026-03-22 15:55:10 [INFO] NEW BNB-USD BNB Up or Down - March 22, 11:55AM-12:00PM ET yes=0.55 window=300s
2026-03-22 15:55:10 [INFO] NEW HYPE-USD Hyperliquid Up or Down - March 22, 11:55AM-12:00PM ET yes=0.50 window=300s
2026-03-22 15:55:28 [INFO] RESOLVED BTC-USD -> DOWN yes=0.50 Bitcoin Up or Down - March 22, 11:50AM-1
2026-03-22 15:55:28 [INFO] RESOLVED ETH-USD -> DOWN yes=0.50 Ethereum Up or Down - March 22, 11:50AM-
2026-03-22 15:55:28 [INFO] RESOLVED SOL-USD -> DOWN yes=0.50 Solana Up or Down - March 22, 11:50AM-11
2026-03-22 15:55:28 [INFO] RESOLVED XRP-USD -> DOWN yes=0.50 XRP Up or Down - March 22, 11:50AM-11:55
2026-03-22 15:55:28 [INFO] RESOLVED DOGE-USD -> DOWN yes=0.50 Dogecoin Up or Down - March 22, 11:50AM-
2026-03-22 15:55:28 [INFO] RESOLVED BNB-USD -> DOWN yes=0.50 BNB Up or Down - March 22, 11:50AM-11:55
2026-03-22 15:55:28 [INFO] RESOLVED HYPE-USD -> DOWN yes=0.50 Hyperliquid Up or Down - March 22, 11:50
2026-03-22 15:55:32 [INFO] Status: 14 active, 994 disc, 40348 poly, 174992 price, 94143 flow, 62782 funding, 980 resolved | DOGE-USD=$0 | SOL-USD=$88 | BTC-USD=$68814 | ETH-USD=$2082 | BNB-USD=$629 | XRP-USD=$1 | BTC-USD fr=-0.000071 | ETH-USD fr=-0.000075
2026-03-22 15:56:37 [INFO] Status: 14 active, 994 disc, 40432 poly, 175340 price, 94347 flow, 62910 funding, 980 resolved | DOGE-USD=$0 | SOL-USD=$88 | BTC-USD=$68815 | ETH-USD=$2082 | BNB-USD=$629 | XRP-USD=$1 | BTC-USD fr=-0.000070 | ETH-USD fr=-0.000075
2026-03-22 15:57:42 [INFO] Status: 14 active, 994 disc, 40516 poly, 175706 price, 94538 flow, 63042 funding, 980 resolved | DOGE-USD=$0 | SOL-USD=$88 | BTC-USD=$68825 | ETH-USD=$2081 | BNB-USD=$629 | XRP-USD=$1 | BTC-USD fr=-0.000070 | ETH-USD fr=-0.000075
2026-03-22 15:58:46 [INFO] Status: 14 active, 994 disc, 40600 poly, 176052 price, 94723 flow, 63170 funding, 980 resolved | DOGE-USD=$0 | SOL-USD=$87 | BTC-USD=$68825 | ETH-USD=$2082 | BNB-USD=$630 | XRP-USD=$1 | BTC-USD fr=-0.000069 | ETH-USD fr=-0.000075
2026-03-22 15:59:52 [INFO] Status: 14 active, 994 disc, 40684 poly, 176417 price, 94931 flow, 63302 funding, 980 resolved | DOGE-USD=$0 | SOL-USD=$88 | BTC-USD=$68857 | ETH-USD=$2083 | BNB-USD=$630 | XRP-USD=$1 | BTC-USD fr=-0.000069 | ETH-USD fr=-0.000075
2026-03-22 16:00:09 [INFO] NEW BTC-USD Bitcoin Up or Down - March 22, 12:00PM-12:05PM ET yes=0.52 window=300s
2026-03-22 16:00:09 [INFO] NEW ETH-USD Ethereum Up or Down - March 22, 12:00PM-12:05PM ET yes=0.47 window=300s
2026-03-22 16:00:09 [INFO] NEW SOL-USD Solana Up or Down - March 22, 12:00PM-12:05PM ET yes=0.47 window=300s
2026-03-22 16:00:09 [INFO] NEW XRP-USD XRP Up or Down - March 22, 12:00PM-12:05PM ET yes=0.51 window=300s
2026-03-22 16:00:09 [INFO] NEW DOGE-USD Dogecoin Up or Down - March 22, 12:00PM-12:05PM ET yes=0.45 window=300s
2026-03-22 16:00:09 [INFO] NEW BNB-USD BNB Up or Down - March 22, 12:00PM-12:05PM ET yes=0.50 window=300s
2026-03-22 16:00:09 [INFO] NEW HYPE-USD Hyperliquid Up or Down - March 22, 12:00PM-12:05PM ET yes=0.50 window=300s
2026-03-22 16:00:09 [INFO] NEW BTC-USD Bitcoin Up or Down - March 22, 12:00PM-12:15PM ET yes=0.51 window=900s
2026-03-22 16:00:09 [INFO] NEW ETH-USD Ethereum Up or Down - March 22, 12:00PM-12:15PM ET yes=0.46 window=900s
2026-03-22 16:00:09 [INFO] NEW SOL-USD Solana Up or Down - March 22, 12:00PM-12:15PM ET yes=0.43 window=900s
2026-03-22 16:00:09 [INFO] NEW XRP-USD XRP Up or Down - March 22, 12:00PM-12:15PM ET yes=0.55 window=900s
2026-03-22 16:00:09 [INFO] NEW DOGE-USD Dogecoin Up or Down - March 22, 12:00PM-12:15PM ET yes=0.50 window=900s
2026-03-22 16:00:09 [INFO] NEW BNB-USD BNB Up or Down - March 22, 12:00PM-12:15PM ET yes=0.50 window=900s
2026-03-22 16:00:09 [INFO] NEW HYPE-USD Hyperliquid Up or Down - March 22, 12:00PM-12:15PM ET yes=0.50 window=900s
2026-03-22 16:00:29 [INFO] RESOLVED BTC-USD -> DOWN yes=0.50 Bitcoin Up or Down - March 22, 11:45AM-1
2026-03-22 16:00:29 [INFO] RESOLVED ETH-USD -> DOWN yes=0.50 Ethereum Up or Down - March 22, 11:45AM-
2026-03-22 16:00:29 [INFO] RESOLVED SOL-USD -> DOWN yes=0.50 Solana Up or Down - March 22, 11:45AM-12
2026-03-22 16:00:29 [INFO] RESOLVED XRP-USD -> DOWN yes=0.50 XRP Up or Down - March 22, 11:45AM-12:00
2026-03-22 16:00:29 [INFO] RESOLVED DOGE-USD -> DOWN yes=0.50 Dogecoin Up or Down - March 22, 11:45AM-
2026-03-22 16:00:29 [INFO] RESOLVED BNB-USD -> DOWN yes=0.50 BNB Up or Down - March 22, 11:45AM-12:00
2026-03-22 16:00:29 [INFO] RESOLVED HYPE-USD -> DOWN yes=0.50 Hyperliquid Up or Down - March 22, 11:45
2026-03-22 16:00:29 [INFO] RESOLVED BTC-USD -> DOWN yes=0.50 Bitcoin Up or Down - March 22, 11:55AM-1
2026-03-22 16:00:29 [INFO] RESOLVED ETH-USD -> DOWN yes=0.50 Ethereum Up or Down - March 22, 11:55AM-
2026-03-22 16:00:29 [INFO] RESOLVED SOL-USD -> DOWN yes=0.50 Solana Up or Down - March 22, 11:55AM-12
2026-03-22 16:00:29 [INFO] RESOLVED XRP-USD -> DOWN yes=0.50 XRP Up or Down - March 22, 11:55AM-12:00
2026-03-22 16:00:29 [INFO] RESOLVED DOGE-USD -> DOWN yes=0.50 Dogecoin Up or Down - March 22, 11:55AM-
2026-03-22 16:00:29 [INFO] RESOLVED BNB-USD -> DOWN yes=0.50 BNB Up or Down - March 22, 11:55AM-12:00
2026-03-22 16:00:29 [INFO] RESOLVED HYPE-USD -> DOWN yes=0.50 Hyperliquid Up or Down - March 22, 11:55
2026-03-22 16:00:58 [INFO] Status: 14 active, 1008 disc, 40768 poly, 176790 price, 95151 flow, 63434 funding, 994 resolved | DOGE-USD=$0 | SOL-USD=$88 | BTC-USD=$68835 | ETH-USD=$2082 | BNB-USD=$629 | XRP-USD=$1 | BTC-USD fr=-0.000068 | ETH-USD fr=-0.000074
2026-03-22 16:02:02 [INFO] Status: 14 active, 1008 disc, 40852 poly, 177140 price, 95336 flow, 63562 funding, 994 resolved | DOGE-USD=$0 | SOL-USD=$87 | BTC-USD=$68825 | ETH-USD=$2081 | BNB-USD=$629 | XRP-USD=$1 | BTC-USD fr=-0.000068 | ETH-USD fr=-0.000074
2026-03-22 16:03:06 [INFO] Status: 14 active, 1008 disc, 40936 poly, 177499 price, 95535 flow, 63690 funding, 994 resolved | DOGE-USD=$0 | SOL-USD=$88 | BTC-USD=$68835 | ETH-USD=$2082 | BNB-USD=$630 | XRP-USD=$1 | BTC-USD fr=-0.000068 | ETH-USD fr=-0.000074
2026-03-22 16:04:12 [INFO] Status: 14 active, 1008 disc, 41020 poly, 177869 price, 95724 flow, 63822 funding, 994 resolved | DOGE-USD=$0 | SOL-USD=$88 | BTC-USD=$68876 | ETH-USD=$2084 | BNB-USD=$630 | XRP-USD=$1 | BTC-USD fr=-0.000068 | ETH-USD fr=-0.000074
2026-03-22 16:05:10 [INFO] NEW BTC-USD Bitcoin Up or Down - March 22, 12:05PM-12:10PM ET yes=0.51 window=300s
2026-03-22 16:05:10 [INFO] NEW ETH-USD Ethereum Up or Down - March 22, 12:05PM-12:10PM ET yes=0.49 window=300s
2026-03-22 16:05:10 [INFO] NEW SOL-USD Solana Up or Down - March 22, 12:05PM-12:10PM ET yes=0.46 window=300s
2026-03-22 16:05:10 [INFO] NEW XRP-USD XRP Up or Down - March 22, 12:05PM-12:10PM ET yes=0.54 window=300s
2026-03-22 16:05:10 [INFO] NEW DOGE-USD Dogecoin Up or Down - March 22, 12:05PM-12:10PM ET yes=0.45 window=300s
2026-03-22 16:05:10 [INFO] NEW BNB-USD BNB Up or Down - March 22, 12:05PM-12:10PM ET yes=0.50 window=300s
2026-03-22 16:05:10 [INFO] NEW HYPE-USD Hyperliquid Up or Down - March 22, 12:05PM-12:10PM ET yes=0.50 window=300s
2026-03-22 16:05:22 [INFO] Status: 21 active, 1015 disc, 41111 poly, 178263 price, 95938 flow, 63960 funding, 994 resolved | DOGE-USD=$0 | SOL-USD=$88 | BTC-USD=$68825 | ETH-USD=$2082 | BNB-USD=$630 | XRP-USD=$1 | BTC-USD fr=-0.000066 | ETH-USD fr=-0.000073
2026-03-22 16:05:25 [INFO] RESOLVED BTC-USD -> DOWN yes=0.50 Bitcoin Up or Down - March 22, 12:00PM-1
2026-03-22 16:05:25 [INFO] RESOLVED ETH-USD -> DOWN yes=0.50 Ethereum Up or Down - March 22, 12:00PM-
2026-03-22 16:05:25 [INFO] RESOLVED SOL-USD -> DOWN yes=0.50 Solana Up or Down - March 22, 12:00PM-12
2026-03-22 16:05:25 [INFO] RESOLVED XRP-USD -> DOWN yes=0.50 XRP Up or Down - March 22, 12:00PM-12:05
2026-03-22 16:05:25 [INFO] RESOLVED DOGE-USD -> DOWN yes=0.50 Dogecoin Up or Down - March 22, 12:00PM-
2026-03-22 16:05:25 [INFO] RESOLVED BNB-USD -> DOWN yes=0.50 BNB Up or Down - March 22, 12:00PM-12:05
2026-03-22 16:05:25 [INFO] RESOLVED HYPE-USD -> DOWN yes=0.50 Hyperliquid Up or Down - March 22, 12:00
2026-03-22 16:06:26 [INFO] Status: 14 active, 1015 disc, 41195 poly, 178624 price, 96127 flow, 64090 funding, 1001 resolved | DOGE-USD=$0 | SOL-USD=$88 | BTC-USD=$68833 | ETH-USD=$2083 | BNB-USD=$630 | XRP-USD=$1 | BTC-USD fr=-0.000066 | ETH-USD fr=-0.000073
2026-03-22 16:07:31 [INFO] Status: 14 active, 1015 disc, 41279 poly, 178986 price, 96316 flow, 64218 funding, 1001 resolved | DOGE-USD=$0 | SOL-USD=$88 | BTC-USD=$68812 | ETH-USD=$2082 | BNB-USD=$630 | XRP-USD=$1 | BTC-USD fr=-0.000065 | ETH-USD fr=-0.000073
2026-03-22 16:08:35 [INFO] Status: 14 active, 1015 disc, 41363 poly, 179352 price, 96506 flow, 64348 funding, 1001 resolved | DOGE-USD=$0 | SOL-USD=$88 | BTC-USD=$68809 | ETH-USD=$2083 | BNB-USD=$630 | XRP-USD=$1 | BTC-USD fr=-0.000065 | ETH-USD fr=-0.000073
2026-03-22 16:09:43 [INFO] Status: 14 active, 1015 disc, 41447 poly, 179732 price, 96714 flow, 64484 funding, 1001 resolved | DOGE-USD=$0 | SOL-USD=$88 | BTC-USD=$68797 | ETH-USD=$2081 | BNB-USD=$630 | XRP-USD=$1 | BTC-USD fr=-0.000066 | ETH-USD fr=-0.000073
2026-03-22 16:10:10 [INFO] NEW BTC-USD Bitcoin Up or Down - March 22, 12:10PM-12:15PM ET yes=0.51 window=300s
2026-03-22 16:10:10 [INFO] NEW ETH-USD Ethereum Up or Down - March 22, 12:10PM-12:15PM ET yes=0.47 window=300s
2026-03-22 16:10:10 [INFO] NEW SOL-USD Solana Up or Down - March 22, 12:10PM-12:15PM ET yes=0.48 window=300s
2026-03-22 16:10:10 [INFO] NEW XRP-USD XRP Up or Down - March 22, 12:10PM-12:15PM ET yes=0.38 window=300s
2026-03-22 16:10:10 [INFO] NEW DOGE-USD Dogecoin Up or Down - March 22, 12:10PM-12:15PM ET yes=0.50 window=300s
2026-03-22 16:10:10 [INFO] NEW BNB-USD BNB Up or Down - March 22, 12:10PM-12:15PM ET yes=0.50 window=300s
2026-03-22 16:10:10 [INFO] NEW HYPE-USD Hyperliquid Up or Down - March 22, 12:10PM-12:15PM ET yes=0.50 window=300s
2026-03-22 16:10:28 [INFO] RESOLVED BTC-USD -> DOWN yes=0.50 Bitcoin Up or Down - March 22, 12:05PM-1
2026-03-22 16:10:28 [INFO] RESOLVED ETH-USD -> DOWN yes=0.50 Ethereum Up or Down - March 22, 12:05PM-
2026-03-22 16:10:28 [INFO] RESOLVED SOL-USD -> DOWN yes=0.50 Solana Up or Down - March 22, 12:05PM-12
2026-03-22 16:10:28 [INFO] RESOLVED XRP-USD -> DOWN yes=0.50 XRP Up or Down - March 22, 12:05PM-12:10
2026-03-22 16:10:28 [INFO] RESOLVED DOGE-USD -> DOWN yes=0.50 Dogecoin Up or Down - March 22, 12:05PM-
2026-03-22 16:10:28 [INFO] RESOLVED BNB-USD -> DOWN yes=0.50 BNB Up or Down - March 22, 12:05PM-12:10
2026-03-22 16:10:28 [INFO] RESOLVED HYPE-USD -> DOWN yes=0.50 Hyperliquid Up or Down - March 22, 12:05
2026-03-22 16:10:43 [INFO] Status: 14 active, 1022 disc, 41524 poly, 180061 price, 96888 flow, 64604 funding, 1008 resolved | DOGE-USD=$0 | SOL-USD=$88 | BTC-USD=$68786 | ETH-USD=$2082 | BNB-USD=$630 | XRP-USD=$1 | BTC-USD fr=-0.000066 | ETH-USD fr=-0.000073
2026-03-22 16:11:48 [INFO] Status: 14 active, 1022 disc, 41608 poly, 180419 price, 97083 flow, 64734 funding, 1008 resolved | DOGE-USD=$0 | SOL-USD=$88 | BTC-USD=$68794 | ETH-USD=$2082 | BNB-USD=$629 | XRP-USD=$1 | BTC-USD fr=-0.000066 | ETH-USD fr=-0.000073
2026-03-22 16:12:53 [INFO] Status: 14 active, 1022 disc, 41692 poly, 180776 price, 97284 flow, 64864 funding, 1008 resolved | DOGE-USD=$0 | SOL-USD=$88 | BTC-USD=$68812 | ETH-USD=$2082 | BNB-USD=$630 | XRP-USD=$1 | BTC-USD fr=-0.000066 | ETH-USD fr=-0.000073
2026-03-22 16:14:00 [INFO] Status: 14 active, 1022 disc, 41776 poly, 181151 price, 97489 flow, 64996 funding, 1008 resolved | DOGE-USD=$0 | SOL-USD=$88 | BTC-USD=$68794 | ETH-USD=$2082 | BNB-USD=$630 | XRP-USD=$1 | BTC-USD fr=-0.000066 | ETH-USD fr=-0.000073
2026-03-22 16:15:06 [INFO] Status: 14 active, 1022 disc, 41860 poly, 181521 price, 97707 flow, 65130 funding, 1008 resolved | DOGE-USD=$0 | SOL-USD=$88 | BTC-USD=$68791 | ETH-USD=$2082 | BNB-USD=$630 | XRP-USD=$1 | BTC-USD fr=-0.000065 | ETH-USD fr=-0.000072
2026-03-22 16:15:09 [INFO] NEW BTC-USD Bitcoin Up or Down - March 22, 12:15PM-12:20PM ET yes=0.52 window=300s
2026-03-22 16:15:09 [INFO] NEW ETH-USD Ethereum Up or Down - March 22, 12:15PM-12:20PM ET yes=0.50 window=300s
2026-03-22 16:15:09 [INFO] NEW SOL-USD Solana Up or Down - March 22, 12:15PM-12:20PM ET yes=0.49 window=300s
2026-03-22 16:15:09 [INFO] NEW XRP-USD XRP Up or Down - March 22, 12:15PM-12:20PM ET yes=0.50 window=300s
2026-03-22 16:15:09 [INFO] NEW DOGE-USD Dogecoin Up or Down - March 22, 12:15PM-12:20PM ET yes=0.50 window=300s
2026-03-22 16:15:09 [INFO] NEW BNB-USD BNB Up or Down - March 22, 12:15PM-12:20PM ET yes=0.50 window=300s
2026-03-22 16:15:09 [INFO] NEW HYPE-USD Hyperliquid Up or Down - March 22, 12:15PM-12:20PM ET yes=0.50 window=300s
2026-03-22 16:15:09 [INFO] NEW BTC-USD Bitcoin Up or Down - March 22, 12:15PM-12:30PM ET yes=0.48 window=900s
2026-03-22 16:15:09 [INFO] NEW ETH-USD Ethereum Up or Down - March 22, 12:15PM-12:30PM ET yes=0.49 window=900s
2026-03-22 16:15:09 [INFO] NEW SOL-USD Solana Up or Down - March 22, 12:15PM-12:30PM ET yes=0.45 window=900s
2026-03-22 16:15:09 [INFO] NEW XRP-USD XRP Up or Down - March 22, 12:15PM-12:30PM ET yes=0.55 window=900s
2026-03-22 16:15:09 [INFO] NEW DOGE-USD Dogecoin Up or Down - March 22, 12:15PM-12:30PM ET yes=0.50 window=900s
2026-03-22 16:15:09 [INFO] NEW BNB-USD BNB Up or Down - March 22, 12:15PM-12:30PM ET yes=0.50 window=900s
2026-03-22 16:15:09 [INFO] NEW HYPE-USD Hyperliquid Up or Down - March 22, 12:15PM-12:30PM ET yes=0.50 window=900s
2026-03-22 16:15:28 [INFO] RESOLVED BTC-USD -> DOWN yes=0.50 Bitcoin Up or Down - March 22, 12:00PM-1
2026-03-22 16:15:28 [INFO] RESOLVED ETH-USD -> DOWN yes=0.50 Ethereum Up or Down - March 22, 12:00PM-
2026-03-22 16:15:28 [INFO] RESOLVED SOL-USD -> DOWN yes=0.50 Solana Up or Down - March 22, 12:00PM-12
2026-03-22 16:15:28 [INFO] RESOLVED XRP-USD -> DOWN yes=0.50 XRP Up or Down - March 22, 12:00PM-12:15
2026-03-22 16:15:28 [INFO] RESOLVED DOGE-USD -> DOWN yes=0.50 Dogecoin Up or Down - March 22, 12:00PM-
2026-03-22 16:15:28 [INFO] RESOLVED BNB-USD -> DOWN yes=0.50 BNB Up or Down - March 22, 12:00PM-12:15
2026-03-22 16:15:28 [INFO] RESOLVED HYPE-USD -> DOWN yes=0.50 Hyperliquid Up or Down - March 22, 12:00
2026-03-22 16:15:28 [INFO] RESOLVED BTC-USD -> DOWN yes=0.50 Bitcoin Up or Down - March 22, 12:10PM-1
2026-03-22 16:15:28 [INFO] RESOLVED ETH-USD -> DOWN yes=0.50 Ethereum Up or Down - March 22, 12:10PM-
2026-03-22 16:15:28 [INFO] RESOLVED SOL-USD -> DOWN yes=0.50 Solana Up or Down - March 22, 12:10PM-12
2026-03-22 16:15:28 [INFO] RESOLVED XRP-USD -> DOWN yes=0.50 XRP Up or Down - March 22, 12:10PM-12:15
2026-03-22 16:15:28 [INFO] RESOLVED DOGE-USD -> DOWN yes=0.50 Dogecoin Up or Down - March 22, 12:10PM-
2026-03-22 16:15:28 [INFO] RESOLVED BNB-USD -> DOWN yes=0.50 BNB Up or Down - March 22, 12:10PM-12:15
2026-03-22 16:15:28 [INFO] RESOLVED HYPE-USD -> DOWN yes=0.50 Hyperliquid Up or Down - March 22, 12:10
2026-03-22 16:16:08 [INFO] Status: 14 active, 1036 disc, 41944 poly, 181869 price, 97917 flow, 65254 funding, 1022 resolved | DOGE-USD=$0 | SOL-USD=$87 | BTC-USD=$68740 | ETH-USD=$2080 | BNB-USD=$630 | XRP-USD=$1 | BTC-USD fr=-0.000066 | ETH-USD fr=-0.000072
2026-03-22 16:17:15 [INFO] Status: 14 active, 1036 disc, 42028 poly, 182249 price, 98125 flow, 65388 funding, 1022 resolved | DOGE-USD=$0 | SOL-USD=$88 | BTC-USD=$68814 | ETH-USD=$2083 | BNB-USD=$630 | XRP-USD=$1 | BTC-USD fr=-0.000066 | ETH-USD fr=-0.000072
2026-03-22 16:18:19 [INFO] Status: 14 active, 1036 disc, 42112 poly, 182599 price, 98310 flow, 65516 funding, 1022 resolved | DOGE-USD=$0 | SOL-USD=$88 | BTC-USD=$68806 | ETH-USD=$2083 | BNB-USD=$630 | XRP-USD=$1 | BTC-USD fr=-0.000066 | ETH-USD fr=-0.000072
2026-03-22 16:19:24 [INFO] Status: 14 active, 1036 disc, 42196 poly, 182946 price, 98492 flow, 65646 funding, 1022 resolved | DOGE-USD=$0 | SOL-USD=$87 | BTC-USD=$68799 | ETH-USD=$2083 | BNB-USD=$630 | XRP-USD=$1 | BTC-USD fr=-0.000065 | ETH-USD fr=-0.000071
2026-03-22 16:20:13 [INFO] NEW BTC-USD Bitcoin Up or Down - March 22, 12:20PM-12:25PM ET yes=0.51 window=300s
2026-03-22 16:20:13 [INFO] NEW ETH-USD Ethereum Up or Down - March 22, 12:20PM-12:25PM ET yes=0.47 window=300s
2026-03-22 16:20:13 [INFO] NEW SOL-USD Solana Up or Down - March 22, 12:20PM-12:25PM ET yes=0.47 window=300s
2026-03-22 16:20:13 [INFO] NEW XRP-USD XRP Up or Down - March 22, 12:20PM-12:25PM ET yes=0.46 window=300s
2026-03-22 16:20:13 [INFO] NEW DOGE-USD Dogecoin Up or Down - March 22, 12:20PM-12:25PM ET yes=0.50 window=300s
2026-03-22 16:20:13 [INFO] NEW BNB-USD BNB Up or Down - March 22, 12:20PM-12:25PM ET yes=0.50 window=300s
2026-03-22 16:20:13 [INFO] NEW HYPE-USD Hyperliquid Up or Down - March 22, 12:20PM-12:25PM ET yes=0.50 window=300s
2026-03-22 16:20:13 [INFO] RESOLVED BTC-USD -> DOWN yes=0.50 Bitcoin Up or Down - March 22, 12:15PM-1
2026-03-22 16:20:13 [INFO] RESOLVED ETH-USD -> DOWN yes=0.50 Ethereum Up or Down - March 22, 12:15PM-
2026-03-22 16:20:13 [INFO] RESOLVED SOL-USD -> DOWN yes=0.50 Solana Up or Down - March 22, 12:15PM-12
2026-03-22 16:20:13 [INFO] RESOLVED XRP-USD -> DOWN yes=0.50 XRP Up or Down - March 22, 12:15PM-12:20
2026-03-22 16:20:13 [INFO] RESOLVED DOGE-USD -> DOWN yes=0.50 Dogecoin Up or Down - March 22, 12:15PM-
2026-03-22 16:20:13 [INFO] RESOLVED BNB-USD -> DOWN yes=0.50 BNB Up or Down - March 22, 12:15PM-12:20
2026-03-22 16:20:13 [INFO] RESOLVED HYPE-USD -> DOWN yes=0.50 Hyperliquid Up or Down - March 22, 12:15
2026-03-22 16:20:33 [INFO] Status: 14 active, 1043 disc, 42280 poly, 183332 price, 98704 flow, 65784 funding, 1029 resolved | DOGE-USD=$0 | SOL-USD=$87 | BTC-USD=$68744 | ETH-USD=$2081 | BNB-USD=$630 | XRP-USD=$1 | BTC-USD fr=-0.000065 | ETH-USD fr=-0.000071
2026-03-22 16:21:37 [INFO] Status: 14 active, 1043 disc, 42364 poly, 183686 price, 98902 flow, 65912 funding, 1029 resolved | DOGE-USD=$0 | SOL-USD=$87 | BTC-USD=$68759 | ETH-USD=$2081 | BNB-USD=$630 | XRP-USD=$1 | BTC-USD fr=-0.000065 | ETH-USD fr=-0.000072
2026-03-22 16:22:41 [INFO] Status: 14 active, 1043 disc, 42448 poly, 184025 price, 99072 flow, 66040 funding, 1029 resolved | DOGE-USD=$0 | SOL-USD=$87 | BTC-USD=$68754 | ETH-USD=$2081 | BNB-USD=$630 | XRP-USD=$1 | BTC-USD fr=-0.000065 | ETH-USD fr=-0.000072
2026-03-22 16:23:44 [INFO] Status: 14 active, 1043 disc, 42532 poly, 184362 price, 99247 flow, 66166 funding, 1029 resolved | DOGE-USD=$0 | SOL-USD=$88 | BTC-USD=$68755 | ETH-USD=$2082 | BNB-USD=$630 | XRP-USD=$1 | BTC-USD fr=-0.000065 | ETH-USD fr=-0.000071
2026-03-22 16:24:50 [INFO] Status: 14 active, 1043 disc, 42616 poly, 184720 price, 99447 flow, 66298 funding, 1029 resolved | DOGE-USD=$0 | SOL-USD=$87 | BTC-USD=$68740 | ETH-USD=$2081 | BNB-USD=$630 | XRP-USD=$1 | BTC-USD fr=-0.000065 | ETH-USD fr=-0.000071
2026-03-22 16:25:04 [INFO] NEW BTC-USD Bitcoin Up or Down - March 22, 12:25PM-12:30PM ET yes=0.51 window=300s
2026-03-22 16:25:04 [INFO] NEW ETH-USD Ethereum Up or Down - March 22, 12:25PM-12:30PM ET yes=0.52 window=300s
2026-03-22 16:25:04 [INFO] NEW SOL-USD Solana Up or Down - March 22, 12:25PM-12:30PM ET yes=0.51 window=300s
2026-03-22 16:25:04 [INFO] NEW XRP-USD XRP Up or Down - March 22, 12:25PM-12:30PM ET yes=0.50 window=300s
2026-03-22 16:25:04 [INFO] NEW DOGE-USD Dogecoin Up or Down - March 22, 12:25PM-12:30PM ET yes=0.50 window=300s
2026-03-22 16:25:04 [INFO] NEW BNB-USD BNB Up or Down - March 22, 12:25PM-12:30PM ET yes=0.50 window=300s
2026-03-22 16:25:04 [INFO] NEW HYPE-USD Hyperliquid Up or Down - March 22, 12:25PM-12:30PM ET yes=0.50 window=300s
2026-03-22 16:25:22 [INFO] RESOLVED BTC-USD -> DOWN yes=0.50 Bitcoin Up or Down - March 22, 12:20PM-1
2026-03-22 16:25:22 [INFO] RESOLVED ETH-USD -> DOWN yes=0.50 Ethereum Up or Down - March 22, 12:20PM-
2026-03-22 16:25:22 [INFO] RESOLVED SOL-USD -> DOWN yes=0.50 Solana Up or Down - March 22, 12:20PM-12
2026-03-22 16:25:22 [INFO] RESOLVED XRP-USD -> DOWN yes=0.50 XRP Up or Down - March 22, 12:20PM-12:25
2026-03-22 16:25:22 [INFO] RESOLVED DOGE-USD -> DOWN yes=0.50 Dogecoin Up or Down - March 22, 12:20PM-
2026-03-22 16:25:22 [INFO] RESOLVED BNB-USD -> DOWN yes=0.50 BNB Up or Down - March 22, 12:20PM-12:25
2026-03-22 16:25:22 [INFO] RESOLVED HYPE-USD -> DOWN yes=0.50 Hyperliquid Up or Down - March 22, 12:20
2026-03-22 16:25:58 [INFO] Status: 14 active, 1050 disc, 42707 poly, 185093 price, 99645 flow, 66434 funding, 1036 resolved | DOGE-USD=$0 | SOL-USD=$87 | BTC-USD=$68731 | ETH-USD=$2080 | BNB-USD=$630 | XRP-USD=$1 | BTC-USD fr=-0.000065 | ETH-USD fr=-0.000071
2026-03-22 16:27:02 [INFO] Status: 14 active, 1050 disc, 42791 poly, 185428 price, 99818 flow, 66562 funding, 1036 resolved | DOGE-USD=$0 | SOL-USD=$87 | BTC-USD=$68704 | ETH-USD=$2079 | BNB-USD=$630 | XRP-USD=$1 | BTC-USD fr=-0.000065 | ETH-USD fr=-0.000072
2026-03-22 16:28:07 [INFO] Status: 14 active, 1050 disc, 42875 poly, 185771 price, 99968 flow, 66692 funding, 1036 resolved | DOGE-USD=$0 | SOL-USD=$87 | BTC-USD=$68710 | ETH-USD=$2079 | BNB-USD=$630 | XRP-USD=$1 | BTC-USD fr=-0.000065 | ETH-USD fr=-0.000071
2026-03-22 16:29:11 [INFO] Status: 14 active, 1050 disc, 42959 poly, 186107 price, 100127 flow, 66820 funding, 1036 resolved | DOGE-USD=$0 | SOL-USD=$87 | BTC-USD=$68720 | ETH-USD=$2079 | BNB-USD=$630 | XRP-USD=$1 | BTC-USD fr=-0.000065 | ETH-USD fr=-0.000071
2026-03-22 16:30:10 [INFO] NEW BTC-USD Bitcoin Up or Down - March 22, 12:30PM-12:35PM ET yes=0.51 window=300s
2026-03-22 16:30:10 [INFO] NEW ETH-USD Ethereum Up or Down - March 22, 12:30PM-12:35PM ET yes=0.50 window=300s
2026-03-22 16:30:10 [INFO] NEW SOL-USD Solana Up or Down - March 22, 12:30PM-12:35PM ET yes=0.52 window=300s
2026-03-22 16:30:10 [INFO] NEW XRP-USD XRP Up or Down - March 22, 12:30PM-12:35PM ET yes=0.51 window=300s
2026-03-22 16:30:10 [INFO] NEW DOGE-USD Dogecoin Up or Down - March 22, 12:30PM-12:35PM ET yes=0.50 window=300s
2026-03-22 16:30:10 [INFO] NEW BNB-USD BNB Up or Down - March 22, 12:30PM-12:35PM ET yes=0.50 window=300s
2026-03-22 16:30:10 [INFO] NEW HYPE-USD Hyperliquid Up or Down - March 22, 12:30PM-12:35PM ET yes=0.50 window=300s
2026-03-22 16:30:10 [INFO] NEW BTC-USD Bitcoin Up or Down - March 22, 12:30PM-12:45PM ET yes=0.55 window=900s
2026-03-22 16:30:10 [INFO] NEW ETH-USD Ethereum Up or Down - March 22, 12:30PM-12:45PM ET yes=0.55 window=900s
2026-03-22 16:30:10 [INFO] NEW SOL-USD Solana Up or Down - March 22, 12:30PM-12:45PM ET yes=0.49 window=900s
2026-03-22 16:30:10 [INFO] NEW XRP-USD XRP Up or Down - March 22, 12:30PM-12:45PM ET yes=0.51 window=900s
2026-03-22 16:30:10 [INFO] NEW DOGE-USD Dogecoin Up or Down - March 22, 12:30PM-12:45PM ET yes=0.50 window=900s
2026-03-22 16:30:10 [INFO] NEW BNB-USD BNB Up or Down - March 22, 12:30PM-12:45PM ET yes=0.50 window=900s
2026-03-22 16:30:10 [INFO] NEW HYPE-USD Hyperliquid Up or Down - March 22, 12:30PM-12:45PM ET yes=0.50 window=900s
2026-03-22 16:30:26 [INFO] Status: 28 active, 1064 disc, 43057 poly, 186516 price, 100334 flow, 66970 funding, 1036 resolved | DOGE-USD=$0 | SOL-USD=$87 | BTC-USD=$68675 | ETH-USD=$2079 | BNB-USD=$630 | XRP-USD=$1 | BTC-USD fr=-0.000065 | ETH-USD fr=-0.000071
2026-03-22 16:30:29 [INFO] RESOLVED BTC-USD -> DOWN yes=0.50 Bitcoin Up or Down - March 22, 12:15PM-1
2026-03-22 16:30:29 [INFO] RESOLVED ETH-USD -> DOWN yes=0.50 Ethereum Up or Down - March 22, 12:15PM-
2026-03-22 16:30:29 [INFO] RESOLVED SOL-USD -> DOWN yes=0.50 Solana Up or Down - March 22, 12:15PM-12
2026-03-22 16:30:29 [INFO] RESOLVED XRP-USD -> DOWN yes=0.50 XRP Up or Down - March 22, 12:15PM-12:30
2026-03-22 16:30:29 [INFO] RESOLVED DOGE-USD -> DOWN yes=0.50 Dogecoin Up or Down - March 22, 12:15PM-
2026-03-22 16:30:29 [INFO] RESOLVED BNB-USD -> DOWN yes=0.50 BNB Up or Down - March 22, 12:15PM-12:30
2026-03-22 16:30:29 [INFO] RESOLVED HYPE-USD -> DOWN yes=0.50 Hyperliquid Up or Down - March 22, 12:15
2026-03-22 16:30:29 [INFO] RESOLVED BTC-USD -> DOWN yes=0.50 Bitcoin Up or Down - March 22, 12:25PM-1
2026-03-22 16:30:29 [INFO] RESOLVED ETH-USD -> DOWN yes=0.50 Ethereum Up or Down - March 22, 12:25PM-
2026-03-22 16:30:29 [INFO] RESOLVED SOL-USD -> DOWN yes=0.50 Solana Up or Down - March 22, 12:25PM-12
2026-03-22 16:30:29 [INFO] RESOLVED XRP-USD -> DOWN yes=0.50 XRP Up or Down - March 22, 12:25PM-12:30
2026-03-22 16:30:29 [INFO] RESOLVED DOGE-USD -> DOWN yes=0.50 Dogecoin Up or Down - March 22, 12:25PM-
2026-03-22 16:30:29 [INFO] RESOLVED BNB-USD -> DOWN yes=0.50 BNB Up or Down - March 22, 12:25PM-12:30
2026-03-22 16:30:29 [INFO] RESOLVED HYPE-USD -> DOWN yes=0.50 Hyperliquid Up or Down - March 22, 12:25
2026-03-22 16:31:20 [INFO] Status: 14 active, 1064 disc, 43127 poly, 186815 price, 100484 flow, 67078 funding, 1050 resolved | DOGE-USD=$0 | SOL-USD=$87 | BTC-USD=$68689 | ETH-USD=$2080 | BNB-USD=$630 | XRP-USD=$1 | BTC-USD fr=-0.000065 | ETH-USD fr=-0.000071
2026-03-22 16:32:23 [INFO] Status: 14 active, 1064 disc, 43211 poly, 187157 price, 100649 flow, 67204 funding, 1050 resolved | DOGE-USD=$0 | SOL-USD=$87 | BTC-USD=$68720 | ETH-USD=$2080 | BNB-USD=$630 | XRP-USD=$1 | BTC-USD fr=-0.000065 | ETH-USD fr=-0.000070
2026-03-22 16:33:29 [INFO] Status: 14 active, 1064 disc, 43295 poly, 187518 price, 100826 flow, 67336 funding, 1050 resolved | DOGE-USD=$0 | SOL-USD=$87 | BTC-USD=$68730 | ETH-USD=$2081 | BNB-USD=$630 | XRP-USD=$1 | BTC-USD fr=-0.000065 | ETH-USD fr=-0.000070
2026-03-22 16:34:33 [INFO] Status: 14 active, 1064 disc, 43379 poly, 187869 price, 101008 flow, 67464 funding, 1050 resolved | DOGE-USD=$0 | SOL-USD=$87 | BTC-USD=$68739 | ETH-USD=$2081 | BNB-USD=$630 | XRP-USD=$1 | BTC-USD fr=-0.000065 | ETH-USD fr=-0.000070
2026-03-22 16:35:13 [INFO] NEW BTC-USD Bitcoin Up or Down - March 22, 12:35PM-12:40PM ET yes=0.52 window=300s
2026-03-22 16:35:13 [INFO] NEW ETH-USD Ethereum Up or Down - March 22, 12:35PM-12:40PM ET yes=0.51 window=300s
2026-03-22 16:35:13 [INFO] NEW SOL-USD Solana Up or Down - March 22, 12:35PM-12:40PM ET yes=0.56 window=300s
2026-03-22 16:35:13 [INFO] NEW XRP-USD XRP Up or Down - March 22, 12:35PM-12:40PM ET yes=0.52 window=300s
2026-03-22 16:35:13 [INFO] NEW DOGE-USD Dogecoin Up or Down - March 22, 12:35PM-12:40PM ET yes=0.50 window=300s
2026-03-22 16:35:13 [INFO] NEW BNB-USD BNB Up or Down - March 22, 12:35PM-12:40PM ET yes=0.50 window=300s
2026-03-22 16:35:13 [INFO] NEW HYPE-USD Hyperliquid Up or Down - March 22, 12:35PM-12:40PM ET yes=0.50 window=300s
2026-03-22 16:35:13 [INFO] RESOLVED BTC-USD -> DOWN yes=0.50 Bitcoin Up or Down - March 22, 12:30PM-1
2026-03-22 16:35:13 [INFO] RESOLVED ETH-USD -> DOWN yes=0.50 Ethereum Up or Down - March 22, 12:30PM-
2026-03-22 16:35:13 [INFO] RESOLVED SOL-USD -> DOWN yes=0.50 Solana Up or Down - March 22, 12:30PM-12
2026-03-22 16:35:13 [INFO] RESOLVED XRP-USD -> DOWN yes=0.50 XRP Up or Down - March 22, 12:30PM-12:35
2026-03-22 16:35:13 [INFO] RESOLVED DOGE-USD -> DOWN yes=0.50 Dogecoin Up or Down - March 22, 12:30PM-
2026-03-22 16:35:13 [INFO] RESOLVED BNB-USD -> DOWN yes=0.50 BNB Up or Down - March 22, 12:30PM-12:35
2026-03-22 16:35:13 [INFO] RESOLVED HYPE-USD -> DOWN yes=0.50 Hyperliquid Up or Down - March 22, 12:30
2026-03-22 16:35:43 [INFO] Status: 14 active, 1071 disc, 43463 poly, 188250 price, 101211 flow, 67604 funding, 1057 resolved | DOGE-USD=$0 | SOL-USD=$87 | BTC-USD=$68736 | ETH-USD=$2081 | BNB-USD=$630 | XRP-USD=$1 | BTC-USD fr=-0.000064 | ETH-USD fr=-0.000069
2026-03-22 16:36:48 [INFO] Status: 14 active, 1071 disc, 43547 poly, 188606 price, 101403 flow, 67734 funding, 1057 resolved | DOGE-USD=$0 | SOL-USD=$87 | BTC-USD=$68768 | ETH-USD=$2082 | BNB-USD=$630 | XRP-USD=$1 | BTC-USD fr=-0.000064 | ETH-USD fr=-0.000069
2026-03-22 16:37:54 [INFO] Status: 14 active, 1071 disc, 43631 poly, 188971 price, 101596 flow, 67866 funding, 1057 resolved | DOGE-USD=$0 | SOL-USD=$87 | BTC-USD=$68782 | ETH-USD=$2082 | BNB-USD=$630 | XRP-USD=$1 | BTC-USD fr=-0.000064 | ETH-USD fr=-0.000069
2026-03-22 16:39:00 [INFO] Status: 14 active, 1071 disc, 43715 poly, 189320 price, 101788 flow, 67998 funding, 1057 resolved | DOGE-USD=$0 | SOL-USD=$87 | BTC-USD=$68741 | ETH-USD=$2081 | BNB-USD=$630 | XRP-USD=$1 | BTC-USD fr=-0.000063 | ETH-USD fr=-0.000069
2026-03-22 16:40:07 [INFO] Status: 14 active, 1071 disc, 43799 poly, 189680 price, 101977 flow, 68132 funding, 1057 resolved | DOGE-USD=$0 | SOL-USD=$87 | BTC-USD=$68731 | ETH-USD=$2080 | BNB-USD=$630 | XRP-USD=$1 | BTC-USD fr=-0.000063 | ETH-USD fr=-0.000068
2026-03-22 16:40:11 [INFO] NEW BTC-USD Bitcoin Up or Down - March 22, 12:40PM-12:45PM ET yes=0.51 window=300s
2026-03-22 16:40:11 [INFO] NEW ETH-USD Ethereum Up or Down - March 22, 12:40PM-12:45PM ET yes=0.53 window=300s
2026-03-22 16:40:11 [INFO] NEW SOL-USD Solana Up or Down - March 22, 12:40PM-12:45PM ET yes=0.54 window=300s
2026-03-22 16:40:11 [INFO] NEW XRP-USD XRP Up or Down - March 22, 12:40PM-12:45PM ET yes=0.50 window=300s
2026-03-22 16:40:11 [INFO] NEW DOGE-USD Dogecoin Up or Down - March 22, 12:40PM-12:45PM ET yes=0.50 window=300s
2026-03-22 16:40:11 [INFO] NEW BNB-USD BNB Up or Down - March 22, 12:40PM-12:45PM ET yes=0.45 window=300s
2026-03-22 16:40:11 [INFO] NEW HYPE-USD Hyperliquid Up or Down - March 22, 12:40PM-12:45PM ET yes=0.50 window=300s
2026-03-22 16:40:30 [INFO] RESOLVED BTC-USD -> DOWN yes=0.50 Bitcoin Up or Down - March 22, 12:35PM-1
2026-03-22 16:40:30 [INFO] RESOLVED ETH-USD -> DOWN yes=0.50 Ethereum Up or Down - March 22, 12:35PM-
2026-03-22 16:40:30 [INFO] RESOLVED SOL-USD -> DOWN yes=0.50 Solana Up or Down - March 22, 12:35PM-12
2026-03-22 16:40:30 [INFO] RESOLVED XRP-USD -> DOWN yes=0.50 XRP Up or Down - March 22, 12:35PM-12:40
2026-03-22 16:40:30 [INFO] RESOLVED DOGE-USD -> DOWN yes=0.50 Dogecoin Up or Down - March 22, 12:35PM-
2026-03-22 16:40:30 [INFO] RESOLVED BNB-USD -> DOWN yes=0.50 BNB Up or Down - March 22, 12:35PM-12:40
2026-03-22 16:40:30 [INFO] RESOLVED HYPE-USD -> DOWN yes=0.50 Hyperliquid Up or Down - March 22, 12:35
2026-03-22 16:41:08 [INFO] Status: 14 active, 1078 disc, 43876 poly, 190009 price, 102153 flow, 68254 funding, 1064 resolved | DOGE-USD=$0 | SOL-USD=$87 | BTC-USD=$68731 | ETH-USD=$2080 | BNB-USD=$630 | XRP-USD=$1 | BTC-USD fr=-0.000063 | ETH-USD fr=-0.000068
2026-03-22 16:42:14 [INFO] Status: 14 active, 1078 disc, 43960 poly, 190365 price, 102347 flow, 68386 funding, 1064 resolved | DOGE-USD=$0 | SOL-USD=$87 | BTC-USD=$68693 | ETH-USD=$2078 | BNB-USD=$630 | XRP-USD=$1 | BTC-USD fr=-0.000064 | ETH-USD fr=-0.000069
2026-03-22 16:43:19 [INFO] Status: 14 active, 1078 disc, 44044 poly, 190736 price, 102543 flow, 68516 funding, 1064 resolved | DOGE-USD=$0 | SOL-USD=$87 | BTC-USD=$68715 | ETH-USD=$2080 | BNB-USD=$630 | XRP-USD=$1 | BTC-USD fr=-0.000064 | ETH-USD fr=-0.000069
2026-03-22 16:44:25 [INFO] Status: 14 active, 1078 disc, 44128 poly, 191087 price, 102731 flow, 68648 funding, 1064 resolved | DOGE-USD=$0 | SOL-USD=$87 | BTC-USD=$68733 | ETH-USD=$2080 | BNB-USD=$630 | XRP-USD=$1 | BTC-USD fr=-0.000063 | ETH-USD fr=-0.000069
2026-03-22 16:45:01 [INFO] NEW BTC-USD Bitcoin Up or Down - March 22, 12:45PM-1:00PM ET yes=0.54 window=900s
2026-03-22 16:45:01 [INFO] NEW ETH-USD Ethereum Up or Down - March 22, 12:45PM-1:00PM ET yes=0.51 window=900s
2026-03-22 16:45:01 [INFO] NEW SOL-USD Solana Up or Down - March 22, 12:45PM-1:00PM ET yes=0.56 window=900s
2026-03-22 16:45:01 [INFO] NEW XRP-USD XRP Up or Down - March 22, 12:45PM-1:00PM ET yes=0.51 window=900s
2026-03-22 16:45:01 [INFO] NEW DOGE-USD Dogecoin Up or Down - March 22, 12:45PM-1:00PM ET yes=0.50 window=900s
2026-03-22 16:45:01 [INFO] NEW BNB-USD BNB Up or Down - March 22, 12:45PM-1:00PM ET yes=0.50 window=900s
2026-03-22 16:45:01 [INFO] NEW HYPE-USD Hyperliquid Up or Down - March 22, 12:45PM-1:00PM ET yes=0.50 window=900s
2026-03-22 16:45:16 [INFO] NEW BTC-USD Bitcoin Up or Down - March 22, 12:45PM-12:50PM ET yes=0.49 window=300s
2026-03-22 16:45:16 [INFO] NEW ETH-USD Ethereum Up or Down - March 22, 12:45PM-12:50PM ET yes=0.50 window=300s
2026-03-22 16:45:16 [INFO] NEW SOL-USD Solana Up or Down - March 22, 12:45PM-12:50PM ET yes=0.53 window=300s
2026-03-22 16:45:16 [INFO] NEW XRP-USD XRP Up or Down - March 22, 12:45PM-12:50PM ET yes=0.49 window=300s
2026-03-22 16:45:16 [INFO] NEW DOGE-USD Dogecoin Up or Down - March 22, 12:45PM-12:50PM ET yes=0.50 window=300s
2026-03-22 16:45:16 [INFO] NEW BNB-USD BNB Up or Down - March 22, 12:45PM-12:50PM ET yes=0.50 window=300s
2026-03-22 16:45:16 [INFO] NEW HYPE-USD Hyperliquid Up or Down - March 22, 12:45PM-12:50PM ET yes=0.50 window=300s
2026-03-22 16:45:16 [INFO] RESOLVED BTC-USD -> DOWN yes=0.50 Bitcoin Up or Down - March 22, 12:30PM-1
2026-03-22 16:45:16 [INFO] RESOLVED ETH-USD -> DOWN yes=0.50 Ethereum Up or Down - March 22, 12:30PM-
2026-03-22 16:45:16 [INFO] RESOLVED SOL-USD -> DOWN yes=0.50 Solana Up or Down - March 22, 12:30PM-12
2026-03-22 16:45:16 [INFO] RESOLVED XRP-USD -> DOWN yes=0.50 XRP Up or Down - March 22, 12:30PM-12:45
2026-03-22 16:45:16 [INFO] RESOLVED DOGE-USD -> DOWN yes=0.50 Dogecoin Up or Down - March 22, 12:30PM-
2026-03-22 16:45:16 [INFO] RESOLVED BNB-USD -> DOWN yes=0.50 BNB Up or Down - March 22, 12:30PM-12:45
2026-03-22 16:45:16 [INFO] RESOLVED HYPE-USD -> DOWN yes=0.50 Hyperliquid Up or Down - March 22, 12:30
2026-03-22 16:45:16 [INFO] RESOLVED BTC-USD -> DOWN yes=0.50 Bitcoin Up or Down - March 22, 12:40PM-1
2026-03-22 16:45:16 [INFO] RESOLVED ETH-USD -> DOWN yes=0.50 Ethereum Up or Down - March 22, 12:40PM-
2026-03-22 16:45:16 [INFO] RESOLVED SOL-USD -> DOWN yes=0.50 Solana Up or Down - March 22, 12:40PM-12
2026-03-22 16:45:16 [INFO] RESOLVED XRP-USD -> DOWN yes=0.50 XRP Up or Down - March 22, 12:40PM-12:45
2026-03-22 16:45:16 [INFO] RESOLVED DOGE-USD -> DOWN yes=0.50 Dogecoin Up or Down - March 22, 12:40PM-
2026-03-22 16:45:16 [INFO] RESOLVED BNB-USD -> DOWN yes=0.50 BNB Up or Down - March 22, 12:40PM-12:45
2026-03-22 16:45:16 [INFO] RESOLVED HYPE-USD -> DOWN yes=0.50 Hyperliquid Up or Down - March 22, 12:40
2026-03-22 16:45:35 [INFO] Status: 14 active, 1092 disc, 44219 poly, 191461 price, 102927 flow, 68788 funding, 1078 resolved | DOGE-USD=$0 | SOL-USD=$87 | BTC-USD=$68736 | ETH-USD=$2081 | BNB-USD=$630 | XRP-USD=$1 | BTC-USD fr=-0.000063 | ETH-USD fr=-0.000069
2026-03-22 16:46:40 [INFO] Status: 14 active, 1092 disc, 44303 poly, 191803 price, 103107 flow, 68918 funding, 1078 resolved | DOGE-USD=$0 | SOL-USD=$87 | BTC-USD=$68736 | ETH-USD=$2080 | BNB-USD=$630 | XRP-USD=$1 | BTC-USD fr=-0.000062 | ETH-USD fr=-0.000069
2026-03-22 16:47:44 [INFO] Status: 14 active, 1092 disc, 44387 poly, 192169 price, 103316 flow, 69046 funding, 1078 resolved | DOGE-USD=$0 | SOL-USD=$87 | BTC-USD=$68789 | ETH-USD=$2082 | BNB-USD=$630 | XRP-USD=$1 | BTC-USD fr=-0.000062 | ETH-USD fr=-0.000069
2026-03-22 16:48:49 [INFO] Status: 14 active, 1092 disc, 44471 poly, 192522 price, 103513 flow, 69176 funding, 1078 resolved | DOGE-USD=$0 | SOL-USD=$87 | BTC-USD=$68790 | ETH-USD=$2082 | BNB-USD=$630 | XRP-USD=$1 | BTC-USD fr=-0.000061 | ETH-USD fr=-0.000069
2026-03-22 16:49:55 [INFO] Status: 14 active, 1092 disc, 44555 poly, 192873 price, 103680 flow, 69306 funding, 1078 resolved | DOGE-USD=$0 | SOL-USD=$87 | BTC-USD=$68808 | ETH-USD=$2082 | BNB-USD=$630 | XRP-USD=$1 | BTC-USD fr=-0.000060 | ETH-USD fr=-0.000069
2026-03-22 16:50:11 [INFO] NEW BTC-USD Bitcoin Up or Down - March 22, 12:50PM-12:55PM ET yes=0.49 window=300s
2026-03-22 16:50:11 [INFO] NEW ETH-USD Ethereum Up or Down - March 22, 12:50PM-12:55PM ET yes=0.49 window=300s
2026-03-22 16:50:11 [INFO] NEW SOL-USD Solana Up or Down - March 22, 12:50PM-12:55PM ET yes=0.49 window=300s
2026-03-22 16:50:11 [INFO] NEW XRP-USD XRP Up or Down - March 22, 12:50PM-12:55PM ET yes=0.50 window=300s
2026-03-22 16:50:11 [INFO] NEW DOGE-USD Dogecoin Up or Down - March 22, 12:50PM-12:55PM ET yes=0.50 window=300s
2026-03-22 16:50:11 [INFO] NEW BNB-USD BNB Up or Down - March 22, 12:50PM-12:55PM ET yes=0.50 window=300s
2026-03-22 16:50:11 [INFO] NEW HYPE-USD Hyperliquid Up or Down - March 22, 12:50PM-12:55PM ET yes=0.50 window=300s
2026-03-22 16:50:30 [INFO] RESOLVED BTC-USD -> DOWN yes=0.50 Bitcoin Up or Down - March 22, 12:45PM-1
2026-03-22 16:50:30 [INFO] RESOLVED ETH-USD -> DOWN yes=0.50 Ethereum Up or Down - March 22, 12:45PM-
2026-03-22 16:50:30 [INFO] RESOLVED SOL-USD -> DOWN yes=0.50 Solana Up or Down - March 22, 12:45PM-12
2026-03-22 16:50:30 [INFO] RESOLVED XRP-USD -> DOWN yes=0.50 XRP Up or Down - March 22, 12:45PM-12:50
2026-03-22 16:50:30 [INFO] RESOLVED DOGE-USD -> DOWN yes=0.50 Dogecoin Up or Down - March 22, 12:45PM-
2026-03-22 16:50:30 [INFO] RESOLVED BNB-USD -> DOWN yes=0.50 BNB Up or Down - March 22, 12:45PM-12:50
2026-03-22 16:50:30 [INFO] RESOLVED HYPE-USD -> DOWN yes=0.50 Hyperliquid Up or Down - March 22, 12:45
2026-03-22 16:50:56 [INFO] Status: 14 active, 1099 disc, 44632 poly, 193215 price, 103852 flow, 69430 funding, 1085 resolved | DOGE-USD=$0 | SOL-USD=$87 | BTC-USD=$68826 | ETH-USD=$2083 | BNB-USD=$630 | XRP-USD=$1 | BTC-USD fr=-0.000060 | ETH-USD fr=-0.000069
2026-03-22 16:52:02 [INFO] Status: 14 active, 1099 disc, 44716 poly, 193564 price, 104032 flow, 69562 funding, 1085 resolved | DOGE-USD=$0 | SOL-USD=$87 | BTC-USD=$68825 | ETH-USD=$2082 | BNB-USD=$630 | XRP-USD=$1 | BTC-USD fr=-0.000059 | ETH-USD fr=-0.000069
2026-03-22 16:53:09 [INFO] Status: 14 active, 1099 disc, 44800 poly, 193916 price, 104202 flow, 69694 funding, 1085 resolved | DOGE-USD=$0 | SOL-USD=$87 | BTC-USD=$68813 | ETH-USD=$2082 | BNB-USD=$630 | XRP-USD=$1 | BTC-USD fr=-0.000059 | ETH-USD fr=-0.000069
2026-03-22 16:54:13 [INFO] Status: 14 active, 1099 disc, 44884 poly, 194237 price, 104372 flow, 69824 funding, 1085 resolved | DOGE-USD=$0 | SOL-USD=$88 | BTC-USD=$68828 | ETH-USD=$2083 | BNB-USD=$630 | XRP-USD=$1 | BTC-USD fr=-0.000059 | ETH-USD fr=-0.000069
2026-03-22 16:55:11 [INFO] NEW BTC-USD Bitcoin Up or Down - March 22, 12:55PM-1:00PM ET yes=0.49 window=300s
2026-03-22 16:55:11 [INFO] NEW ETH-USD Ethereum Up or Down - March 22, 12:55PM-1:00PM ET yes=0.49 window=300s
2026-03-22 16:55:11 [INFO] NEW SOL-USD Solana Up or Down - March 22, 12:55PM-1:00PM ET yes=0.48 window=300s
2026-03-22 16:55:11 [INFO] NEW XRP-USD XRP Up or Down - March 22, 12:55PM-1:00PM ET yes=0.48 window=300s
2026-03-22 16:55:11 [INFO] NEW DOGE-USD Dogecoin Up or Down - March 22, 12:55PM-1:00PM ET yes=0.45 window=300s
2026-03-22 16:55:11 [INFO] NEW BNB-USD BNB Up or Down - March 22, 12:55PM-1:00PM ET yes=0.45 window=300s
2026-03-22 16:55:11 [INFO] NEW HYPE-USD Hyperliquid Up or Down - March 22, 12:55PM-1:00PM ET yes=0.50 window=300s
2026-03-22 16:55:22 [INFO] Status: 21 active, 1106 disc, 44975 poly, 194588 price, 104561 flow, 69962 funding, 1085 resolved | DOGE-USD=$0 | SOL-USD=$88 | BTC-USD=$68824 | ETH-USD=$2082 | BNB-USD=$630 | XRP-USD=$1 | BTC-USD fr=-0.000058 | ETH-USD fr=-0.000069
2026-03-22 16:55:29 [INFO] RESOLVED BTC-USD -> DOWN yes=0.50 Bitcoin Up or Down - March 22, 12:50PM-1
2026-03-22 16:55:29 [INFO] RESOLVED ETH-USD -> DOWN yes=0.50 Ethereum Up or Down - March 22, 12:50PM-
2026-03-22 16:55:29 [INFO] RESOLVED SOL-USD -> DOWN yes=0.50 Solana Up or Down - March 22, 12:50PM-12
2026-03-22 16:55:29 [INFO] RESOLVED XRP-USD -> DOWN yes=0.50 XRP Up or Down - March 22, 12:50PM-12:55
2026-03-22 16:55:29 [INFO] RESOLVED DOGE-USD -> DOWN yes=0.50 Dogecoin Up or Down - March 22, 12:50PM-
2026-03-22 16:55:29 [INFO] RESOLVED BNB-USD -> DOWN yes=0.50 BNB Up or Down - March 22, 12:50PM-12:55
2026-03-22 16:55:29 [INFO] RESOLVED HYPE-USD -> DOWN yes=0.50 Hyperliquid Up or Down - March 22, 12:50
2026-03-22 16:56:26 [INFO] Status: 14 active, 1106 disc, 45059 poly, 194912 price, 104729 flow, 70090 funding, 1092 resolved | DOGE-USD=$0 | SOL-USD=$87 | BTC-USD=$68824 | ETH-USD=$2083 | BNB-USD=$630 | XRP-USD=$1 | BTC-USD fr=-0.000058 | ETH-USD fr=-0.000069
2026-03-22 16:57:30 [INFO] Status: 14 active, 1106 disc, 45143 poly, 195236 price, 104896 flow, 70218 funding, 1092 resolved | DOGE-USD=$0 | SOL-USD=$88 | BTC-USD=$68824 | ETH-USD=$2083 | BNB-USD=$631 | XRP-USD=$1 | BTC-USD fr=-0.000058 | ETH-USD fr=-0.000069
2026-03-22 16:58:34 [INFO] Status: 14 active, 1106 disc, 45227 poly, 195587 price, 105094 flow, 70346 funding, 1092 resolved | DOGE-USD=$0 | SOL-USD=$88 | BTC-USD=$68836 | ETH-USD=$2083 | BNB-USD=$631 | XRP-USD=$1 | BTC-USD fr=-0.000058 | ETH-USD fr=-0.000069
2026-03-22 16:59:38 [INFO] Status: 14 active, 1106 disc, 45311 poly, 195935 price, 105268 flow, 70474 funding, 1092 resolved | DOGE-USD=$0 | SOL-USD=$88 | BTC-USD=$68813 | ETH-USD=$2082 | BNB-USD=$631 | XRP-USD=$1 | BTC-USD fr=-0.000057 | ETH-USD fr=-0.000069
2026-03-22 17:00:04 [INFO] NEW BTC-USD Bitcoin Up or Down - March 22, 1:00PM-1:05PM ET yes=0.48 window=300s
2026-03-22 17:00:04 [INFO] NEW ETH-USD Ethereum Up or Down - March 22, 1:00PM-1:05PM ET yes=0.48 window=300s
2026-03-22 17:00:04 [INFO] NEW SOL-USD Solana Up or Down - March 22, 1:00PM-1:05PM ET yes=0.48 window=300s
2026-03-22 17:00:04 [INFO] NEW XRP-USD XRP Up or Down - March 22, 1:00PM-1:05PM ET yes=0.48 window=300s
2026-03-22 17:00:04 [INFO] NEW DOGE-USD Dogecoin Up or Down - March 22, 1:00PM-1:05PM ET yes=0.45 window=300s
2026-03-22 17:00:04 [INFO] NEW BNB-USD BNB Up or Down - March 22, 1:00PM-1:05PM ET yes=0.45 window=300s
2026-03-22 17:00:04 [INFO] NEW HYPE-USD Hyperliquid Up or Down - March 22, 1:00PM-1:05PM ET yes=0.50 window=300s
2026-03-22 17:00:04 [INFO] NEW BTC-USD Bitcoin Up or Down - March 22, 1:00PM-1:15PM ET yes=0.47 window=900s
2026-03-22 17:00:04 [INFO] NEW ETH-USD Ethereum Up or Down - March 22, 1:00PM-1:15PM ET yes=0.46 window=900s
2026-03-22 17:00:04 [INFO] NEW SOL-USD Solana Up or Down - March 22, 1:00PM-1:15PM ET yes=0.47 window=900s
2026-03-22 17:00:04 [INFO] NEW XRP-USD XRP Up or Down - March 22, 1:00PM-1:15PM ET yes=0.49 window=900s
2026-03-22 17:00:04 [INFO] NEW DOGE-USD Dogecoin Up or Down - March 22, 1:00PM-1:15PM ET yes=0.50 window=900s
2026-03-22 17:00:04 [INFO] NEW BNB-USD BNB Up or Down - March 22, 1:00PM-1:15PM ET yes=0.50 window=900s
2026-03-22 17:00:04 [INFO] NEW HYPE-USD Hyperliquid Up or Down - March 22, 1:00PM-1:15PM ET yes=0.50 window=900s
2026-03-22 17:00:27 [INFO] RESOLVED BTC-USD -> DOWN yes=0.50 Bitcoin Up or Down - March 22, 12:45PM-1
2026-03-22 17:00:27 [INFO] RESOLVED ETH-USD -> DOWN yes=0.50 Ethereum Up or Down - March 22, 12:45PM-
2026-03-22 17:00:27 [INFO] RESOLVED SOL-USD -> DOWN yes=0.50 Solana Up or Down - March 22, 12:45PM-1:
2026-03-22 17:00:27 [INFO] RESOLVED XRP-USD -> DOWN yes=0.50 XRP Up or Down - March 22, 12:45PM-1:00P
2026-03-22 17:00:27 [INFO] RESOLVED DOGE-USD -> DOWN yes=0.50 Dogecoin Up or Down - March 22, 12:45PM-
2026-03-22 17:00:27 [INFO] RESOLVED BNB-USD -> DOWN yes=0.50 BNB Up or Down - March 22, 12:45PM-1:00P
2026-03-22 17:00:27 [INFO] RESOLVED HYPE-USD -> DOWN yes=0.50 Hyperliquid Up or Down - March 22, 12:45
2026-03-22 17:00:27 [INFO] RESOLVED BTC-USD -> DOWN yes=0.50 Bitcoin Up or Down - March 22, 12:55PM-1
2026-03-22 17:00:27 [INFO] RESOLVED ETH-USD -> DOWN yes=0.50 Ethereum Up or Down - March 22, 12:55PM-
2026-03-22 17:00:27 [INFO] RESOLVED SOL-USD -> DOWN yes=0.50 Solana Up or Down - March 22, 12:55PM-1:
2026-03-22 17:00:27 [INFO] RESOLVED XRP-USD -> DOWN yes=0.50 XRP Up or Down - March 22, 12:55PM-1:00P
2026-03-22 17:00:27 [INFO] RESOLVED DOGE-USD -> DOWN yes=0.50 Dogecoin Up or Down - March 22, 12:55PM-
2026-03-22 17:00:27 [INFO] RESOLVED BNB-USD -> DOWN yes=0.50 BNB Up or Down - March 22, 12:55PM-1:00P
2026-03-22 17:00:27 [INFO] RESOLVED HYPE-USD -> DOWN yes=0.50 Hyperliquid Up or Down - March 22, 12:55
2026-03-22 17:00:46 [INFO] Status: 14 active, 1120 disc, 45395 poly, 196311 price, 105481 flow, 70610 funding, 1106 resolved | DOGE-USD=$0 | SOL-USD=$87 | BTC-USD=$68783 | ETH-USD=$2081 | BNB-USD=$630 | XRP-USD=$1 | BTC-USD fr=-0.000058 | ETH-USD fr=-0.000069
2026-03-22 17:01:50 [INFO] Status: 14 active, 1120 disc, 45479 poly, 196671 price, 105695 flow, 70738 funding, 1106 resolved | DOGE-USD=$0 | SOL-USD=$87 | BTC-USD=$68762 | ETH-USD=$2081 | BNB-USD=$630 | XRP-USD=$1 | BTC-USD fr=-0.000058 | ETH-USD fr=-0.000069
2026-03-22 17:02:55 [INFO] Status: 14 active, 1120 disc, 45563 poly, 197034 price, 105910 flow, 70868 funding, 1106 resolved | DOGE-USD=$0 | SOL-USD=$87 | BTC-USD=$68805 | ETH-USD=$2082 | BNB-USD=$631 | XRP-USD=$1 | BTC-USD fr=-0.000058 | ETH-USD fr=-0.000069
2026-03-22 17:03:59 [INFO] Status: 14 active, 1120 disc, 45647 poly, 197373 price, 106087 flow, 70996 funding, 1106 resolved | DOGE-USD=$0 | SOL-USD=$87 | BTC-USD=$68807 | ETH-USD=$2082 | BNB-USD=$631 | XRP-USD=$1 | BTC-USD fr=-0.000057 | ETH-USD fr=-0.000069
2026-03-22 17:05:05 [INFO] Status: 14 active, 1120 disc, 45731 poly, 197721 price, 106286 flow, 71128 funding, 1106 resolved | DOGE-USD=$0 | SOL-USD=$87 | BTC-USD=$68817 | ETH-USD=$2082 | BNB-USD=$631 | XRP-USD=$1 | BTC-USD fr=-0.000056 | ETH-USD fr=-0.000068
2026-03-22 17:05:08 [INFO] NEW BTC-USD Bitcoin Up or Down - March 22, 1:05PM-1:10PM ET yes=0.51 window=300s
2026-03-22 17:05:08 [INFO] NEW ETH-USD Ethereum Up or Down - March 22, 1:05PM-1:10PM ET yes=0.48 window=300s
2026-03-22 17:05:08 [INFO] NEW SOL-USD Solana Up or Down - March 22, 1:05PM-1:10PM ET yes=0.47 window=300s
2026-03-22 17:05:08 [INFO] NEW XRP-USD XRP Up or Down - March 22, 1:05PM-1:10PM ET yes=0.46 window=300s
2026-03-22 17:05:08 [INFO] NEW DOGE-USD Dogecoin Up or Down - March 22, 1:05PM-1:10PM ET yes=0.50 window=300s
2026-03-22 17:05:08 [INFO] NEW BNB-USD BNB Up or Down - March 22, 1:05PM-1:10PM ET yes=0.45 window=300s
2026-03-22 17:05:08 [INFO] NEW HYPE-USD Hyperliquid Up or Down - March 22, 1:05PM-1:10PM ET yes=0.50 window=300s
2026-03-22 17:05:23 [INFO] RESOLVED BTC-USD -> DOWN yes=0.50 Bitcoin Up or Down - March 22, 1:00PM-1:
2026-03-22 17:05:23 [INFO] RESOLVED ETH-USD -> DOWN yes=0.50 Ethereum Up or Down - March 22, 1:00PM-1
2026-03-22 17:05:23 [INFO] RESOLVED SOL-USD -> DOWN yes=0.50 Solana Up or Down - March 22, 1:00PM-1:0
2026-03-22 17:05:23 [INFO] RESOLVED XRP-USD -> DOWN yes=0.50 XRP Up or Down - March 22, 1:00PM-1:05PM
2026-03-22 17:05:23 [INFO] RESOLVED DOGE-USD -> DOWN yes=0.50 Dogecoin Up or Down - March 22, 1:00PM-1
2026-03-22 17:05:23 [INFO] RESOLVED BNB-USD -> DOWN yes=0.50 BNB Up or Down - March 22, 1:00PM-1:05PM
2026-03-22 17:05:23 [INFO] RESOLVED HYPE-USD -> DOWN yes=0.50 Hyperliquid Up or Down - March 22, 1:00P
2026-03-22 17:06:13 [INFO] Status: 14 active, 1127 disc, 45822 poly, 198085 price, 106478 flow, 71264 funding, 1113 resolved | DOGE-USD=$0 | SOL-USD=$87 | BTC-USD=$68801 | ETH-USD=$2082 | BNB-USD=$631 | XRP-USD=$1 | BTC-USD fr=-0.000055 | ETH-USD fr=-0.000067
2026-03-22 17:07:18 [INFO] Status: 14 active, 1127 disc, 45906 poly, 198413 price, 106644 flow, 71394 funding, 1113 resolved | DOGE-USD=$0 | SOL-USD=$87 | BTC-USD=$68820 | ETH-USD=$2082 | BNB-USD=$631 | XRP-USD=$1 | BTC-USD fr=-0.000055 | ETH-USD fr=-0.000067
2026-03-22 17:08:23 [INFO] Status: 14 active, 1127 disc, 45990 poly, 198760 price, 106831 flow, 71522 funding, 1113 resolved | DOGE-USD=$0 | SOL-USD=$87 | BTC-USD=$68829 | ETH-USD=$2083 | BNB-USD=$631 | XRP-USD=$1 | BTC-USD fr=-0.000055 | ETH-USD fr=-0.000067
2026-03-22 17:09:28 [INFO] Status: 14 active, 1127 disc, 46074 poly, 199104 price, 107003 flow, 71654 funding, 1113 resolved | DOGE-USD=$0 | SOL-USD=$87 | BTC-USD=$68823 | ETH-USD=$2083 | BNB-USD=$631 | XRP-USD=$1 | BTC-USD fr=-0.000054 | ETH-USD fr=-0.000067
2026-03-22 17:10:05 [INFO] NEW BTC-USD Bitcoin Up or Down - March 22, 1:10PM-1:15PM ET yes=0.51 window=300s
2026-03-22 17:10:05 [INFO] NEW ETH-USD Ethereum Up or Down - March 22, 1:10PM-1:15PM ET yes=0.50 window=300s
2026-03-22 17:10:05 [INFO] NEW SOL-USD Solana Up or Down - March 22, 1:10PM-1:15PM ET yes=0.56 window=300s
2026-03-22 17:10:05 [INFO] NEW XRP-USD XRP Up or Down - March 22, 1:10PM-1:15PM ET yes=0.51 window=300s
2026-03-22 17:10:05 [INFO] NEW DOGE-USD Dogecoin Up or Down - March 22, 1:10PM-1:15PM ET yes=0.50 window=300s
2026-03-22 17:10:05 [INFO] NEW BNB-USD BNB Up or Down - March 22, 1:10PM-1:15PM ET yes=0.45 window=300s
2026-03-22 17:10:05 [INFO] NEW HYPE-USD Hyperliquid Up or Down - March 22, 1:10PM-1:15PM ET yes=0.50 window=300s
2026-03-22 17:10:25 [INFO] RESOLVED BTC-USD -> DOWN yes=0.50 Bitcoin Up or Down - March 22, 1:05PM-1:
2026-03-22 17:10:25 [INFO] RESOLVED ETH-USD -> DOWN yes=0.50 Ethereum Up or Down - March 22, 1:05PM-1
2026-03-22 17:10:25 [INFO] RESOLVED SOL-USD -> DOWN yes=0.50 Solana Up or Down - March 22, 1:05PM-1:1
2026-03-22 17:10:25 [INFO] RESOLVED XRP-USD -> DOWN yes=0.50 XRP Up or Down - March 22, 1:05PM-1:10PM
2026-03-22 17:10:25 [INFO] RESOLVED DOGE-USD -> DOWN yes=0.50 Dogecoin Up or Down - March 22, 1:05PM-1
2026-03-22 17:10:25 [INFO] RESOLVED BNB-USD -> DOWN yes=0.50 BNB Up or Down - March 22, 1:05PM-1:10PM
2026-03-22 17:10:25 [INFO] RESOLVED HYPE-USD -> DOWN yes=0.50 Hyperliquid Up or Down - March 22, 1:05P
2026-03-22 17:10:28 [INFO] Status: 14 active, 1134 disc, 46151 poly, 199419 price, 107167 flow, 71774 funding, 1120 resolved | DOGE-USD=$0 | SOL-USD=$87 | BTC-USD=$68829 | ETH-USD=$2083 | BNB-USD=$631 | XRP-USD=$1 | BTC-USD fr=-0.000053 | ETH-USD fr=-0.000067
2026-03-22 17:11:33 [INFO] Status: 14 active, 1134 disc, 46235 poly, 199760 price, 107347 flow, 71902 funding, 1120 resolved | DOGE-USD=$0 | SOL-USD=$87 | BTC-USD=$68813 | ETH-USD=$2082 | BNB-USD=$631 | XRP-USD=$1 | BTC-USD fr=-0.000053 | ETH-USD fr=-0.000067
2026-03-22 17:12:36 [INFO] Status: 14 active, 1134 disc, 46319 poly, 200092 price, 107512 flow, 72030 funding, 1120 resolved | DOGE-USD=$0 | SOL-USD=$87 | BTC-USD=$68829 | ETH-USD=$2083 | BNB-USD=$631 | XRP-USD=$1 | BTC-USD fr=-0.000053 | ETH-USD fr=-0.000067
2026-03-22 17:13:41 [INFO] Status: 14 active, 1134 disc, 46403 poly, 200439 price, 107678 flow, 72160 funding, 1120 resolved | DOGE-USD=$0 | SOL-USD=$87 | BTC-USD=$68823 | ETH-USD=$2083 | BNB-USD=$631 | XRP-USD=$1 | BTC-USD fr=-0.000052 | ETH-USD fr=-0.000068
2026-03-22 17:14:45 [INFO] Status: 14 active, 1134 disc, 46487 poly, 200765 price, 107849 flow, 72288 funding, 1120 resolved | DOGE-USD=$0 | SOL-USD=$88 | BTC-USD=$68820 | ETH-USD=$2083 | BNB-USD=$631 | XRP-USD=$1 | BTC-USD fr=-0.000052 | ETH-USD fr=-0.000068
2026-03-22 17:15:11 [INFO] NEW BTC-USD Bitcoin Up or Down - March 22, 1:15PM-1:20PM ET yes=0.49 window=300s
2026-03-22 17:15:11 [INFO] NEW ETH-USD Ethereum Up or Down - March 22, 1:15PM-1:20PM ET yes=0.47 window=300s
2026-03-22 17:15:11 [INFO] NEW SOL-USD Solana Up or Down - March 22, 1:15PM-1:20PM ET yes=0.49 window=300s
2026-03-22 17:15:11 [INFO] NEW XRP-USD XRP Up or Down - March 22, 1:15PM-1:20PM ET yes=0.47 window=300s
2026-03-22 17:15:11 [INFO] NEW DOGE-USD Dogecoin Up or Down - March 22, 1:15PM-1:20PM ET yes=0.50 window=300s
2026-03-22 17:15:11 [INFO] NEW BNB-USD BNB Up or Down - March 22, 1:15PM-1:20PM ET yes=0.45 window=300s
2026-03-22 17:15:11 [INFO] NEW HYPE-USD Hyperliquid Up or Down - March 22, 1:15PM-1:20PM ET yes=0.50 window=300s
2026-03-22 17:15:11 [INFO] NEW BTC-USD Bitcoin Up or Down - March 22, 1:15PM-1:30PM ET yes=0.47 window=900s
2026-03-22 17:15:11 [INFO] NEW ETH-USD Ethereum Up or Down - March 22, 1:15PM-1:30PM ET yes=0.47 window=900s
2026-03-22 17:15:11 [INFO] NEW SOL-USD Solana Up or Down - March 22, 1:15PM-1:30PM ET yes=0.50 window=900s
2026-03-22 17:15:11 [INFO] NEW XRP-USD XRP Up or Down - March 22, 1:15PM-1:30PM ET yes=0.49 window=900s
2026-03-22 17:15:11 [INFO] NEW DOGE-USD Dogecoin Up or Down - March 22, 1:15PM-1:30PM ET yes=0.50 window=900s
2026-03-22 17:15:11 [INFO] NEW BNB-USD BNB Up or Down - March 22, 1:15PM-1:30PM ET yes=0.41 window=900s
2026-03-22 17:15:11 [INFO] NEW HYPE-USD Hyperliquid Up or Down - March 22, 1:15PM-1:30PM ET yes=0.50 window=900s
2026-03-22 17:15:29 [INFO] RESOLVED BTC-USD -> DOWN yes=0.50 Bitcoin Up or Down - March 22, 1:00PM-1:
2026-03-22 17:15:29 [INFO] RESOLVED ETH-USD -> DOWN yes=0.50 Ethereum Up or Down - March 22, 1:00PM-1
2026-03-22 17:15:29 [INFO] RESOLVED SOL-USD -> DOWN yes=0.50 Solana Up or Down - March 22, 1:00PM-1:1
2026-03-22 17:15:29 [INFO] RESOLVED XRP-USD -> DOWN yes=0.50 XRP Up or Down - March 22, 1:00PM-1:15PM
2026-03-22 17:15:29 [INFO] RESOLVED DOGE-USD -> DOWN yes=0.50 Dogecoin Up or Down - March 22, 1:00PM-1
2026-03-22 17:15:29 [INFO] RESOLVED BNB-USD -> DOWN yes=0.50 BNB Up or Down - March 22, 1:00PM-1:15PM
2026-03-22 17:15:29 [INFO] RESOLVED HYPE-USD -> DOWN yes=0.50 Hyperliquid Up or Down - March 22, 1:00P
2026-03-22 17:15:29 [INFO] RESOLVED BTC-USD -> DOWN yes=0.50 Bitcoin Up or Down - March 22, 1:10PM-1:
2026-03-22 17:15:29 [INFO] RESOLVED ETH-USD -> DOWN yes=0.50 Ethereum Up or Down - March 22, 1:10PM-1
2026-03-22 17:15:29 [INFO] RESOLVED SOL-USD -> DOWN yes=0.50 Solana Up or Down - March 22, 1:10PM-1:1
2026-03-22 17:15:29 [INFO] RESOLVED XRP-USD -> DOWN yes=0.50 XRP Up or Down - March 22, 1:10PM-1:15PM
2026-03-22 17:15:29 [INFO] RESOLVED DOGE-USD -> DOWN yes=0.50 Dogecoin Up or Down - March 22, 1:10PM-1
2026-03-22 17:15:29 [INFO] RESOLVED BNB-USD -> DOWN yes=0.50 BNB Up or Down - March 22, 1:10PM-1:15PM
2026-03-22 17:15:29 [INFO] RESOLVED HYPE-USD -> DOWN yes=0.50 Hyperliquid Up or Down - March 22, 1:10P
2026-03-22 17:15:48 [INFO] Status: 14 active, 1148 disc, 46571 poly, 201087 price, 108019 flow, 72414 funding, 1134 resolved | DOGE-USD=$0 | SOL-USD=$88 | BTC-USD=$68828 | ETH-USD=$2083 | BNB-USD=$632 | XRP-USD=$1 | BTC-USD fr=-0.000052 | ETH-USD fr=-0.000068
2026-03-22 17:16:52 [INFO] Status: 14 active, 1148 disc, 46655 poly, 201426 price, 108205 flow, 72542 funding, 1134 resolved | DOGE-USD=$0 | SOL-USD=$88 | BTC-USD=$68830 | ETH-USD=$2083 | BNB-USD=$632 | XRP-USD=$1 | BTC-USD fr=-0.000052 | ETH-USD fr=-0.000067
2026-03-22 17:17:58 [INFO] Status: 14 active, 1148 disc, 46739 poly, 201791 price, 108412 flow, 72674 funding, 1134 resolved | DOGE-USD=$0 | SOL-USD=$87 | BTC-USD=$68792 | ETH-USD=$2081 | BNB-USD=$631 | XRP-USD=$1 | BTC-USD fr=-0.000052 | ETH-USD fr=-0.000067
2026-03-22 17:19:02 [INFO] Status: 14 active, 1148 disc, 46823 poly, 202145 price, 108603 flow, 72802 funding, 1134 resolved | DOGE-USD=$0 | SOL-USD=$87 | BTC-USD=$68788 | ETH-USD=$2082 | BNB-USD=$631 | XRP-USD=$1 | BTC-USD fr=-0.000052 | ETH-USD fr=-0.000068
2026-03-22 17:20:08 [INFO] Status: 14 active, 1148 disc, 46907 poly, 202480 price, 108794 flow, 72934 funding, 1134 resolved | DOGE-USD=$0 | SOL-USD=$88 | BTC-USD=$68815 | ETH-USD=$2083 | BNB-USD=$632 | XRP-USD=$1 | BTC-USD fr=-0.000052 | ETH-USD fr=-0.000068
2026-03-22 17:20:12 [INFO] NEW BTC-USD Bitcoin Up or Down - March 22, 1:20PM-1:25PM ET yes=0.49 window=300s
2026-03-22 17:20:12 [INFO] NEW ETH-USD Ethereum Up or Down - March 22, 1:20PM-1:25PM ET yes=0.47 window=300s
2026-03-22 17:20:12 [INFO] NEW SOL-USD Solana Up or Down - March 22, 1:20PM-1:25PM ET yes=0.50 window=300s
2026-03-22 17:20:12 [INFO] NEW XRP-USD XRP Up or Down - March 22, 1:20PM-1:25PM ET yes=0.48 window=300s
2026-03-22 17:20:12 [INFO] NEW DOGE-USD Dogecoin Up or Down - March 22, 1:20PM-1:25PM ET yes=0.50 window=300s
2026-03-22 17:20:12 [INFO] NEW BNB-USD BNB Up or Down - March 22, 1:20PM-1:25PM ET yes=0.45 window=300s
2026-03-22 17:20:12 [INFO] NEW HYPE-USD Hyperliquid Up or Down - March 22, 1:20PM-1:25PM ET yes=0.50 window=300s
2026-03-22 17:20:27 [INFO] RESOLVED BTC-USD -> DOWN yes=0.50 Bitcoin Up or Down - March 22, 1:15PM-1:
2026-03-22 17:20:27 [INFO] RESOLVED ETH-USD -> DOWN yes=0.50 Ethereum Up or Down - March 22, 1:15PM-1
2026-03-22 17:20:27 [INFO] RESOLVED SOL-USD -> DOWN yes=0.50 Solana Up or Down - March 22, 1:15PM-1:2
2026-03-22 17:20:27 [INFO] RESOLVED XRP-USD -> DOWN yes=0.50 XRP Up or Down - March 22, 1:15PM-1:20PM
2026-03-22 17:20:27 [INFO] RESOLVED DOGE-USD -> DOWN yes=0.50 Dogecoin Up or Down - March 22, 1:15PM-1
2026-03-22 17:20:27 [INFO] RESOLVED BNB-USD -> DOWN yes=0.50 BNB Up or Down - March 22, 1:15PM-1:20PM
2026-03-22 17:20:27 [INFO] RESOLVED HYPE-USD -> DOWN yes=0.50 Hyperliquid Up or Down - March 22, 1:15P
2026-03-22 17:21:17 [INFO] Status: 14 active, 1155 disc, 46998 poly, 202857 price, 109005 flow, 73072 funding, 1141 resolved | DOGE-USD=$0 | SOL-USD=$88 | BTC-USD=$68809 | ETH-USD=$2083 | BNB-USD=$632 | XRP-USD=$1 | BTC-USD fr=-0.000051 | ETH-USD fr=-0.000068
2026-03-22 17:22:21 [INFO] Status: 14 active, 1155 disc, 47082 poly, 203213 price, 109218 flow, 73200 funding, 1141 resolved | DOGE-USD=$0 | SOL-USD=$88 | BTC-USD=$68843 | ETH-USD=$2084 | BNB-USD=$632 | XRP-USD=$1 | BTC-USD fr=-0.000051 | ETH-USD fr=-0.000068
2026-03-22 17:23:26 [INFO] Status: 14 active, 1155 disc, 47166 poly, 203575 price, 109433 flow, 73330 funding, 1141 resolved | DOGE-USD=$0 | SOL-USD=$88 | BTC-USD=$68816 | ETH-USD=$2082 | BNB-USD=$632 | XRP-USD=$1 | BTC-USD fr=-0.000050 | ETH-USD fr=-0.000068
2026-03-22 17:24:30 [INFO] Status: 14 active, 1155 disc, 47250 poly, 203940 price, 109661 flow, 73458 funding, 1141 resolved | DOGE-USD=$0 | SOL-USD=$87 | BTC-USD=$68804 | ETH-USD=$2083 | BNB-USD=$632 | XRP-USD=$1 | BTC-USD fr=-0.000050 | ETH-USD fr=-0.000068
2026-03-22 17:25:07 [INFO] NEW BTC-USD Bitcoin Up or Down - March 22, 1:25PM-1:30PM ET yes=0.49 window=300s
2026-03-22 17:25:07 [INFO] NEW ETH-USD Ethereum Up or Down - March 22, 1:25PM-1:30PM ET yes=0.50 window=300s
2026-03-22 17:25:07 [INFO] NEW SOL-USD Solana Up or Down - March 22, 1:25PM-1:30PM ET yes=0.51 window=300s
2026-03-22 17:25:07 [INFO] NEW XRP-USD XRP Up or Down - March 22, 1:25PM-1:30PM ET yes=0.47 window=300s
2026-03-22 17:25:07 [INFO] NEW DOGE-USD Dogecoin Up or Down - March 22, 1:25PM-1:30PM ET yes=0.50 window=300s
2026-03-22 17:25:07 [INFO] NEW BNB-USD BNB Up or Down - March 22, 1:25PM-1:30PM ET yes=0.45 window=300s
2026-03-22 17:25:07 [INFO] NEW HYPE-USD Hyperliquid Up or Down - March 22, 1:25PM-1:30PM ET yes=0.50 window=300s
2026-03-22 17:25:26 [INFO] RESOLVED BTC-USD -> DOWN yes=0.50 Bitcoin Up or Down - March 22, 1:20PM-1:
2026-03-22 17:25:26 [INFO] RESOLVED ETH-USD -> DOWN yes=0.50 Ethereum Up or Down - March 22, 1:20PM-1
2026-03-22 17:25:26 [INFO] RESOLVED SOL-USD -> DOWN yes=0.50 Solana Up or Down - March 22, 1:20PM-1:2
2026-03-22 17:25:26 [INFO] RESOLVED XRP-USD -> DOWN yes=0.50 XRP Up or Down - March 22, 1:20PM-1:25PM
2026-03-22 17:25:26 [INFO] RESOLVED DOGE-USD -> DOWN yes=0.50 Dogecoin Up or Down - March 22, 1:20PM-1
2026-03-22 17:25:26 [INFO] RESOLVED BNB-USD -> DOWN yes=0.50 BNB Up or Down - March 22, 1:20PM-1:25PM
2026-03-22 17:25:26 [INFO] RESOLVED HYPE-USD -> DOWN yes=0.50 Hyperliquid Up or Down - March 22, 1:20P
2026-03-22 17:25:40 [INFO] Status: 14 active, 1162 disc, 47341 poly, 204332 price, 109909 flow, 73598 funding, 1148 resolved | DOGE-USD=$0 | SOL-USD=$87 | BTC-USD=$68762 | ETH-USD=$2081 | BNB-USD=$631 | XRP-USD=$1 | BTC-USD fr=-0.000050 | ETH-USD fr=-0.000068
2026-03-22 17:26:45 [INFO] Status: 14 active, 1162 disc, 47425 poly, 204687 price, 110122 flow, 73728 funding, 1148 resolved | DOGE-USD=$0 | SOL-USD=$87 | BTC-USD=$68798 | ETH-USD=$2082 | BNB-USD=$631 | XRP-USD=$1 | BTC-USD fr=-0.000051 | ETH-USD fr=-0.000068
2026-03-22 17:27:49 [INFO] Status: 14 active, 1162 disc, 47509 poly, 205030 price, 110331 flow, 73856 funding, 1148 resolved | DOGE-USD=$0 | SOL-USD=$87 | BTC-USD=$68825 | ETH-USD=$2084 | BNB-USD=$631 | XRP-USD=$1 | BTC-USD fr=-0.000051 | ETH-USD fr=-0.000068
2026-03-22 17:28:53 [INFO] Status: 14 active, 1162 disc, 47593 poly, 205386 price, 110535 flow, 73984 funding, 1148 resolved | DOGE-USD=$0 | SOL-USD=$87 | BTC-USD=$68820 | ETH-USD=$2083 | BNB-USD=$631 | XRP-USD=$1 | BTC-USD fr=-0.000051 | ETH-USD fr=-0.000067
2026-03-22 17:29:56 [INFO] Status: 14 active, 1162 disc, 47677 poly, 205728 price, 110732 flow, 74110 funding, 1148 resolved | DOGE-USD=$0 | SOL-USD=$87 | BTC-USD=$68810 | ETH-USD=$2082 | BNB-USD=$631 | XRP-USD=$1 | BTC-USD fr=-0.000051 | ETH-USD fr=-0.000067
2026-03-22 17:30:13 [INFO] NEW BTC-USD Bitcoin Up or Down - March 22, 1:30PM-1:35PM ET yes=0.51 window=300s
2026-03-22 17:30:13 [INFO] NEW ETH-USD Ethereum Up or Down - March 22, 1:30PM-1:35PM ET yes=0.51 window=300s
2026-03-22 17:30:13 [INFO] NEW SOL-USD Solana Up or Down - March 22, 1:30PM-1:35PM ET yes=0.50 window=300s
2026-03-22 17:30:13 [INFO] NEW XRP-USD XRP Up or Down - March 22, 1:30PM-1:35PM ET yes=0.50 window=300s
2026-03-22 17:30:13 [INFO] NEW DOGE-USD Dogecoin Up or Down - March 22, 1:30PM-1:35PM ET yes=0.50 window=300s
2026-03-22 17:30:13 [INFO] NEW BNB-USD BNB Up or Down - March 22, 1:30PM-1:35PM ET yes=0.50 window=300s
2026-03-22 17:30:13 [INFO] NEW HYPE-USD Hyperliquid Up or Down - March 22, 1:30PM-1:35PM ET yes=0.50 window=300s
2026-03-22 17:30:13 [INFO] NEW BTC-USD Bitcoin Up or Down - March 22, 1:30PM-1:45PM ET yes=0.52 window=900s
2026-03-22 17:30:13 [INFO] NEW ETH-USD Ethereum Up or Down - March 22, 1:30PM-1:45PM ET yes=0.49 window=900s
2026-03-22 17:30:13 [INFO] NEW SOL-USD Solana Up or Down - March 22, 1:30PM-1:45PM ET yes=0.53 window=900s
2026-03-22 17:30:13 [INFO] NEW XRP-USD XRP Up or Down - March 22, 1:30PM-1:45PM ET yes=0.51 window=900s
2026-03-22 17:30:13 [INFO] NEW DOGE-USD Dogecoin Up or Down - March 22, 1:30PM-1:45PM ET yes=0.50 window=900s
2026-03-22 17:30:13 [INFO] NEW BNB-USD BNB Up or Down - March 22, 1:30PM-1:45PM ET yes=0.42 window=900s
2026-03-22 17:30:13 [INFO] NEW HYPE-USD Hyperliquid Up or Down - March 22, 1:30PM-1:45PM ET yes=0.50 window=900s
2026-03-22 17:30:13 [INFO] RESOLVED BTC-USD -> DOWN yes=0.50 Bitcoin Up or Down - March 22, 1:15PM-1:
2026-03-22 17:30:13 [INFO] RESOLVED ETH-USD -> DOWN yes=0.50 Ethereum Up or Down - March 22, 1:15PM-1
2026-03-22 17:30:13 [INFO] RESOLVED SOL-USD -> DOWN yes=0.50 Solana Up or Down - March 22, 1:15PM-1:3
2026-03-22 17:30:13 [INFO] RESOLVED XRP-USD -> DOWN yes=0.50 XRP Up or Down - March 22, 1:15PM-1:30PM
2026-03-22 17:30:13 [INFO] RESOLVED DOGE-USD -> DOWN yes=0.50 Dogecoin Up or Down - March 22, 1:15PM-1
2026-03-22 17:30:13 [INFO] RESOLVED BNB-USD -> DOWN yes=0.50 BNB Up or Down - March 22, 1:15PM-1:30PM
2026-03-22 17:30:13 [INFO] RESOLVED HYPE-USD -> DOWN yes=0.50 Hyperliquid Up or Down - March 22, 1:15P
2026-03-22 17:30:13 [INFO] RESOLVED BTC-USD -> DOWN yes=0.50 Bitcoin Up or Down - March 22, 1:25PM-1:
2026-03-22 17:30:13 [INFO] RESOLVED ETH-USD -> DOWN yes=0.50 Ethereum Up or Down - March 22, 1:25PM-1
2026-03-22 17:30:13 [INFO] RESOLVED SOL-USD -> DOWN yes=0.50 Solana Up or Down - March 22, 1:25PM-1:3
2026-03-22 17:30:13 [INFO] RESOLVED XRP-USD -> DOWN yes=0.50 XRP Up or Down - March 22, 1:25PM-1:30PM
2026-03-22 17:30:13 [INFO] RESOLVED DOGE-USD -> DOWN yes=0.50 Dogecoin Up or Down - March 22, 1:25PM-1
2026-03-22 17:30:13 [INFO] RESOLVED BNB-USD -> DOWN yes=0.50 BNB Up or Down - March 22, 1:25PM-1:30PM
2026-03-22 17:30:13 [INFO] RESOLVED HYPE-USD -> DOWN yes=0.50 Hyperliquid Up or Down - March 22, 1:25P
2026-03-22 17:31:05 [INFO] Status: 14 active, 1176 disc, 47761 poly, 206102 price, 110965 flow, 74248 funding, 1162 resolved | DOGE-USD=$0 | SOL-USD=$87 | BTC-USD=$68767 | ETH-USD=$2081 | BNB-USD=$630 | XRP-USD=$1 | BTC-USD fr=-0.000050 | ETH-USD fr=-0.000066
2026-03-22 17:32:09 [INFO] Status: 14 active, 1176 disc, 47845 poly, 206452 price, 111163 flow, 74376 funding, 1162 resolved | DOGE-USD=$0 | SOL-USD=$87 | BTC-USD=$68800 | ETH-USD=$2083 | BNB-USD=$631 | XRP-USD=$1 | BTC-USD fr=-0.000050 | ETH-USD fr=-0.000066
2026-03-22 17:33:12 [INFO] Status: 14 active, 1176 disc, 47929 poly, 206787 price, 111363 flow, 74502 funding, 1162 resolved | DOGE-USD=$0 | SOL-USD=$87 | BTC-USD=$68818 | ETH-USD=$2083 | BNB-USD=$631 | XRP-USD=$1 | BTC-USD fr=-0.000050 | ETH-USD fr=-0.000066
2026-03-22 17:34:17 [INFO] Status: 14 active, 1176 disc, 48013 poly, 207132 price, 111560 flow, 74632 funding, 1162 resolved | DOGE-USD=$0 | SOL-USD=$87 | BTC-USD=$68806 | ETH-USD=$2083 | BNB-USD=$631 | XRP-USD=$1 | BTC-USD fr=-0.000049 | ETH-USD fr=-0.000065
2026-03-22 17:35:04 [INFO] NEW BTC-USD Bitcoin Up or Down - March 22, 1:35PM-1:40PM ET yes=0.48 window=300s
2026-03-22 17:35:04 [INFO] NEW ETH-USD Ethereum Up or Down - March 22, 1:35PM-1:40PM ET yes=0.52 window=300s
2026-03-22 17:35:04 [INFO] NEW SOL-USD Solana Up or Down - March 22, 1:35PM-1:40PM ET yes=0.55 window=300s
2026-03-22 17:35:04 [INFO] NEW XRP-USD XRP Up or Down - March 22, 1:35PM-1:40PM ET yes=0.50 window=300s
2026-03-22 17:35:04 [INFO] NEW DOGE-USD Dogecoin Up or Down - March 22, 1:35PM-1:40PM ET yes=0.50 window=300s
2026-03-22 17:35:04 [INFO] NEW BNB-USD BNB Up or Down - March 22, 1:35PM-1:40PM ET yes=0.50 window=300s
2026-03-22 17:35:04 [INFO] NEW HYPE-USD Hyperliquid Up or Down - March 22, 1:35PM-1:40PM ET yes=0.50 window=300s
2026-03-22 17:35:19 [INFO] RESOLVED BTC-USD -> DOWN yes=0.50 Bitcoin Up or Down - March 22, 1:30PM-1:
2026-03-22 17:35:19 [INFO] RESOLVED ETH-USD -> DOWN yes=0.50 Ethereum Up or Down - March 22, 1:30PM-1
2026-03-22 17:35:19 [INFO] RESOLVED SOL-USD -> DOWN yes=0.50 Solana Up or Down - March 22, 1:30PM-1:3
2026-03-22 17:35:19 [INFO] RESOLVED XRP-USD -> DOWN yes=0.50 XRP Up or Down - March 22, 1:30PM-1:35PM
2026-03-22 17:35:19 [INFO] RESOLVED DOGE-USD -> DOWN yes=0.50 Dogecoin Up or Down - March 22, 1:30PM-1
2026-03-22 17:35:19 [INFO] RESOLVED BNB-USD -> DOWN yes=0.50 BNB Up or Down - March 22, 1:30PM-1:35PM
2026-03-22 17:35:19 [INFO] RESOLVED HYPE-USD -> DOWN yes=0.50 Hyperliquid Up or Down - March 22, 1:30P
2026-03-22 17:35:27 [INFO] Status: 14 active, 1183 disc, 48104 poly, 207502 price, 111766 flow, 74772 funding, 1169 resolved | DOGE-USD=$0 | SOL-USD=$87 | BTC-USD=$68793 | ETH-USD=$2082 | BNB-USD=$631 | XRP-USD=$1 | BTC-USD fr=-0.000049 | ETH-USD fr=-0.000065
2026-03-22 17:36:31 [INFO] Status: 14 active, 1183 disc, 48188 poly, 207842 price, 111969 flow, 74900 funding, 1169 resolved | DOGE-USD=$0 | SOL-USD=$87 | BTC-USD=$68769 | ETH-USD=$2082 | BNB-USD=$631 | XRP-USD=$1 | BTC-USD fr=-0.000049 | ETH-USD fr=-0.000065
2026-03-22 17:37:35 [INFO] Status: 14 active, 1183 disc, 48272 poly, 208196 price, 112184 flow, 75026 funding, 1169 resolved | DOGE-USD=$0 | SOL-USD=$87 | BTC-USD=$68742 | ETH-USD=$2081 | BNB-USD=$631 | XRP-USD=$1 | BTC-USD fr=-0.000049 | ETH-USD fr=-0.000065
2026-03-22 17:38:39 [INFO] Status: 14 active, 1183 disc, 48356 poly, 208564 price, 112417 flow, 75156 funding, 1169 resolved | DOGE-USD=$0 | SOL-USD=$87 | BTC-USD=$68697 | ETH-USD=$2080 | BNB-USD=$631 | XRP-USD=$1 | BTC-USD fr=-0.000050 | ETH-USD fr=-0.000065
2026-03-22 17:39:45 [INFO] Status: 14 active, 1183 disc, 48440 poly, 208938 price, 112638 flow, 75288 funding, 1169 resolved | DOGE-USD=$0 | SOL-USD=$87 | BTC-USD=$68697 | ETH-USD=$2079 | BNB-USD=$631 | XRP-USD=$1 | BTC-USD fr=-0.000050 | ETH-USD fr=-0.000066
2026-03-22 17:40:12 [INFO] NEW BTC-USD Bitcoin Up or Down - March 22, 1:40PM-1:45PM ET yes=0.51 window=300s
2026-03-22 17:40:12 [INFO] NEW ETH-USD Ethereum Up or Down - March 22, 1:40PM-1:45PM ET yes=0.51 window=300s
2026-03-22 17:40:12 [INFO] NEW SOL-USD Solana Up or Down - March 22, 1:40PM-1:45PM ET yes=0.54 window=300s
2026-03-22 17:40:12 [INFO] NEW XRP-USD XRP Up or Down - March 22, 1:40PM-1:45PM ET yes=0.49 window=300s
2026-03-22 17:40:12 [INFO] NEW DOGE-USD Dogecoin Up or Down - March 22, 1:40PM-1:45PM ET yes=0.50 window=300s
2026-03-22 17:40:12 [INFO] NEW BNB-USD BNB Up or Down - March 22, 1:40PM-1:45PM ET yes=0.50 window=300s
2026-03-22 17:40:12 [INFO] NEW HYPE-USD Hyperliquid Up or Down - March 22, 1:40PM-1:45PM ET yes=0.50 window=300s
2026-03-22 17:40:31 [INFO] RESOLVED BTC-USD -> DOWN yes=0.50 Bitcoin Up or Down - March 22, 1:35PM-1:
2026-03-22 17:40:31 [INFO] RESOLVED ETH-USD -> DOWN yes=0.50 Ethereum Up or Down - March 22, 1:35PM-1
2026-03-22 17:40:31 [INFO] RESOLVED SOL-USD -> DOWN yes=0.50 Solana Up or Down - March 22, 1:35PM-1:4
2026-03-22 17:40:31 [INFO] RESOLVED XRP-USD -> DOWN yes=0.50 XRP Up or Down - March 22, 1:35PM-1:40PM
2026-03-22 17:40:31 [INFO] RESOLVED DOGE-USD -> DOWN yes=0.50 Dogecoin Up or Down - March 22, 1:35PM-1
2026-03-22 17:40:31 [INFO] RESOLVED BNB-USD -> DOWN yes=0.50 BNB Up or Down - March 22, 1:35PM-1:40PM
2026-03-22 17:40:31 [INFO] RESOLVED HYPE-USD -> DOWN yes=0.50 Hyperliquid Up or Down - March 22, 1:35P
2026-03-22 17:40:56 [INFO] Status: 14 active, 1190 disc, 48531 poly, 209338 price, 112875 flow, 75430 funding, 1176 resolved | DOGE-USD=$0 | SOL-USD=$87 | BTC-USD=$68676 | ETH-USD=$2078 | BNB-USD=$631 | XRP-USD=$1 | BTC-USD fr=-0.000050 | ETH-USD fr=-0.000066
2026-03-22 17:42:00 [INFO] Status: 14 active, 1190 disc, 48615 poly, 209693 price, 113072 flow, 75558 funding, 1176 resolved | DOGE-USD=$0 | SOL-USD=$87 | BTC-USD=$68687 | ETH-USD=$2079 | BNB-USD=$631 | XRP-USD=$1 | BTC-USD fr=-0.000050 | ETH-USD fr=-0.000066
2026-03-22 17:43:05 [INFO] Status: 14 active, 1190 disc, 48699 poly, 210039 price, 113248 flow, 75688 funding, 1176 resolved | DOGE-USD=$0 | SOL-USD=$87 | BTC-USD=$68708 | ETH-USD=$2079 | BNB-USD=$631 | XRP-USD=$1 | BTC-USD fr=-0.000050 | ETH-USD fr=-0.000067
2026-03-22 17:44:12 [INFO] Status: 14 active, 1190 disc, 48783 poly, 210389 price, 113415 flow, 75822 funding, 1176 resolved | DOGE-USD=$0 | SOL-USD=$87 | BTC-USD=$68708 | ETH-USD=$2079 | BNB-USD=$631 | XRP-USD=$1 | BTC-USD fr=-0.000049 | ETH-USD fr=-0.000066
2026-03-22 17:45:11 [INFO] NEW BTC-USD Bitcoin Up or Down - March 22, 1:45PM-1:50PM ET yes=0.52 window=300s
2026-03-22 17:45:11 [INFO] NEW ETH-USD Ethereum Up or Down - March 22, 1:45PM-1:50PM ET yes=0.53 window=300s
2026-03-22 17:45:11 [INFO] NEW SOL-USD Solana Up or Down - March 22, 1:45PM-1:50PM ET yes=0.54 window=300s
2026-03-22 17:45:11 [INFO] NEW XRP-USD XRP Up or Down - March 22, 1:45PM-1:50PM ET yes=0.54 window=300s
2026-03-22 17:45:11 [INFO] NEW DOGE-USD Dogecoin Up or Down - March 22, 1:45PM-1:50PM ET yes=0.50 window=300s
2026-03-22 17:45:11 [INFO] NEW BNB-USD BNB Up or Down - March 22, 1:45PM-1:50PM ET yes=0.50 window=300s
2026-03-22 17:45:11 [INFO] NEW HYPE-USD Hyperliquid Up or Down - March 22, 1:45PM-1:50PM ET yes=0.50 window=300s
2026-03-22 17:45:11 [INFO] NEW BTC-USD Bitcoin Up or Down - March 22, 1:45PM-2:00PM ET yes=0.54 window=900s
2026-03-22 17:45:11 [INFO] NEW ETH-USD Ethereum Up or Down - March 22, 1:45PM-2:00PM ET yes=0.55 window=900s
2026-03-22 17:45:11 [INFO] NEW SOL-USD Solana Up or Down - March 22, 1:45PM-2:00PM ET yes=0.56 window=900s
2026-03-22 17:45:11 [INFO] NEW XRP-USD XRP Up or Down - March 22, 1:45PM-2:00PM ET yes=0.54 window=900s
2026-03-22 17:45:11 [INFO] NEW DOGE-USD Dogecoin Up or Down - March 22, 1:45PM-2:00PM ET yes=0.50 window=900s
2026-03-22 17:45:11 [INFO] NEW BNB-USD BNB Up or Down - March 22, 1:45PM-2:00PM ET yes=0.50 window=900s
2026-03-22 17:45:11 [INFO] NEW HYPE-USD Hyperliquid Up or Down - March 22, 1:45PM-2:00PM ET yes=0.50 window=900s
2026-03-22 17:45:26 [INFO] Status: 28 active, 1204 disc, 48881 poly, 210779 price, 113617 flow, 75970 funding, 1176 resolved | DOGE-USD=$0 | SOL-USD=$87 | BTC-USD=$68688 | ETH-USD=$2079 | BNB-USD=$631 | XRP-USD=$1 | BTC-USD fr=-0.000049 | ETH-USD fr=-0.000066
2026-03-22 17:45:29 [INFO] RESOLVED BTC-USD -> DOWN yes=0.50 Bitcoin Up or Down - March 22, 1:30PM-1:
2026-03-22 17:45:29 [INFO] RESOLVED ETH-USD -> DOWN yes=0.50 Ethereum Up or Down - March 22, 1:30PM-1
2026-03-22 17:45:29 [INFO] RESOLVED SOL-USD -> DOWN yes=0.50 Solana Up or Down - March 22, 1:30PM-1:4
2026-03-22 17:45:29 [INFO] RESOLVED XRP-USD -> DOWN yes=0.50 XRP Up or Down - March 22, 1:30PM-1:45PM
2026-03-22 17:45:29 [INFO] RESOLVED DOGE-USD -> DOWN yes=0.50 Dogecoin Up or Down - March 22, 1:30PM-1
2026-03-22 17:45:29 [INFO] RESOLVED BNB-USD -> DOWN yes=0.50 BNB Up or Down - March 22, 1:30PM-1:45PM
2026-03-22 17:45:29 [INFO] RESOLVED HYPE-USD -> DOWN yes=0.50 Hyperliquid Up or Down - March 22, 1:30P
2026-03-22 17:45:29 [INFO] RESOLVED BTC-USD -> DOWN yes=0.50 Bitcoin Up or Down - March 22, 1:40PM-1:
2026-03-22 17:45:29 [INFO] RESOLVED ETH-USD -> DOWN yes=0.50 Ethereum Up or Down - March 22, 1:40PM-1
2026-03-22 17:45:29 [INFO] RESOLVED SOL-USD -> DOWN yes=0.50 Solana Up or Down - March 22, 1:40PM-1:4
2026-03-22 17:45:29 [INFO] RESOLVED XRP-USD -> DOWN yes=0.50 XRP Up or Down - March 22, 1:40PM-1:45PM
2026-03-22 17:45:29 [INFO] RESOLVED DOGE-USD -> DOWN yes=0.50 Dogecoin Up or Down - March 22, 1:40PM-1
2026-03-22 17:45:29 [INFO] RESOLVED BNB-USD -> DOWN yes=0.50 BNB Up or Down - March 22, 1:40PM-1:45PM
2026-03-22 17:45:29 [INFO] RESOLVED HYPE-USD -> DOWN yes=0.50 Hyperliquid Up or Down - March 22, 1:40P
2026-03-22 17:46:19 [INFO] Status: 14 active, 1204 disc, 48951 poly, 211057 price, 113781 flow, 76076 funding, 1190 resolved | DOGE-USD=$0 | SOL-USD=$87 | BTC-USD=$68714 | ETH-USD=$2080 | BNB-USD=$631 | XRP-USD=$1 | BTC-USD fr=-0.000049 | ETH-USD fr=-0.000066
2026-03-22 17:47:23 [INFO] Status: 14 active, 1204 disc, 49035 poly, 211404 price, 113983 flow, 76204 funding, 1190 resolved | DOGE-USD=$0 | SOL-USD=$87 | BTC-USD=$68689 | ETH-USD=$2079 | BNB-USD=$631 | XRP-USD=$1 | BTC-USD fr=-0.000049 | ETH-USD fr=-0.000066
2026-03-22 17:48:28 [INFO] Status: 14 active, 1204 disc, 49119 poly, 211735 price, 114151 flow, 76334 funding, 1190 resolved | DOGE-USD=$0 | SOL-USD=$87 | BTC-USD=$68697 | ETH-USD=$2079 | BNB-USD=$631 | XRP-USD=$1 | BTC-USD fr=-0.000048 | ETH-USD fr=-0.000065
2026-03-22 17:49:34 [INFO] Status: 14 active, 1204 disc, 49203 poly, 212089 price, 114340 flow, 76466 funding, 1190 resolved | DOGE-USD=$0 | SOL-USD=$87 | BTC-USD=$68682 | ETH-USD=$2079 | BNB-USD=$630 | XRP-USD=$1 | BTC-USD fr=-0.000049 | ETH-USD fr=-0.000066
2026-03-22 17:50:11 [INFO] NEW BTC-USD Bitcoin Up or Down - March 22, 1:50PM-1:55PM ET yes=0.54 window=300s
2026-03-22 17:50:11 [INFO] NEW ETH-USD Ethereum Up or Down - March 22, 1:50PM-1:55PM ET yes=0.55 window=300s
2026-03-22 17:50:11 [INFO] NEW SOL-USD Solana Up or Down - March 22, 1:50PM-1:55PM ET yes=0.54 window=300s
2026-03-22 17:50:11 [INFO] NEW XRP-USD XRP Up or Down - March 22, 1:50PM-1:55PM ET yes=0.49 window=300s
2026-03-22 17:50:11 [INFO] NEW DOGE-USD Dogecoin Up or Down - March 22, 1:50PM-1:55PM ET yes=0.50 window=300s
2026-03-22 17:50:11 [INFO] NEW BNB-USD BNB Up or Down - March 22, 1:50PM-1:55PM ET yes=0.50 window=300s
2026-03-22 17:50:11 [INFO] NEW HYPE-USD Hyperliquid Up or Down - March 22, 1:50PM-1:55PM ET yes=0.50 window=300s
2026-03-22 17:50:27 [INFO] RESOLVED BTC-USD -> DOWN yes=0.50 Bitcoin Up or Down - March 22, 1:45PM-1:
2026-03-22 17:50:27 [INFO] RESOLVED ETH-USD -> DOWN yes=0.50 Ethereum Up or Down - March 22, 1:45PM-1
2026-03-22 17:50:27 [INFO] RESOLVED SOL-USD -> DOWN yes=0.50 Solana Up or Down - March 22, 1:45PM-1:5
2026-03-22 17:50:27 [INFO] RESOLVED XRP-USD -> DOWN yes=0.50 XRP Up or Down - March 22, 1:45PM-1:50PM
2026-03-22 17:50:27 [INFO] RESOLVED DOGE-USD -> DOWN yes=0.50 Dogecoin Up or Down - March 22, 1:45PM-1
2026-03-22 17:50:27 [INFO] RESOLVED BNB-USD -> DOWN yes=0.50 BNB Up or Down - March 22, 1:45PM-1:50PM
2026-03-22 17:50:27 [INFO] RESOLVED HYPE-USD -> DOWN yes=0.50 Hyperliquid Up or Down - March 22, 1:45P
2026-03-22 17:50:34 [INFO] Status: 14 active, 1211 disc, 49280 poly, 212412 price, 114522 flow, 76586 funding, 1197 resolved | DOGE-USD=$0 | SOL-USD=$87 | BTC-USD=$68710 | ETH-USD=$2080 | BNB-USD=$631 | XRP-USD=$1 | BTC-USD fr=-0.000049 | ETH-USD fr=-0.000066
2026-03-22 17:51:38 [INFO] Status: 14 active, 1211 disc, 49364 poly, 212751 price, 114691 flow, 76714 funding, 1197 resolved | DOGE-USD=$0 | SOL-USD=$87 | BTC-USD=$68713 | ETH-USD=$2081 | BNB-USD=$631 | XRP-USD=$1 | BTC-USD fr=-0.000048 | ETH-USD fr=-0.000066
2026-03-22 17:52:42 [INFO] Status: 14 active, 1211 disc, 49448 poly, 213087 price, 114865 flow, 76842 funding, 1197 resolved | DOGE-USD=$0 | SOL-USD=$87 | BTC-USD=$68706 | ETH-USD=$2080 | BNB-USD=$631 | XRP-USD=$1 | BTC-USD fr=-0.000047 | ETH-USD fr=-0.000066
2026-03-22 17:53:45 [INFO] Status: 14 active, 1211 disc, 49532 poly, 213404 price, 115034 flow, 76968 funding, 1197 resolved | DOGE-USD=$0 | SOL-USD=$87 | BTC-USD=$68693 | ETH-USD=$2080 | BNB-USD=$631 | XRP-USD=$1 | BTC-USD fr=-0.000047 | ETH-USD fr=-0.000066
2026-03-22 17:54:49 [INFO] Status: 14 active, 1211 disc, 49616 poly, 213730 price, 115198 flow, 77096 funding, 1197 resolved | DOGE-USD=$0 | SOL-USD=$87 | BTC-USD=$68700 | ETH-USD=$2081 | BNB-USD=$631 | XRP-USD=$1 | BTC-USD fr=-0.000047 | ETH-USD fr=-0.000066
2026-03-22 17:55:04 [INFO] NEW BTC-USD Bitcoin Up or Down - March 22, 1:55PM-2:00PM ET yes=0.53 window=300s
2026-03-22 17:55:04 [INFO] NEW ETH-USD Ethereum Up or Down - March 22, 1:55PM-2:00PM ET yes=0.53 window=300s
2026-03-22 17:55:04 [INFO] NEW SOL-USD Solana Up or Down - March 22, 1:55PM-2:00PM ET yes=0.54 window=300s
2026-03-22 17:55:04 [INFO] NEW XRP-USD XRP Up or Down - March 22, 1:55PM-2:00PM ET yes=0.52 window=300s
2026-03-22 17:55:04 [INFO] NEW DOGE-USD Dogecoin Up or Down - March 22, 1:55PM-2:00PM ET yes=0.50 window=300s
2026-03-22 17:55:04 [INFO] NEW BNB-USD BNB Up or Down - March 22, 1:55PM-2:00PM ET yes=0.58 window=300s
2026-03-22 17:55:04 [INFO] NEW HYPE-USD Hyperliquid Up or Down - March 22, 1:55PM-2:00PM ET yes=0.50 window=300s
2026-03-22 17:55:22 [INFO] RESOLVED BTC-USD -> DOWN yes=0.50 Bitcoin Up or Down - March 22, 1:50PM-1:
2026-03-22 17:55:22 [INFO] RESOLVED ETH-USD -> DOWN yes=0.50 Ethereum Up or Down - March 22, 1:50PM-1
2026-03-22 17:55:22 [INFO] RESOLVED SOL-USD -> DOWN yes=0.50 Solana Up or Down - March 22, 1:50PM-1:5
2026-03-22 17:55:22 [INFO] RESOLVED XRP-USD -> DOWN yes=0.50 XRP Up or Down - March 22, 1:50PM-1:55PM
2026-03-22 17:55:22 [INFO] RESOLVED DOGE-USD -> DOWN yes=0.50 Dogecoin Up or Down - March 22, 1:50PM-1
2026-03-22 17:55:22 [INFO] RESOLVED BNB-USD -> DOWN yes=0.50 BNB Up or Down - March 22, 1:50PM-1:55PM
2026-03-22 17:55:22 [INFO] RESOLVED HYPE-USD -> DOWN yes=0.50 Hyperliquid Up or Down - March 22, 1:50P
2026-03-22 17:55:58 [INFO] Status: 14 active, 1218 disc, 49707 poly, 214086 price, 115380 flow, 77234 funding, 1204 resolved | DOGE-USD=$0 | SOL-USD=$87 | BTC-USD=$68717 | ETH-USD=$2081 | BNB-USD=$631 | XRP-USD=$1 | BTC-USD fr=-0.000047 | ETH-USD fr=-0.000066
2026-03-22 17:57:02 [INFO] Status: 14 active, 1218 disc, 49791 poly, 214410 price, 115538 flow, 77360 funding, 1204 resolved | DOGE-USD=$0 | SOL-USD=$87 | BTC-USD=$68729 | ETH-USD=$2081 | BNB-USD=$631 | XRP-USD=$1 | BTC-USD fr=-0.000046 | ETH-USD fr=-0.000065
2026-03-22 17:58:05 [INFO] Status: 14 active, 1218 disc, 49875 poly, 214732 price, 115699 flow, 77488 funding, 1204 resolved | DOGE-USD=$0 | SOL-USD=$87 | BTC-USD=$68725 | ETH-USD=$2081 | BNB-USD=$631 | XRP-USD=$1 | BTC-USD fr=-0.000045 | ETH-USD fr=-0.000065
2026-03-22 17:59:09 [INFO] Status: 14 active, 1218 disc, 49959 poly, 215040 price, 115862 flow, 77616 funding, 1204 resolved | DOGE-USD=$0 | SOL-USD=$87 | BTC-USD=$68717 | ETH-USD=$2081 | BNB-USD=$631 | XRP-USD=$1 | BTC-USD fr=-0.000045 | ETH-USD fr=-0.000064
2026-03-22 18:00:07 [INFO] NEW BTC-USD Bitcoin Up or Down - March 22, 2:00PM-2:05PM ET yes=0.52 window=300s
2026-03-22 18:00:07 [INFO] NEW ETH-USD Ethereum Up or Down - March 22, 2:00PM-2:05PM ET yes=0.48 window=300s
2026-03-22 18:00:07 [INFO] NEW SOL-USD Solana Up or Down - March 22, 2:00PM-2:05PM ET yes=0.51 window=300s
2026-03-22 18:00:07 [INFO] NEW XRP-USD XRP Up or Down - March 22, 2:00PM-2:05PM ET yes=0.50 window=300s
2026-03-22 18:00:07 [INFO] NEW DOGE-USD Dogecoin Up or Down - March 22, 2:00PM-2:05PM ET yes=0.50 window=300s
2026-03-22 18:00:07 [INFO] NEW BNB-USD BNB Up or Down - March 22, 2:00PM-2:05PM ET yes=0.50 window=300s
2026-03-22 18:00:07 [INFO] NEW HYPE-USD Hyperliquid Up or Down - March 22, 2:00PM-2:05PM ET yes=0.50 window=300s
2026-03-22 18:00:07 [INFO] NEW BTC-USD Bitcoin Up or Down - March 22, 2:00PM-2:15PM ET yes=0.53 window=900s
2026-03-22 18:00:07 [INFO] NEW ETH-USD Ethereum Up or Down - March 22, 2:00PM-2:15PM ET yes=0.48 window=900s
2026-03-22 18:00:07 [INFO] NEW SOL-USD Solana Up or Down - March 22, 2:00PM-2:15PM ET yes=0.56 window=900s
2026-03-22 18:00:07 [INFO] NEW XRP-USD XRP Up or Down - March 22, 2:00PM-2:15PM ET yes=0.51 window=900s
2026-03-22 18:00:07 [INFO] NEW DOGE-USD Dogecoin Up or Down - March 22, 2:00PM-2:15PM ET yes=0.50 window=900s
2026-03-22 18:00:07 [INFO] NEW BNB-USD BNB Up or Down - March 22, 2:00PM-2:15PM ET yes=0.50 window=900s
2026-03-22 18:00:07 [INFO] NEW HYPE-USD Hyperliquid Up or Down - March 22, 2:00PM-2:15PM ET yes=0.50 window=900s
2026-03-22 18:00:26 [INFO] Status: 28 active, 1232 disc, 50057 poly, 215457 price, 116098 flow, 77770 funding, 1204 resolved | DOGE-USD=$0 | SOL-USD=$87 | BTC-USD=$68640 | ETH-USD=$2078 | BNB-USD=$630 | XRP-USD=$1 | BTC-USD fr=-0.000045 | ETH-USD fr=-0.000064
2026-03-22 18:00:29 [INFO] RESOLVED BTC-USD -> DOWN yes=0.50 Bitcoin Up or Down - March 22, 1:45PM-2:
2026-03-22 18:00:29 [INFO] RESOLVED ETH-USD -> DOWN yes=0.50 Ethereum Up or Down - March 22, 1:45PM-2
2026-03-22 18:00:29 [INFO] RESOLVED SOL-USD -> DOWN yes=0.50 Solana Up or Down - March 22, 1:45PM-2:0
2026-03-22 18:00:29 [INFO] RESOLVED XRP-USD -> DOWN yes=0.50 XRP Up or Down - March 22, 1:45PM-2:00PM
2026-03-22 18:00:29 [INFO] RESOLVED DOGE-USD -> DOWN yes=0.50 Dogecoin Up or Down - March 22, 1:45PM-2
2026-03-22 18:00:29 [INFO] RESOLVED BNB-USD -> DOWN yes=0.50 BNB Up or Down - March 22, 1:45PM-2:00PM
2026-03-22 18:00:29 [INFO] RESOLVED HYPE-USD -> DOWN yes=0.50 Hyperliquid Up or Down - March 22, 1:45P
2026-03-22 18:00:29 [INFO] RESOLVED BTC-USD -> DOWN yes=0.50 Bitcoin Up or Down - March 22, 1:55PM-2:
2026-03-22 18:00:29 [INFO] RESOLVED ETH-USD -> DOWN yes=0.50 Ethereum Up or Down - March 22, 1:55PM-2
2026-03-22 18:00:29 [INFO] RESOLVED SOL-USD -> DOWN yes=0.50 Solana Up or Down - March 22, 1:55PM-2:0
2026-03-22 18:00:29 [INFO] RESOLVED XRP-USD -> DOWN yes=0.50 XRP Up or Down - March 22, 1:55PM-2:00PM
2026-03-22 18:00:29 [INFO] RESOLVED DOGE-USD -> DOWN yes=0.50 Dogecoin Up or Down - March 22, 1:55PM-2
2026-03-22 18:00:29 [INFO] RESOLVED BNB-USD -> DOWN yes=0.50 BNB Up or Down - March 22, 1:55PM-2:00PM
2026-03-22 18:00:29 [INFO] RESOLVED HYPE-USD -> DOWN yes=0.50 Hyperliquid Up or Down - March 22, 1:55P
2026-03-22 18:01:20 [INFO] Status: 14 active, 1232 disc, 50127 poly, 215774 price, 116280 flow, 77878 funding, 1218 resolved | DOGE-USD=$0 | SOL-USD=$87 | BTC-USD=$68619 | ETH-USD=$2077 | BNB-USD=$630 | XRP-USD=$1 | BTC-USD fr=-0.000045 | ETH-USD fr=-0.000064
2026-03-22 18:02:24 [INFO] Status: 14 active, 1232 disc, 50211 poly, 216141 price, 116483 flow, 78006 funding, 1218 resolved | DOGE-USD=$0 | SOL-USD=$87 | BTC-USD=$68603 | ETH-USD=$2076 | BNB-USD=$630 | XRP-USD=$1 | BTC-USD fr=-0.000045 | ETH-USD fr=-0.000065
2026-03-22 18:03:28 [INFO] Status: 14 active, 1232 disc, 50295 poly, 216495 price, 116663 flow, 78134 funding, 1218 resolved | DOGE-USD=$0 | SOL-USD=$87 | BTC-USD=$68630 | ETH-USD=$2077 | BNB-USD=$630 | XRP-USD=$1 | BTC-USD fr=-0.000044 | ETH-USD fr=-0.000065
2026-03-22 18:04:31 [INFO] Status: 14 active, 1232 disc, 50379 poly, 216838 price, 116838 flow, 78260 funding, 1218 resolved | DOGE-USD=$0 | SOL-USD=$87 | BTC-USD=$68634 | ETH-USD=$2077 | BNB-USD=$630 | XRP-USD=$1 | BTC-USD fr=-0.000044 | ETH-USD fr=-0.000065
2026-03-22 18:05:07 [INFO] NEW BTC-USD Bitcoin Up or Down - March 22, 2:05PM-2:10PM ET yes=0.53 window=300s
2026-03-22 18:05:07 [INFO] NEW ETH-USD Ethereum Up or Down - March 22, 2:05PM-2:10PM ET yes=0.52 window=300s
2026-03-22 18:05:07 [INFO] NEW SOL-USD Solana Up or Down - March 22, 2:05PM-2:10PM ET yes=0.55 window=300s
2026-03-22 18:05:07 [INFO] NEW XRP-USD XRP Up or Down - March 22, 2:05PM-2:10PM ET yes=0.49 window=300s
2026-03-22 18:05:07 [INFO] NEW DOGE-USD Dogecoin Up or Down - March 22, 2:05PM-2:10PM ET yes=0.50 window=300s
2026-03-22 18:05:07 [INFO] NEW BNB-USD BNB Up or Down - March 22, 2:05PM-2:10PM ET yes=0.50 window=300s
2026-03-22 18:05:07 [INFO] NEW HYPE-USD Hyperliquid Up or Down - March 22, 2:05PM-2:10PM ET yes=0.50 window=300s
2026-03-22 18:05:21 [INFO] RESOLVED BTC-USD -> DOWN yes=0.50 Bitcoin Up or Down - March 22, 2:00PM-2:
2026-03-22 18:05:21 [INFO] RESOLVED ETH-USD -> DOWN yes=0.50 Ethereum Up or Down - March 22, 2:00PM-2
2026-03-22 18:05:21 [INFO] RESOLVED SOL-USD -> DOWN yes=0.50 Solana Up or Down - March 22, 2:00PM-2:0
2026-03-22 18:05:21 [INFO] RESOLVED XRP-USD -> DOWN yes=0.50 XRP Up or Down - March 22, 2:00PM-2:05PM
2026-03-22 18:05:21 [INFO] RESOLVED DOGE-USD -> DOWN yes=0.50 Dogecoin Up or Down - March 22, 2:00PM-2
2026-03-22 18:05:21 [INFO] RESOLVED BNB-USD -> DOWN yes=0.50 BNB Up or Down - March 22, 2:00PM-2:05PM
2026-03-22 18:05:21 [INFO] RESOLVED HYPE-USD -> DOWN yes=0.50 Hyperliquid Up or Down - March 22, 2:00P
2026-03-22 18:05:39 [INFO] Status: 14 active, 1239 disc, 50470 poly, 217198 price, 117028 flow, 78396 funding, 1225 resolved | DOGE-USD=$0 | SOL-USD=$87 | BTC-USD=$68641 | ETH-USD=$2077 | BNB-USD=$630 | XRP-USD=$1 | BTC-USD fr=-0.000044 | ETH-USD fr=-0.000065
2026-03-22 18:06:43 [INFO] Status: 14 active, 1239 disc, 50554 poly, 217545 price, 117212 flow, 78524 funding, 1225 resolved | DOGE-USD=$0 | SOL-USD=$87 | BTC-USD=$68667 | ETH-USD=$2078 | BNB-USD=$630 | XRP-USD=$1 | BTC-USD fr=-0.000044 | ETH-USD fr=-0.000065
2026-03-22 18:07:46 [INFO] Status: 14 active, 1239 disc, 50638 poly, 217889 price, 117405 flow, 78650 funding, 1225 resolved | DOGE-USD=$0 | SOL-USD=$87 | BTC-USD=$68686 | ETH-USD=$2079 | BNB-USD=$630 | XRP-USD=$1 | BTC-USD fr=-0.000043 | ETH-USD fr=-0.000064
2026-03-22 18:08:50 [INFO] Status: 14 active, 1239 disc, 50722 poly, 218224 price, 117577 flow, 78778 funding, 1225 resolved | DOGE-USD=$0 | SOL-USD=$87 | BTC-USD=$68683 | ETH-USD=$2079 | BNB-USD=$630 | XRP-USD=$1 | BTC-USD fr=-0.000043 | ETH-USD fr=-0.000064
2026-03-22 18:09:55 [INFO] Status: 14 active, 1239 disc, 50806 poly, 218555 price, 117759 flow, 78908 funding, 1225 resolved | DOGE-USD=$0 | SOL-USD=$87 | BTC-USD=$68700 | ETH-USD=$2080 | BNB-USD=$630 | XRP-USD=$1 | BTC-USD fr=-0.000042 | ETH-USD fr=-0.000063
2026-03-22 18:10:11 [INFO] NEW BTC-USD Bitcoin Up or Down - March 22, 2:10PM-2:15PM ET yes=0.53 window=300s
2026-03-22 18:10:11 [INFO] NEW ETH-USD Ethereum Up or Down - March 22, 2:10PM-2:15PM ET yes=0.55 window=300s
2026-03-22 18:10:11 [INFO] NEW SOL-USD Solana Up or Down - March 22, 2:10PM-2:15PM ET yes=0.54 window=300s
2026-03-22 18:10:11 [INFO] NEW XRP-USD XRP Up or Down - March 22, 2:10PM-2:15PM ET yes=0.55 window=300s
2026-03-22 18:10:11 [INFO] NEW DOGE-USD Dogecoin Up or Down - March 22, 2:10PM-2:15PM ET yes=0.50 window=300s
2026-03-22 18:10:11 [INFO] NEW BNB-USD BNB Up or Down - March 22, 2:10PM-2:15PM ET yes=0.50 window=300s
2026-03-22 18:10:11 [INFO] NEW HYPE-USD Hyperliquid Up or Down - March 22, 2:10PM-2:15PM ET yes=0.50 window=300s
2026-03-22 18:10:30 [INFO] RESOLVED BTC-USD -> DOWN yes=0.50 Bitcoin Up or Down - March 22, 2:05PM-2:
2026-03-22 18:10:30 [INFO] RESOLVED ETH-USD -> DOWN yes=0.50 Ethereum Up or Down - March 22, 2:05PM-2
2026-03-22 18:10:30 [INFO] RESOLVED SOL-USD -> DOWN yes=0.50 Solana Up or Down - March 22, 2:05PM-2:1
2026-03-22 18:10:30 [INFO] RESOLVED XRP-USD -> DOWN yes=0.50 XRP Up or Down - March 22, 2:05PM-2:10PM
2026-03-22 18:10:30 [INFO] RESOLVED DOGE-USD -> DOWN yes=0.50 Dogecoin Up or Down - March 22, 2:05PM-2
2026-03-22 18:10:30 [INFO] RESOLVED BNB-USD -> DOWN yes=0.50 BNB Up or Down - March 22, 2:05PM-2:10PM
2026-03-22 18:10:30 [INFO] RESOLVED HYPE-USD -> DOWN yes=0.50 Hyperliquid Up or Down - March 22, 2:05P
2026-03-22 18:10:56 [INFO] Status: 14 active, 1246 disc, 50883 poly, 218871 price, 117909 flow, 79030 funding, 1232 resolved | DOGE-USD=$0 | SOL-USD=$87 | BTC-USD=$68701 | ETH-USD=$2080 | BNB-USD=$630 | XRP-USD=$1 | BTC-USD fr=-0.000042 | ETH-USD fr=-0.000063
2026-03-22 18:12:00 [INFO] Status: 14 active, 1246 disc, 50967 poly, 219201 price, 118081 flow, 79158 funding, 1232 resolved | DOGE-USD=$0 | SOL-USD=$87 | BTC-USD=$68713 | ETH-USD=$2080 | BNB-USD=$630 | XRP-USD=$1 | BTC-USD fr=-0.000041 | ETH-USD fr=-0.000063
2026-03-22 18:13:05 [INFO] Status: 14 active, 1246 disc, 51051 poly, 219514 price, 118245 flow, 79288 funding, 1232 resolved | DOGE-USD=$0 | SOL-USD=$87 | BTC-USD=$68695 | ETH-USD=$2080 | BNB-USD=$630 | XRP-USD=$1 | BTC-USD fr=-0.000040 | ETH-USD fr=-0.000063
2026-03-22 18:14:09 [INFO] Status: 14 active, 1246 disc, 51135 poly, 219817 price, 118398 flow, 79416 funding, 1232 resolved | DOGE-USD=$0 | SOL-USD=$87 | BTC-USD=$68709 | ETH-USD=$2080 | BNB-USD=$631 | XRP-USD=$1 | BTC-USD fr=-0.000040 | ETH-USD fr=-0.000062
2026-03-22 18:15:06 [INFO] NEW BTC-USD Bitcoin Up or Down - March 22, 2:15PM-2:20PM ET yes=0.49 window=300s
2026-03-22 18:15:06 [INFO] NEW ETH-USD Ethereum Up or Down - March 22, 2:15PM-2:20PM ET yes=0.47 window=300s
2026-03-22 18:15:06 [INFO] NEW SOL-USD Solana Up or Down - March 22, 2:15PM-2:20PM ET yes=0.51 window=300s
2026-03-22 18:15:06 [INFO] NEW XRP-USD XRP Up or Down - March 22, 2:15PM-2:20PM ET yes=0.52 window=300s
2026-03-22 18:15:06 [INFO] NEW DOGE-USD Dogecoin Up or Down - March 22, 2:15PM-2:20PM ET yes=0.50 window=300s
2026-03-22 18:15:06 [INFO] NEW BNB-USD BNB Up or Down - March 22, 2:15PM-2:20PM ET yes=0.50 window=300s
2026-03-22 18:15:06 [INFO] NEW HYPE-USD Hyperliquid Up or Down - March 22, 2:15PM-2:20PM ET yes=0.50 window=300s
2026-03-22 18:15:06 [INFO] NEW BTC-USD Bitcoin Up or Down - March 22, 2:15PM-2:30PM ET yes=0.52 window=900s
2026-03-22 18:15:06 [INFO] NEW ETH-USD Ethereum Up or Down - March 22, 2:15PM-2:30PM ET yes=0.52 window=900s
2026-03-22 18:15:06 [INFO] NEW SOL-USD Solana Up or Down - March 22, 2:15PM-2:30PM ET yes=0.55 window=900s
2026-03-22 18:15:06 [INFO] NEW XRP-USD XRP Up or Down - March 22, 2:15PM-2:30PM ET yes=0.57 window=900s
2026-03-22 18:15:06 [INFO] NEW DOGE-USD Dogecoin Up or Down - March 22, 2:15PM-2:30PM ET yes=0.54 window=900s
2026-03-22 18:15:06 [INFO] NEW BNB-USD BNB Up or Down - March 22, 2:15PM-2:30PM ET yes=0.50 window=900s
2026-03-22 18:15:06 [INFO] NEW HYPE-USD Hyperliquid Up or Down - March 22, 2:15PM-2:30PM ET yes=0.50 window=900s
2026-03-22 18:15:21 [INFO] Status: 28 active, 1260 disc, 51233 poly, 220188 price, 118581 flow, 79560 funding, 1232 resolved | DOGE-USD=$0 | SOL-USD=$87 | BTC-USD=$68710 | ETH-USD=$2080 | BNB-USD=$631 | XRP-USD=$1 | BTC-USD fr=-0.000040 | ETH-USD fr=-0.000062
2026-03-22 18:15:24 [INFO] RESOLVED BTC-USD -> DOWN yes=0.50 Bitcoin Up or Down - March 22, 2:00PM-2:
2026-03-22 18:15:24 [INFO] RESOLVED ETH-USD -> DOWN yes=0.50 Ethereum Up or Down - March 22, 2:00PM-2
2026-03-22 18:15:24 [INFO] RESOLVED SOL-USD -> DOWN yes=0.50 Solana Up or Down - March 22, 2:00PM-2:1
2026-03-22 18:15:24 [INFO] RESOLVED XRP-USD -> DOWN yes=0.50 XRP Up or Down - March 22, 2:00PM-2:15PM
2026-03-22 18:15:24 [INFO] RESOLVED DOGE-USD -> DOWN yes=0.50 Dogecoin Up or Down - March 22, 2:00PM-2
2026-03-22 18:15:24 [INFO] RESOLVED BNB-USD -> DOWN yes=0.50 BNB Up or Down - March 22, 2:00PM-2:15PM
2026-03-22 18:15:24 [INFO] RESOLVED HYPE-USD -> DOWN yes=0.50 Hyperliquid Up or Down - March 22, 2:00P
2026-03-22 18:15:24 [INFO] RESOLVED BTC-USD -> DOWN yes=0.50 Bitcoin Up or Down - March 22, 2:10PM-2:
2026-03-22 18:15:24 [INFO] RESOLVED ETH-USD -> DOWN yes=0.50 Ethereum Up or Down - March 22, 2:10PM-2
2026-03-22 18:15:24 [INFO] RESOLVED SOL-USD -> DOWN yes=0.50 Solana Up or Down - March 22, 2:10PM-2:1
2026-03-22 18:15:24 [INFO] RESOLVED XRP-USD -> DOWN yes=0.50 XRP Up or Down - March 22, 2:10PM-2:15PM
2026-03-22 18:15:24 [INFO] RESOLVED DOGE-USD -> DOWN yes=0.50 Dogecoin Up or Down - March 22, 2:10PM-2
2026-03-22 18:15:24 [INFO] RESOLVED BNB-USD -> DOWN yes=0.50 BNB Up or Down - March 22, 2:10PM-2:15PM
2026-03-22 18:15:24 [INFO] RESOLVED HYPE-USD -> DOWN yes=0.50 Hyperliquid Up or Down - March 22, 2:10P
2026-03-22 18:16:14 [INFO] Status: 14 active, 1260 disc, 51303 poly, 220460 price, 118716 flow, 79666 funding, 1246 resolved | DOGE-USD=$0 | SOL-USD=$87 | BTC-USD=$68710 | ETH-USD=$2079 | BNB-USD=$631 | XRP-USD=$1 | BTC-USD fr=-0.000039 | ETH-USD fr=-0.000062
2026-03-22 18:17:18 [INFO] Status: 14 active, 1260 disc, 51387 poly, 220821 price, 118913 flow, 79794 funding, 1246 resolved | DOGE-USD=$0 | SOL-USD=$87 | BTC-USD=$68711 | ETH-USD=$2079 | BNB-USD=$631 | XRP-USD=$1 | BTC-USD fr=-0.000039 | ETH-USD fr=-0.000063
2026-03-22 18:18:22 [INFO] Status: 14 active, 1260 disc, 51471 poly, 221171 price, 119123 flow, 79922 funding, 1246 resolved | DOGE-USD=$0 | SOL-USD=$87 | BTC-USD=$68723 | ETH-USD=$2079 | BNB-USD=$631 | XRP-USD=$1 | BTC-USD fr=-0.000039 | ETH-USD fr=-0.000063
2026-03-22 18:19:27 [INFO] Status: 14 active, 1260 disc, 51555 poly, 221518 price, 119318 flow, 80052 funding, 1246 resolved | DOGE-USD=$0 | SOL-USD=$87 | BTC-USD=$68719 | ETH-USD=$2079 | BNB-USD=$630 | XRP-USD=$1 | BTC-USD fr=-0.000039 | ETH-USD fr=-0.000063
2026-03-22 18:20:03 [INFO] NEW BTC-USD Bitcoin Up or Down - March 22, 2:20PM-2:25PM ET yes=0.49 window=300s
2026-03-22 18:20:03 [INFO] NEW ETH-USD Ethereum Up or Down - March 22, 2:20PM-2:25PM ET yes=0.49 window=300s
2026-03-22 18:20:03 [INFO] NEW SOL-USD Solana Up or Down - March 22, 2:20PM-2:25PM ET yes=0.53 window=300s
2026-03-22 18:20:03 [INFO] NEW XRP-USD XRP Up or Down - March 22, 2:20PM-2:25PM ET yes=0.52 window=300s
2026-03-22 18:20:03 [INFO] NEW DOGE-USD Dogecoin Up or Down - March 22, 2:20PM-2:25PM ET yes=0.50 window=300s
2026-03-22 18:20:03 [INFO] NEW BNB-USD BNB Up or Down - March 22, 2:20PM-2:25PM ET yes=0.50 window=300s
2026-03-22 18:20:03 [INFO] NEW HYPE-USD Hyperliquid Up or Down - March 22, 2:20PM-2:25PM ET yes=0.50 window=300s
2026-03-22 18:20:19 [INFO] RESOLVED BTC-USD -> DOWN yes=0.50 Bitcoin Up or Down - March 22, 2:15PM-2:
2026-03-22 18:20:19 [INFO] RESOLVED ETH-USD -> DOWN yes=0.50 Ethereum Up or Down - March 22, 2:15PM-2
2026-03-22 18:20:19 [INFO] RESOLVED SOL-USD -> DOWN yes=0.50 Solana Up or Down - March 22, 2:15PM-2:2
2026-03-22 18:20:19 [INFO] RESOLVED XRP-USD -> DOWN yes=0.50 XRP Up or Down - March 22, 2:15PM-2:20PM
2026-03-22 18:20:19 [INFO] RESOLVED DOGE-USD -> DOWN yes=0.50 Dogecoin Up or Down - March 22, 2:15PM-2
2026-03-22 18:20:19 [INFO] RESOLVED BNB-USD -> DOWN yes=0.50 BNB Up or Down - March 22, 2:15PM-2:20PM
2026-03-22 18:20:19 [INFO] RESOLVED HYPE-USD -> DOWN yes=0.50 Hyperliquid Up or Down - March 22, 2:15P
2026-03-22 18:20:38 [INFO] Status: 14 active, 1267 disc, 51646 poly, 221901 price, 119518 flow, 80194 funding, 1253 resolved | DOGE-USD=$0 | SOL-USD=$87 | BTC-USD=$68723 | ETH-USD=$2080 | BNB-USD=$630 | XRP-USD=$1 | BTC-USD fr=-0.000039 | ETH-USD fr=-0.000062
2026-03-22 18:21:43 [INFO] Status: 14 active, 1267 disc, 51730 poly, 222230 price, 119685 flow, 80324 funding, 1253 resolved | DOGE-USD=$0 | SOL-USD=$87 | BTC-USD=$68700 | ETH-USD=$2078 | BNB-USD=$630 | XRP-USD=$1 | BTC-USD fr=-0.000039 | ETH-USD fr=-0.000062
2026-03-22 18:22:47 [INFO] Status: 14 active, 1267 disc, 51814 poly, 222569 price, 119866 flow, 80452 funding, 1253 resolved | DOGE-USD=$0 | SOL-USD=$87 | BTC-USD=$68671 | ETH-USD=$2077 | BNB-USD=$630 | XRP-USD=$1 | BTC-USD fr=-0.000039 | ETH-USD fr=-0.000062
2026-03-22 18:23:52 [INFO] Status: 14 active, 1267 disc, 51898 poly, 222894 price, 120024 flow, 80582 funding, 1253 resolved | DOGE-USD=$0 | SOL-USD=$87 | BTC-USD=$68691 | ETH-USD=$2078 | BNB-USD=$630 | XRP-USD=$1 | BTC-USD fr=-0.000039 | ETH-USD fr=-0.000063
2026-03-22 18:24:57 [INFO] Status: 14 active, 1267 disc, 51982 poly, 223238 price, 120199 flow, 80712 funding, 1253 resolved | DOGE-USD=$0 | SOL-USD=$87 | BTC-USD=$68681 | ETH-USD=$2078 | BNB-USD=$630 | XRP-USD=$1 | BTC-USD fr=-0.000040 | ETH-USD fr=-0.000064
2026-03-22 18:25:12 [INFO] NEW BTC-USD Bitcoin Up or Down - March 22, 2:25PM-2:30PM ET yes=0.49 window=300s
2026-03-22 18:25:12 [INFO] NEW ETH-USD Ethereum Up or Down - March 22, 2:25PM-2:30PM ET yes=0.49 window=300s
2026-03-22 18:25:12 [INFO] NEW SOL-USD Solana Up or Down - March 22, 2:25PM-2:30PM ET yes=0.54 window=300s
2026-03-22 18:25:12 [INFO] NEW XRP-USD XRP Up or Down - March 22, 2:25PM-2:30PM ET yes=0.53 window=300s
2026-03-22 18:25:12 [INFO] NEW DOGE-USD Dogecoin Up or Down - March 22, 2:25PM-2:30PM ET yes=0.50 window=300s
2026-03-22 18:25:12 [INFO] NEW BNB-USD BNB Up or Down - March 22, 2:25PM-2:30PM ET yes=0.50 window=300s
2026-03-22 18:25:12 [INFO] NEW HYPE-USD Hyperliquid Up or Down - March 22, 2:25PM-2:30PM ET yes=0.50 window=300s
2026-03-22 18:25:16 [INFO] RESOLVED BTC-USD -> DOWN yes=0.50 Bitcoin Up or Down - March 22, 2:20PM-2:
2026-03-22 18:25:16 [INFO] RESOLVED ETH-USD -> DOWN yes=0.50 Ethereum Up or Down - March 22, 2:20PM-2
2026-03-22 18:25:16 [INFO] RESOLVED SOL-USD -> DOWN yes=0.50 Solana Up or Down - March 22, 2:20PM-2:2
2026-03-22 18:25:16 [INFO] RESOLVED XRP-USD -> DOWN yes=0.50 XRP Up or Down - March 22, 2:20PM-2:25PM
2026-03-22 18:25:16 [INFO] RESOLVED DOGE-USD -> DOWN yes=0.50 Dogecoin Up or Down - March 22, 2:20PM-2
2026-03-22 18:25:16 [INFO] RESOLVED BNB-USD -> DOWN yes=0.50 BNB Up or Down - March 22, 2:20PM-2:25PM
2026-03-22 18:25:16 [INFO] RESOLVED HYPE-USD -> DOWN yes=0.50 Hyperliquid Up or Down - March 22, 2:20P
2026-03-22 18:26:03 [INFO] Status: 14 active, 1274 disc, 52066 poly, 223592 price, 120380 flow, 80844 funding, 1260 resolved | DOGE-USD=$0 | SOL-USD=$87 | BTC-USD=$68689 | ETH-USD=$2078 | BNB-USD=$630 | XRP-USD=$1 | BTC-USD fr=-0.000040 | ETH-USD fr=-0.000064
2026-03-22 18:27:06 [INFO] Status: 14 active, 1274 disc, 52150 poly, 223929 price, 120545 flow, 80970 funding, 1260 resolved | DOGE-USD=$0 | SOL-USD=$87 | BTC-USD=$68694 | ETH-USD=$2078 | BNB-USD=$631 | XRP-USD=$1 | BTC-USD fr=-0.000040 | ETH-USD fr=-0.000064
2026-03-22 18:28:11 [INFO] Status: 14 active, 1274 disc, 52234 poly, 224260 price, 120721 flow, 81100 funding, 1260 resolved | DOGE-USD=$0 | SOL-USD=$87 | BTC-USD=$68694 | ETH-USD=$2078 | BNB-USD=$631 | XRP-USD=$1 | BTC-USD fr=-0.000040 | ETH-USD fr=-0.000063
2026-03-22 18:29:15 [INFO] Status: 14 active, 1274 disc, 52318 poly, 224576 price, 120885 flow, 81226 funding, 1260 resolved | DOGE-USD=$0 | SOL-USD=$87 | BTC-USD=$68690 | ETH-USD=$2078 | BNB-USD=$631 | XRP-USD=$1 | BTC-USD fr=-0.000040 | ETH-USD fr=-0.000063
2026-03-22 18:30:00 [INFO] NEW BTC-USD Bitcoin Up or Down - March 22, 2:30PM-2:45PM ET yes=0.51 window=900s
2026-03-22 18:30:00 [INFO] NEW ETH-USD Ethereum Up or Down - March 22, 2:30PM-2:45PM ET yes=0.55 window=900s
2026-03-22 18:30:00 [INFO] NEW SOL-USD Solana Up or Down - March 22, 2:30PM-2:45PM ET yes=0.56 window=900s
2026-03-22 18:30:00 [INFO] NEW XRP-USD XRP Up or Down - March 22, 2:30PM-2:45PM ET yes=0.52 window=900s
2026-03-22 18:30:00 [INFO] NEW DOGE-USD Dogecoin Up or Down - March 22, 2:30PM-2:45PM ET yes=0.56 window=900s
2026-03-22 18:30:00 [INFO] NEW BNB-USD BNB Up or Down - March 22, 2:30PM-2:45PM ET yes=0.50 window=900s
2026-03-22 18:30:00 [INFO] NEW HYPE-USD Hyperliquid Up or Down - March 22, 2:30PM-2:45PM ET yes=0.50 window=900s
2026-03-22 18:30:16 [INFO] NEW BTC-USD Bitcoin Up or Down - March 22, 2:30PM-2:35PM ET yes=0.49 window=300s
2026-03-22 18:30:16 [INFO] NEW ETH-USD Ethereum Up or Down - March 22, 2:30PM-2:35PM ET yes=0.52 window=300s
2026-03-22 18:30:16 [INFO] NEW SOL-USD Solana Up or Down - March 22, 2:30PM-2:35PM ET yes=0.52 window=300s
2026-03-22 18:30:16 [INFO] NEW XRP-USD XRP Up or Down - March 22, 2:30PM-2:35PM ET yes=0.52 window=300s
2026-03-22 18:30:16 [INFO] NEW DOGE-USD Dogecoin Up or Down - March 22, 2:30PM-2:35PM ET yes=0.55 window=300s
2026-03-22 18:30:16 [INFO] NEW BNB-USD BNB Up or Down - March 22, 2:30PM-2:35PM ET yes=0.50 window=300s
2026-03-22 18:30:16 [INFO] NEW HYPE-USD Hyperliquid Up or Down - March 22, 2:30PM-2:35PM ET yes=0.50 window=300s
2026-03-22 18:30:16 [INFO] RESOLVED BTC-USD -> DOWN yes=0.50 Bitcoin Up or Down - March 22, 2:15PM-2:
2026-03-22 18:30:16 [INFO] RESOLVED ETH-USD -> DOWN yes=0.50 Ethereum Up or Down - March 22, 2:15PM-2
2026-03-22 18:30:16 [INFO] RESOLVED SOL-USD -> DOWN yes=0.50 Solana Up or Down - March 22, 2:15PM-2:3
2026-03-22 18:30:16 [INFO] RESOLVED XRP-USD -> DOWN yes=0.50 XRP Up or Down - March 22, 2:15PM-2:30PM
2026-03-22 18:30:16 [INFO] RESOLVED DOGE-USD -> DOWN yes=0.50 Dogecoin Up or Down - March 22, 2:15PM-2
2026-03-22 18:30:16 [INFO] RESOLVED BNB-USD -> DOWN yes=0.50 BNB Up or Down - March 22, 2:15PM-2:30PM
2026-03-22 18:30:16 [INFO] RESOLVED HYPE-USD -> DOWN yes=0.50 Hyperliquid Up or Down - March 22, 2:15P
2026-03-22 18:30:16 [INFO] RESOLVED BTC-USD -> DOWN yes=0.50 Bitcoin Up or Down - March 22, 2:25PM-2:
2026-03-22 18:30:16 [INFO] RESOLVED ETH-USD -> DOWN yes=0.50 Ethereum Up or Down - March 22, 2:25PM-2
2026-03-22 18:30:16 [INFO] RESOLVED SOL-USD -> DOWN yes=0.50 Solana Up or Down - March 22, 2:25PM-2:3
2026-03-22 18:30:16 [INFO] RESOLVED XRP-USD -> DOWN yes=0.50 XRP Up or Down - March 22, 2:25PM-2:30PM
2026-03-22 18:30:16 [INFO] RESOLVED DOGE-USD -> DOWN yes=0.50 Dogecoin Up or Down - March 22, 2:25PM-2
2026-03-22 18:30:16 [INFO] RESOLVED BNB-USD -> DOWN yes=0.50 BNB Up or Down - March 22, 2:25PM-2:30PM
2026-03-22 18:30:16 [INFO] RESOLVED HYPE-USD -> DOWN yes=0.50 Hyperliquid Up or Down - March 22, 2:25P
2026-03-22 18:30:24 [INFO] Status: 14 active, 1288 disc, 52409 poly, 224934 price, 121074 flow, 81366 funding, 1274 resolved | DOGE-USD=$0 | SOL-USD=$87 | BTC-USD=$68707 | ETH-USD=$2078 | BNB-USD=$631 | XRP-USD=$1 | BTC-USD fr=-0.000040 | ETH-USD fr=-0.000063
2026-03-22 18:31:28 [INFO] Status: 14 active, 1288 disc, 52493 poly, 225288 price, 121247 flow, 81494 funding, 1274 resolved | DOGE-USD=$0 | SOL-USD=$87 | BTC-USD=$68743 | ETH-USD=$2080 | BNB-USD=$631 | XRP-USD=$1 | BTC-USD fr=-0.000039 | ETH-USD fr=-0.000062
2026-03-22 18:32:32 [INFO] Status: 14 active, 1288 disc, 52577 poly, 225637 price, 121428 flow, 81622 funding, 1274 resolved | DOGE-USD=$0 | SOL-USD=$87 | BTC-USD=$68669 | ETH-USD=$2077 | BNB-USD=$631 | XRP-USD=$1 | BTC-USD fr=-0.000039 | ETH-USD fr=-0.000062
2026-03-22 18:33:36 [INFO] Status: 14 active, 1288 disc, 52661 poly, 225996 price, 121647 flow, 81750 funding, 1274 resolved | DOGE-USD=$0 | SOL-USD=$87 | BTC-USD=$68604 | ETH-USD=$2075 | BNB-USD=$630 | XRP-USD=$1 | BTC-USD fr=-0.000038 | ETH-USD fr=-0.000062
2026-03-22 18:34:39 [INFO] Status: 14 active, 1288 disc, 52745 poly, 226366 price, 121862 flow, 81876 funding, 1274 resolved | DOGE-USD=$0 | SOL-USD=$87 | BTC-USD=$68607 | ETH-USD=$2073 | BNB-USD=$630 | XRP-USD=$1 | BTC-USD fr=-0.000039 | ETH-USD fr=-0.000063
2026-03-22 18:35:05 [INFO] NEW BTC-USD Bitcoin Up or Down - March 22, 2:35PM-2:40PM ET yes=0.52 window=300s
2026-03-22 18:35:05 [INFO] NEW ETH-USD Ethereum Up or Down - March 22, 2:35PM-2:40PM ET yes=0.50 window=300s
2026-03-22 18:35:05 [INFO] NEW SOL-USD Solana Up or Down - March 22, 2:35PM-2:40PM ET yes=0.51 window=300s
2026-03-22 18:35:05 [INFO] NEW XRP-USD XRP Up or Down - March 22, 2:35PM-2:40PM ET yes=0.50 window=300s
2026-03-22 18:35:05 [INFO] NEW DOGE-USD Dogecoin Up or Down - March 22, 2:35PM-2:40PM ET yes=0.50 window=300s
2026-03-22 18:35:05 [INFO] NEW BNB-USD BNB Up or Down - March 22, 2:35PM-2:40PM ET yes=0.50 window=300s
2026-03-22 18:35:05 [INFO] NEW HYPE-USD Hyperliquid Up or Down - March 22, 2:35PM-2:40PM ET yes=0.50 window=300s
2026-03-22 18:35:24 [INFO] RESOLVED BTC-USD -> DOWN yes=0.50 Bitcoin Up or Down - March 22, 2:30PM-2:
2026-03-22 18:35:24 [INFO] RESOLVED ETH-USD -> DOWN yes=0.50 Ethereum Up or Down - March 22, 2:30PM-2
2026-03-22 18:35:24 [INFO] RESOLVED SOL-USD -> DOWN yes=0.50 Solana Up or Down - March 22, 2:30PM-2:3
2026-03-22 18:35:24 [INFO] RESOLVED XRP-USD -> DOWN yes=0.50 XRP Up or Down - March 22, 2:30PM-2:35PM
2026-03-22 18:35:24 [INFO] RESOLVED DOGE-USD -> DOWN yes=0.50 Dogecoin Up or Down - March 22, 2:30PM-2
2026-03-22 18:35:24 [INFO] RESOLVED BNB-USD -> DOWN yes=0.50 BNB Up or Down - March 22, 2:30PM-2:35PM
2026-03-22 18:35:24 [INFO] RESOLVED HYPE-USD -> DOWN yes=0.50 Hyperliquid Up or Down - March 22, 2:30P
2026-03-22 18:35:49 [INFO] Status: 14 active, 1295 disc, 52836 poly, 226778 price, 122141 flow, 82016 funding, 1281 resolved | DOGE-USD=$0 | SOL-USD=$87 | BTC-USD=$68544 | ETH-USD=$2070 | BNB-USD=$630 | XRP-USD=$1 | BTC-USD fr=-0.000039 | ETH-USD fr=-0.000063
2026-03-22 18:36:55 [INFO] Status: 14 active, 1295 disc, 52920 poly, 227169 price, 122445 flow, 82148 funding, 1281 resolved | DOGE-USD=$0 | SOL-USD=$87 | BTC-USD=$68455 | ETH-USD=$2063 | BNB-USD=$629 | XRP-USD=$1 | BTC-USD fr=-0.000039 | ETH-USD fr=-0.000063
2026-03-22 18:37:58 [INFO] Status: 14 active, 1295 disc, 53004 poly, 227543 price, 122685 flow, 82274 funding, 1281 resolved | DOGE-USD=$0 | SOL-USD=$87 | BTC-USD=$68438 | ETH-USD=$2064 | BNB-USD=$629 | XRP-USD=$1 | BTC-USD fr=-0.000039 | ETH-USD fr=-0.000064
2026-03-22 18:39:02 [INFO] Status: 14 active, 1295 disc, 53088 poly, 227917 price, 122915 flow, 82402 funding, 1281 resolved | DOGE-USD=$0 | SOL-USD=$87 | BTC-USD=$68469 | ETH-USD=$2065 | BNB-USD=$629 | XRP-USD=$1 | BTC-USD fr=-0.000038 | ETH-USD fr=-0.000064
2026-03-22 18:40:07 [INFO] Status: 14 active, 1295 disc, 53172 poly, 228297 price, 123126 flow, 82532 funding, 1281 resolved | DOGE-USD=$0 | SOL-USD=$87 | BTC-USD=$68454 | ETH-USD=$2064 | BNB-USD=$629 | XRP-USD=$1 | BTC-USD fr=-0.000038 | ETH-USD fr=-0.000063
2026-03-22 18:40:10 [INFO] NEW BTC-USD Bitcoin Up or Down - March 22, 2:40PM-2:45PM ET yes=0.55 window=300s
2026-03-22 18:40:10 [INFO] NEW ETH-USD Ethereum Up or Down - March 22, 2:40PM-2:45PM ET yes=0.56 window=300s
2026-03-22 18:40:10 [INFO] NEW SOL-USD Solana Up or Down - March 22, 2:40PM-2:45PM ET yes=0.56 window=300s
2026-03-22 18:40:10 [INFO] NEW XRP-USD XRP Up or Down - March 22, 2:40PM-2:45PM ET yes=0.54 window=300s
2026-03-22 18:40:10 [INFO] NEW DOGE-USD Dogecoin Up or Down - March 22, 2:40PM-2:45PM ET yes=0.55 window=300s
2026-03-22 18:40:10 [INFO] NEW BNB-USD BNB Up or Down - March 22, 2:40PM-2:45PM ET yes=0.50 window=300s
2026-03-22 18:40:10 [INFO] NEW HYPE-USD Hyperliquid Up or Down - March 22, 2:40PM-2:45PM ET yes=0.50 window=300s
2026-03-22 18:40:29 [INFO] RESOLVED BTC-USD -> DOWN yes=0.50 Bitcoin Up or Down - March 22, 2:35PM-2:
2026-03-22 18:40:29 [INFO] RESOLVED ETH-USD -> DOWN yes=0.50 Ethereum Up or Down - March 22, 2:35PM-2
2026-03-22 18:40:29 [INFO] RESOLVED SOL-USD -> DOWN yes=0.50 Solana Up or Down - March 22, 2:35PM-2:4
2026-03-22 18:40:29 [INFO] RESOLVED XRP-USD -> DOWN yes=0.50 XRP Up or Down - March 22, 2:35PM-2:40PM
2026-03-22 18:40:29 [INFO] RESOLVED DOGE-USD -> DOWN yes=0.50 Dogecoin Up or Down - March 22, 2:35PM-2
2026-03-22 18:40:29 [INFO] RESOLVED BNB-USD -> DOWN yes=0.50 BNB Up or Down - March 22, 2:35PM-2:40PM
2026-03-22 18:40:29 [INFO] RESOLVED HYPE-USD -> DOWN yes=0.50 Hyperliquid Up or Down - March 22, 2:35P
2026-03-22 18:41:14 [INFO] Status: 14 active, 1302 disc, 53263 poly, 228685 price, 123339 flow, 82666 funding, 1288 resolved | DOGE-USD=$0 | SOL-USD=$87 | BTC-USD=$68489 | ETH-USD=$2065 | BNB-USD=$629 | XRP-USD=$1 | BTC-USD fr=-0.000037 | ETH-USD fr=-0.000064
2026-03-22 18:42:16 [INFO] Status: 14 active, 1302 disc, 53347 poly, 229035 price, 123518 flow, 82790 funding, 1288 resolved | DOGE-USD=$0 | SOL-USD=$87 | BTC-USD=$68507 | ETH-USD=$2066 | BNB-USD=$629 | XRP-USD=$1 | BTC-USD fr=-0.000037 | ETH-USD fr=-0.000064
2026-03-22 18:43:18 [INFO] Status: 14 active, 1302 disc, 53431 poly, 229382 price, 123689 flow, 82914 funding, 1288 resolved | DOGE-USD=$0 | SOL-USD=$87 | BTC-USD=$68521 | ETH-USD=$2067 | BNB-USD=$629 | XRP-USD=$1 | BTC-USD fr=-0.000037 | ETH-USD fr=-0.000063
2026-03-22 18:44:21 [INFO] Status: 14 active, 1302 disc, 53515 poly, 229721 price, 123856 flow, 83040 funding, 1288 resolved | DOGE-USD=$0 | SOL-USD=$87 | BTC-USD=$68506 | ETH-USD=$2066 | BNB-USD=$629 | XRP-USD=$1 | BTC-USD fr=-0.000036 | ETH-USD fr=-0.000063
2026-03-22 18:45:07 [INFO] NEW BTC-USD Bitcoin Up or Down - March 22, 2:45PM-2:50PM ET yes=0.54 window=300s
2026-03-22 18:45:07 [INFO] NEW ETH-USD Ethereum Up or Down - March 22, 2:45PM-2:50PM ET yes=0.56 window=300s
2026-03-22 18:45:07 [INFO] NEW SOL-USD Solana Up or Down - March 22, 2:45PM-2:50PM ET yes=0.56 window=300s
2026-03-22 18:45:07 [INFO] NEW XRP-USD XRP Up or Down - March 22, 2:45PM-2:50PM ET yes=0.53 window=300s
2026-03-22 18:45:07 [INFO] NEW DOGE-USD Dogecoin Up or Down - March 22, 2:45PM-2:50PM ET yes=0.55 window=300s
2026-03-22 18:45:07 [INFO] NEW BNB-USD BNB Up or Down - March 22, 2:45PM-2:50PM ET yes=0.58 window=300s
2026-03-22 18:45:07 [INFO] NEW HYPE-USD Hyperliquid Up or Down - March 22, 2:45PM-2:50PM ET yes=0.50 window=300s
2026-03-22 18:45:07 [INFO] NEW BTC-USD Bitcoin Up or Down - March 22, 2:45PM-3:00PM ET yes=0.56 window=900s
2026-03-22 18:45:07 [INFO] NEW ETH-USD Ethereum Up or Down - March 22, 2:45PM-3:00PM ET yes=0.56 window=900s
2026-03-22 18:45:07 [INFO] NEW SOL-USD Solana Up or Down - March 22, 2:45PM-3:00PM ET yes=0.56 window=900s
2026-03-22 18:45:07 [INFO] NEW XRP-USD XRP Up or Down - March 22, 2:45PM-3:00PM ET yes=0.57 window=900s
2026-03-22 18:45:07 [INFO] NEW DOGE-USD Dogecoin Up or Down - March 22, 2:45PM-3:00PM ET yes=0.56 window=900s
2026-03-22 18:45:07 [INFO] NEW BNB-USD BNB Up or Down - March 22, 2:45PM-3:00PM ET yes=0.57 window=900s
2026-03-22 18:45:07 [INFO] NEW HYPE-USD Hyperliquid Up or Down - March 22, 2:45PM-3:00PM ET yes=0.50 window=900s
2026-03-22 18:45:25 [INFO] RESOLVED BTC-USD -> DOWN yes=0.50 Bitcoin Up or Down - March 22, 2:30PM-2:
2026-03-22 18:45:25 [INFO] RESOLVED ETH-USD -> DOWN yes=0.50 Ethereum Up or Down - March 22, 2:30PM-2
2026-03-22 18:45:25 [INFO] RESOLVED SOL-USD -> DOWN yes=0.50 Solana Up or Down - March 22, 2:30PM-2:4
2026-03-22 18:45:25 [INFO] RESOLVED XRP-USD -> DOWN yes=0.50 XRP Up or Down - March 22, 2:30PM-2:45PM
2026-03-22 18:45:25 [INFO] RESOLVED DOGE-USD -> DOWN yes=0.50 Dogecoin Up or Down - March 22, 2:30PM-2
2026-03-22 18:45:25 [INFO] RESOLVED BNB-USD -> DOWN yes=0.50 BNB Up or Down - March 22, 2:30PM-2:45PM
2026-03-22 18:45:25 [INFO] RESOLVED HYPE-USD -> DOWN yes=0.50 Hyperliquid Up or Down - March 22, 2:30P
2026-03-22 18:45:25 [INFO] RESOLVED BTC-USD -> DOWN yes=0.50 Bitcoin Up or Down - March 22, 2:40PM-2:
2026-03-22 18:45:25 [INFO] RESOLVED ETH-USD -> DOWN yes=0.50 Ethereum Up or Down - March 22, 2:40PM-2
2026-03-22 18:45:25 [INFO] RESOLVED SOL-USD -> DOWN yes=0.50 Solana Up or Down - March 22, 2:40PM-2:4
2026-03-22 18:45:25 [INFO] RESOLVED XRP-USD -> DOWN yes=0.50 XRP Up or Down - March 22, 2:40PM-2:45PM
2026-03-22 18:45:25 [INFO] RESOLVED DOGE-USD -> DOWN yes=0.50 Dogecoin Up or Down - March 22, 2:40PM-2
2026-03-22 18:45:25 [INFO] RESOLVED BNB-USD -> DOWN yes=0.50 BNB Up or Down - March 22, 2:40PM-2:45PM
2026-03-22 18:45:25 [INFO] RESOLVED HYPE-USD -> DOWN yes=0.50 Hyperliquid Up or Down - March 22, 2:40P
2026-03-22 18:45:32 [INFO] Status: 14 active, 1316 disc, 53613 poly, 230130 price, 124074 flow, 83182 funding, 1302 resolved | DOGE-USD=$0 | SOL-USD=$87 | BTC-USD=$68447 | ETH-USD=$2065 | BNB-USD=$629 | XRP-USD=$1 | BTC-USD fr=-0.000035 | ETH-USD fr=-0.000063
2026-03-22 18:46:36 [INFO] Status: 14 active, 1316 disc, 53697 poly, 230484 price, 124265 flow, 83310 funding, 1302 resolved | DOGE-USD=$0 | SOL-USD=$87 | BTC-USD=$68494 | ETH-USD=$2066 | BNB-USD=$629 | XRP-USD=$1 | BTC-USD fr=-0.000035 | ETH-USD fr=-0.000063
2026-03-22 18:47:39 [INFO] Status: 14 active, 1316 disc, 53781 poly, 230841 price, 124451 flow, 83436 funding, 1302 resolved | DOGE-USD=$0 | SOL-USD=$87 | BTC-USD=$68530 | ETH-USD=$2069 | BNB-USD=$629 | XRP-USD=$1 | BTC-USD fr=-0.000035 | ETH-USD fr=-0.000063
2026-03-22 18:48:43 [INFO] Status: 14 active, 1316 disc, 53865 poly, 231193 price, 124642 flow, 83564 funding, 1302 resolved | DOGE-USD=$0 | SOL-USD=$87 | BTC-USD=$68526 | ETH-USD=$2068 | BNB-USD=$629 | XRP-USD=$1 | BTC-USD fr=-0.000034 | ETH-USD fr=-0.000063
2026-03-22 18:49:47 [INFO] Status: 14 active, 1316 disc, 53949 poly, 231537 price, 124809 flow, 83690 funding, 1302 resolved | DOGE-USD=$0 | SOL-USD=$87 | BTC-USD=$68542 | ETH-USD=$2069 | BNB-USD=$629 | XRP-USD=$1 | BTC-USD fr=-0.000034 | ETH-USD fr=-0.000063
2026-03-22 18:50:12 [INFO] NEW BTC-USD Bitcoin Up or Down - March 22, 2:50PM-2:55PM ET yes=0.54 window=300s
2026-03-22 18:50:12 [INFO] NEW ETH-USD Ethereum Up or Down - March 22, 2:50PM-2:55PM ET yes=0.56 window=300s
2026-03-22 18:50:12 [INFO] NEW SOL-USD Solana Up or Down - March 22, 2:50PM-2:55PM ET yes=0.54 window=300s
2026-03-22 18:50:12 [INFO] NEW XRP-USD XRP Up or Down - March 22, 2:50PM-2:55PM ET yes=0.53 window=300s
2026-03-22 18:50:12 [INFO] NEW DOGE-USD Dogecoin Up or Down - March 22, 2:50PM-2:55PM ET yes=0.50 window=300s
2026-03-22 18:50:12 [INFO] NEW BNB-USD BNB Up or Down - March 22, 2:50PM-2:55PM ET yes=0.50 window=300s
2026-03-22 18:50:12 [INFO] NEW HYPE-USD Hyperliquid Up or Down - March 22, 2:50PM-2:55PM ET yes=0.50 window=300s
2026-03-22 18:50:12 [INFO] RESOLVED BTC-USD -> DOWN yes=0.50 Bitcoin Up or Down - March 22, 2:45PM-2:
2026-03-22 18:50:12 [INFO] RESOLVED ETH-USD -> DOWN yes=0.50 Ethereum Up or Down - March 22, 2:45PM-2
2026-03-22 18:50:12 [INFO] RESOLVED SOL-USD -> DOWN yes=0.50 Solana Up or Down - March 22, 2:45PM-2:5
2026-03-22 18:50:12 [INFO] RESOLVED XRP-USD -> DOWN yes=0.50 XRP Up or Down - March 22, 2:45PM-2:50PM
2026-03-22 18:50:12 [INFO] RESOLVED DOGE-USD -> DOWN yes=0.50 Dogecoin Up or Down - March 22, 2:45PM-2
2026-03-22 18:50:12 [INFO] RESOLVED BNB-USD -> DOWN yes=0.50 BNB Up or Down - March 22, 2:45PM-2:50PM
2026-03-22 18:50:12 [INFO] RESOLVED HYPE-USD -> DOWN yes=0.50 Hyperliquid Up or Down - March 22, 2:45P
2026-03-22 18:50:52 [INFO] Status: 14 active, 1323 disc, 54033 poly, 231897 price, 125003 flow, 83822 funding, 1309 resolved | DOGE-USD=$0 | SOL-USD=$87 | BTC-USD=$68568 | ETH-USD=$2070 | BNB-USD=$629 | XRP-USD=$1 | BTC-USD fr=-0.000033 | ETH-USD fr=-0.000062
2026-03-22 18:51:56 [INFO] Status: 14 active, 1323 disc, 54117 poly, 232260 price, 125215 flow, 83950 funding, 1309 resolved | DOGE-USD=$0 | SOL-USD=$87 | BTC-USD=$68553 | ETH-USD=$2070 | BNB-USD=$629 | XRP-USD=$1 | BTC-USD fr=-0.000032 | ETH-USD fr=-0.000062
2026-03-22 18:52:58 [INFO] Status: 14 active, 1323 disc, 54201 poly, 232604 price, 125393 flow, 84074 funding, 1309 resolved | DOGE-USD=$0 | SOL-USD=$87 | BTC-USD=$68572 | ETH-USD=$2071 | BNB-USD=$629 | XRP-USD=$1 | BTC-USD fr=-0.000032 | ETH-USD fr=-0.000062
2026-03-22 18:54:01 [INFO] Status: 14 active, 1323 disc, 54285 poly, 232949 price, 125567 flow, 84200 funding, 1309 resolved | DOGE-USD=$0 | SOL-USD=$87 | BTC-USD=$68559 | ETH-USD=$2070 | BNB-USD=$629 | XRP-USD=$1 | BTC-USD fr=-0.000031 | ETH-USD fr=-0.000061
2026-03-22 18:55:05 [INFO] Status: 14 active, 1323 disc, 54369 poly, 233306 price, 125757 flow, 84328 funding, 1309 resolved | DOGE-USD=$0 | SOL-USD=$87 | BTC-USD=$68537 | ETH-USD=$2069 | BNB-USD=$629 | XRP-USD=$1 | BTC-USD fr=-0.000031 | ETH-USD fr=-0.000061
2026-03-22 18:55:09 [INFO] NEW BTC-USD Bitcoin Up or Down - March 22, 2:55PM-3:00PM ET yes=0.49 window=300s
2026-03-22 18:55:09 [INFO] NEW ETH-USD Ethereum Up or Down - March 22, 2:55PM-3:00PM ET yes=0.54 window=300s
2026-03-22 18:55:09 [INFO] NEW SOL-USD Solana Up or Down - March 22, 2:55PM-3:00PM ET yes=0.53 window=300s
2026-03-22 18:55:09 [INFO] NEW XRP-USD XRP Up or Down - March 22, 2:55PM-3:00PM ET yes=0.52 window=300s
2026-03-22 18:55:09 [INFO] NEW DOGE-USD Dogecoin Up or Down - March 22, 2:55PM-3:00PM ET yes=0.50 window=300s
2026-03-22 18:55:09 [INFO] NEW BNB-USD BNB Up or Down - March 22, 2:55PM-3:00PM ET yes=0.50 window=300s
2026-03-22 18:55:09 [INFO] NEW HYPE-USD Hyperliquid Up or Down - March 22, 2:55PM-3:00PM ET yes=0.50 window=300s
2026-03-22 18:55:27 [INFO] RESOLVED BTC-USD -> DOWN yes=0.50 Bitcoin Up or Down - March 22, 2:50PM-2:
2026-03-22 18:55:27 [INFO] RESOLVED ETH-USD -> DOWN yes=0.50 Ethereum Up or Down - March 22, 2:50PM-2
2026-03-22 18:55:27 [INFO] RESOLVED SOL-USD -> DOWN yes=0.50 Solana Up or Down - March 22, 2:50PM-2:5
2026-03-22 18:55:27 [INFO] RESOLVED XRP-USD -> DOWN yes=0.50 XRP Up or Down - March 22, 2:50PM-2:55PM
2026-03-22 18:55:27 [INFO] RESOLVED DOGE-USD -> DOWN yes=0.50 Dogecoin Up or Down - March 22, 2:50PM-2
2026-03-22 18:55:27 [INFO] RESOLVED BNB-USD -> DOWN yes=0.50 BNB Up or Down - March 22, 2:50PM-2:55PM
2026-03-22 18:55:27 [INFO] RESOLVED HYPE-USD -> DOWN yes=0.50 Hyperliquid Up or Down - March 22, 2:50P
2026-03-22 18:56:13 [INFO] Status: 14 active, 1330 disc, 54460 poly, 233666 price, 125949 flow, 84464 funding, 1316 resolved | DOGE-USD=$0 | SOL-USD=$87 | BTC-USD=$68556 | ETH-USD=$2070 | BNB-USD=$629 | XRP-USD=$1 | BTC-USD fr=-0.000031 | ETH-USD fr=-0.000061
2026-03-22 18:57:16 [INFO] Status: 14 active, 1330 disc, 54544 poly, 234000 price, 126125 flow, 84590 funding, 1316 resolved | DOGE-USD=$0 | SOL-USD=$87 | BTC-USD=$68548 | ETH-USD=$2069 | BNB-USD=$629 | XRP-USD=$1 | BTC-USD fr=-0.000031 | ETH-USD fr=-0.000061
2026-03-22 18:58:19 [INFO] Status: 14 active, 1330 disc, 54628 poly, 234323 price, 126281 flow, 84716 funding, 1316 resolved | DOGE-USD=$0 | SOL-USD=$87 | BTC-USD=$68559 | ETH-USD=$2070 | BNB-USD=$629 | XRP-USD=$1 | BTC-USD fr=-0.000031 | ETH-USD fr=-0.000062
2026-03-22 18:59:23 [INFO] Status: 14 active, 1330 disc, 54712 poly, 234651 price, 126450 flow, 84844 funding, 1316 resolved | DOGE-USD=$0 | SOL-USD=$87 | BTC-USD=$68596 | ETH-USD=$2072 | BNB-USD=$629 | XRP-USD=$1 | BTC-USD fr=-0.000031 | ETH-USD fr=-0.000061
2026-03-22 19:00:11 [INFO] NEW BTC-USD Bitcoin Up or Down - March 22, 3:00PM-3:05PM ET yes=0.52 window=300s
2026-03-22 19:00:11 [INFO] NEW ETH-USD Ethereum Up or Down - March 22, 3:00PM-3:05PM ET yes=0.52 window=300s
2026-03-22 19:00:11 [INFO] NEW SOL-USD Solana Up or Down - March 22, 3:00PM-3:05PM ET yes=0.51 window=300s
2026-03-22 19:00:11 [INFO] NEW XRP-USD XRP Up or Down - March 22, 3:00PM-3:05PM ET yes=0.51 window=300s
2026-03-22 19:00:11 [INFO] NEW DOGE-USD Dogecoin Up or Down - March 22, 3:00PM-3:05PM ET yes=0.54 window=300s
2026-03-22 19:00:11 [INFO] NEW BNB-USD BNB Up or Down - March 22, 3:00PM-3:05PM ET yes=0.50 window=300s
2026-03-22 19:00:11 [INFO] NEW HYPE-USD Hyperliquid Up or Down - March 22, 3:00PM-3:05PM ET yes=0.50 window=300s
2026-03-22 19:00:11 [INFO] NEW BTC-USD Bitcoin Up or Down - March 22, 3:00PM-3:15PM ET yes=0.53 window=900s
2026-03-22 19:00:11 [INFO] NEW ETH-USD Ethereum Up or Down - March 22, 3:00PM-3:15PM ET yes=0.55 window=900s
2026-03-22 19:00:11 [INFO] NEW SOL-USD Solana Up or Down - March 22, 3:00PM-3:15PM ET yes=0.56 window=900s
2026-03-22 19:00:11 [INFO] NEW XRP-USD XRP Up or Down - March 22, 3:00PM-3:15PM ET yes=0.54 window=900s
2026-03-22 19:00:11 [INFO] NEW DOGE-USD Dogecoin Up or Down - March 22, 3:00PM-3:15PM ET yes=0.54 window=900s
2026-03-22 19:00:11 [INFO] NEW BNB-USD BNB Up or Down - March 22, 3:00PM-3:15PM ET yes=0.50 window=900s
2026-03-22 19:00:11 [INFO] NEW HYPE-USD Hyperliquid Up or Down - March 22, 3:00PM-3:15PM ET yes=0.50 window=900s
2026-03-22 19:00:33 [INFO] RESOLVED BTC-USD -> DOWN yes=0.50 Bitcoin Up or Down - March 22, 2:45PM-3:
2026-03-22 19:00:33 [INFO] RESOLVED ETH-USD -> DOWN yes=0.50 Ethereum Up or Down - March 22, 2:45PM-3
2026-03-22 19:00:33 [INFO] RESOLVED SOL-USD -> DOWN yes=0.50 Solana Up or Down - March 22, 2:45PM-3:0
2026-03-22 19:00:33 [INFO] RESOLVED XRP-USD -> DOWN yes=0.50 XRP Up or Down - March 22, 2:45PM-3:00PM
2026-03-22 19:00:33 [INFO] RESOLVED DOGE-USD -> DOWN yes=0.50 Dogecoin Up or Down - March 22, 2:45PM-3
2026-03-22 19:00:33 [INFO] RESOLVED BNB-USD -> DOWN yes=0.50 BNB Up or Down - March 22, 2:45PM-3:00PM
2026-03-22 19:00:33 [INFO] RESOLVED HYPE-USD -> DOWN yes=0.50 Hyperliquid Up or Down - March 22, 2:45P
2026-03-22 19:00:33 [INFO] RESOLVED BTC-USD -> DOWN yes=0.50 Bitcoin Up or Down - March 22, 2:55PM-3:
2026-03-22 19:00:33 [INFO] RESOLVED ETH-USD -> DOWN yes=0.50 Ethereum Up or Down - March 22, 2:55PM-3
2026-03-22 19:00:33 [INFO] RESOLVED SOL-USD -> DOWN yes=0.50 Solana Up or Down - March 22, 2:55PM-3:0
2026-03-22 19:00:33 [INFO] RESOLVED XRP-USD -> DOWN yes=0.50 XRP Up or Down - March 22, 2:55PM-3:00PM
2026-03-22 19:00:33 [INFO] RESOLVED DOGE-USD -> DOWN yes=0.50 Dogecoin Up or Down - March 22, 2:55PM-3
2026-03-22 19:00:33 [INFO] RESOLVED BNB-USD -> DOWN yes=0.50 BNB Up or Down - March 22, 2:55PM-3:00PM
2026-03-22 19:00:33 [INFO] RESOLVED HYPE-USD -> DOWN yes=0.50 Hyperliquid Up or Down - March 22, 2:55P
2026-03-22 19:00:42 [INFO] Status: 14 active, 1344 disc, 54810 poly, 235094 price, 126678 flow, 85002 funding, 1330 resolved | DOGE-USD=$0 | SOL-USD=$87 | BTC-USD=$68594 | ETH-USD=$2071 | BNB-USD=$629 | XRP-USD=$1 | BTC-USD fr=-0.000031 | ETH-USD fr=-0.000061
2026-03-22 19:01:47 [INFO] Status: 14 active, 1344 disc, 54894 poly, 235451 price, 126887 flow, 85132 funding, 1330 resolved | DOGE-USD=$0 | SOL-USD=$87 | BTC-USD=$68574 | ETH-USD=$2070 | BNB-USD=$629 | XRP-USD=$1 | BTC-USD fr=-0.000030 | ETH-USD fr=-0.000061
2026-03-22 19:02:51 [INFO] Status: 14 active, 1344 disc, 54978 poly, 235823 price, 127095 flow, 85260 funding, 1330 resolved | DOGE-USD=$0 | SOL-USD=$87 | BTC-USD=$68549 | ETH-USD=$2069 | BNB-USD=$629 | XRP-USD=$1 | BTC-USD fr=-0.000030 | ETH-USD fr=-0.000061
2026-03-22 19:03:53 [INFO] Status: 14 active, 1344 disc, 55062 poly, 236159 price, 127270 flow, 85384 funding, 1330 resolved | DOGE-USD=$0 | SOL-USD=$87 | BTC-USD=$68562 | ETH-USD=$2070 | BNB-USD=$629 | XRP-USD=$1 | BTC-USD fr=-0.000030 | ETH-USD fr=-0.000061
2026-03-22 19:04:57 [INFO] Status: 14 active, 1344 disc, 55146 poly, 236536 price, 127521 flow, 85512 funding, 1330 resolved | DOGE-USD=$0 | SOL-USD=$87 | BTC-USD=$68468 | ETH-USD=$2064 | BNB-USD=$628 | XRP-USD=$1 | BTC-USD fr=-0.000030 | ETH-USD fr=-0.000061
2026-03-22 19:05:12 [INFO] NEW BTC-USD Bitcoin Up or Down - March 22, 3:05PM-3:10PM ET yes=0.51 window=300s
2026-03-22 19:05:12 [INFO] NEW ETH-USD Ethereum Up or Down - March 22, 3:05PM-3:10PM ET yes=0.52 window=300s
2026-03-22 19:05:12 [INFO] NEW SOL-USD Solana Up or Down - March 22, 3:05PM-3:10PM ET yes=0.50 window=300s
2026-03-22 19:05:12 [INFO] NEW XRP-USD XRP Up or Down - March 22, 3:05PM-3:10PM ET yes=0.49 window=300s
2026-03-22 19:05:12 [INFO] NEW DOGE-USD Dogecoin Up or Down - March 22, 3:05PM-3:10PM ET yes=0.50 window=300s
2026-03-22 19:05:12 [INFO] NEW BNB-USD BNB Up or Down - March 22, 3:05PM-3:10PM ET yes=0.50 window=300s
2026-03-22 19:05:12 [INFO] NEW HYPE-USD Hyperliquid Up or Down - March 22, 3:05PM-3:10PM ET yes=0.50 window=300s
2026-03-22 19:05:26 [INFO] RESOLVED BTC-USD -> DOWN yes=0.50 Bitcoin Up or Down - March 22, 3:00PM-3:
2026-03-22 19:05:26 [INFO] RESOLVED ETH-USD -> DOWN yes=0.50 Ethereum Up or Down - March 22, 3:00PM-3
2026-03-22 19:05:26 [INFO] RESOLVED SOL-USD -> DOWN yes=0.50 Solana Up or Down - March 22, 3:00PM-3:0
2026-03-22 19:05:26 [INFO] RESOLVED XRP-USD -> DOWN yes=0.50 XRP Up or Down - March 22, 3:00PM-3:05PM
2026-03-22 19:05:26 [INFO] RESOLVED DOGE-USD -> DOWN yes=0.50 Dogecoin Up or Down - March 22, 3:00PM-3
2026-03-22 19:05:26 [INFO] RESOLVED BNB-USD -> DOWN yes=0.50 BNB Up or Down - March 22, 3:00PM-3:05PM
2026-03-22 19:05:26 [INFO] RESOLVED HYPE-USD -> DOWN yes=0.50 Hyperliquid Up or Down - March 22, 3:00P
2026-03-22 19:06:05 [INFO] Status: 14 active, 1351 disc, 55237 poly, 236934 price, 127748 flow, 85648 funding, 1337 resolved | DOGE-USD=$0 | SOL-USD=$87 | BTC-USD=$68516 | ETH-USD=$2066 | BNB-USD=$628 | XRP-USD=$1 | BTC-USD fr=-0.000031 | ETH-USD fr=-0.000061
2026-03-22 19:07:09 [INFO] Status: 14 active, 1351 disc, 55321 poly, 237280 price, 127927 flow, 85776 funding, 1337 resolved | DOGE-USD=$0 | SOL-USD=$87 | BTC-USD=$68500 | ETH-USD=$2066 | BNB-USD=$628 | XRP-USD=$1 | BTC-USD fr=-0.000031 | ETH-USD fr=-0.000061
2026-03-22 19:08:12 [INFO] Status: 14 active, 1351 disc, 55405 poly, 237626 price, 128113 flow, 85902 funding, 1337 resolved | DOGE-USD=$0 | SOL-USD=$87 | BTC-USD=$68487 | ETH-USD=$2066 | BNB-USD=$628 | XRP-USD=$1 | BTC-USD fr=-0.000031 | ETH-USD fr=-0.000061
2026-03-22 19:09:17 [INFO] Status: 14 active, 1351 disc, 55489 poly, 237995 price, 128310 flow, 86032 funding, 1337 resolved | DOGE-USD=$0 | SOL-USD=$87 | BTC-USD=$68503 | ETH-USD=$2066 | BNB-USD=$628 | XRP-USD=$1 | BTC-USD fr=-0.000031 | ETH-USD fr=-0.000061
2026-03-22 19:10:04 [INFO] NEW BTC-USD Bitcoin Up or Down - March 22, 3:10PM-3:15PM ET yes=0.53 window=300s
2026-03-22 19:10:04 [INFO] NEW ETH-USD Ethereum Up or Down - March 22, 3:10PM-3:15PM ET yes=0.56 window=300s
2026-03-22 19:10:04 [INFO] NEW SOL-USD Solana Up or Down - March 22, 3:10PM-3:15PM ET yes=0.50 window=300s
2026-03-22 19:10:04 [INFO] NEW XRP-USD XRP Up or Down - March 22, 3:10PM-3:15PM ET yes=0.50 window=300s
2026-03-22 19:10:04 [INFO] NEW DOGE-USD Dogecoin Up or Down - March 22, 3:10PM-3:15PM ET yes=0.54 window=300s
2026-03-22 19:10:04 [INFO] NEW BNB-USD BNB Up or Down - March 22, 3:10PM-3:15PM ET yes=0.50 window=300s
2026-03-22 19:10:04 [INFO] NEW HYPE-USD Hyperliquid Up or Down - March 22, 3:10PM-3:15PM ET yes=0.50 window=300s
2026-03-22 19:10:24 [INFO] RESOLVED BTC-USD -> DOWN yes=0.50 Bitcoin Up or Down - March 22, 3:05PM-3:
2026-03-22 19:10:24 [INFO] RESOLVED ETH-USD -> DOWN yes=0.50 Ethereum Up or Down - March 22, 3:05PM-3
2026-03-22 19:10:24 [INFO] RESOLVED SOL-USD -> DOWN yes=0.50 Solana Up or Down - March 22, 3:05PM-3:1
2026-03-22 19:10:24 [INFO] RESOLVED XRP-USD -> DOWN yes=0.50 XRP Up or Down - March 22, 3:05PM-3:10PM
2026-03-22 19:10:24 [INFO] RESOLVED DOGE-USD -> DOWN yes=0.50 Dogecoin Up or Down - March 22, 3:05PM-3
2026-03-22 19:10:24 [INFO] RESOLVED BNB-USD -> DOWN yes=0.50 BNB Up or Down - March 22, 3:05PM-3:10PM
2026-03-22 19:10:24 [INFO] RESOLVED HYPE-USD -> DOWN yes=0.50 Hyperliquid Up or Down - March 22, 3:05P
2026-03-22 19:10:27 [INFO] Status: 14 active, 1358 disc, 55580 poly, 238352 price, 128497 flow, 86172 funding, 1344 resolved | DOGE-USD=$0 | SOL-USD=$87 | BTC-USD=$68512 | ETH-USD=$2067 | BNB-USD=$628 | XRP-USD=$1 | BTC-USD fr=-0.000031 | ETH-USD fr=-0.000061
2026-03-22 19:11:32 [INFO] Status: 14 active, 1358 disc, 55664 poly, 238709 price, 128687 flow, 86302 funding, 1344 resolved | DOGE-USD=$0 | SOL-USD=$87 | BTC-USD=$68483 | ETH-USD=$2065 | BNB-USD=$628 | XRP-USD=$1 | BTC-USD fr=-0.000031 | ETH-USD fr=-0.000061
2026-03-22 19:12:36 [INFO] Status: 14 active, 1358 disc, 55748 poly, 239063 price, 128881 flow, 86430 funding, 1344 resolved | DOGE-USD=$0 | SOL-USD=$87 | BTC-USD=$68467 | ETH-USD=$2065 | BNB-USD=$628 | XRP-USD=$1 | BTC-USD fr=-0.000030 | ETH-USD fr=-0.000061
2026-03-22 19:13:40 [INFO] Status: 14 active, 1358 disc, 55832 poly, 239438 price, 129107 flow, 86558 funding, 1344 resolved | DOGE-USD=$0 | SOL-USD=$87 | BTC-USD=$68439 | ETH-USD=$2063 | BNB-USD=$628 | XRP-USD=$1 | BTC-USD fr=-0.000030 | ETH-USD fr=-0.000061
2026-03-22 19:14:44 [INFO] Status: 14 active, 1358 disc, 55916 poly, 239814 price, 129360 flow, 86686 funding, 1344 resolved | DOGE-USD=$0 | SOL-USD=$87 | BTC-USD=$68333 | ETH-USD=$2061 | BNB-USD=$627 | XRP-USD=$1 | BTC-USD fr=-0.000031 | ETH-USD fr=-0.000061
2026-03-22 19:15:10 [INFO] NEW BTC-USD Bitcoin Up or Down - March 22, 3:15PM-3:20PM ET yes=0.49 window=300s
2026-03-22 19:15:10 [INFO] NEW ETH-USD Ethereum Up or Down - March 22, 3:15PM-3:20PM ET yes=0.52 window=300s
2026-03-22 19:15:10 [INFO] NEW SOL-USD Solana Up or Down - March 22, 3:15PM-3:20PM ET yes=0.50 window=300s
2026-03-22 19:15:10 [INFO] NEW XRP-USD XRP Up or Down - March 22, 3:15PM-3:20PM ET yes=0.52 window=300s
2026-03-22 19:15:10 [INFO] NEW DOGE-USD Dogecoin Up or Down - March 22, 3:15PM-3:20PM ET yes=0.50 window=300s
2026-03-22 19:15:10 [INFO] NEW BNB-USD BNB Up or Down - March 22, 3:15PM-3:20PM ET yes=0.50 window=300s
2026-03-22 19:15:10 [INFO] NEW HYPE-USD Hyperliquid Up or Down - March 22, 3:15PM-3:20PM ET yes=0.50 window=300s
2026-03-22 19:15:10 [INFO] NEW BTC-USD Bitcoin Up or Down - March 22, 3:15PM-3:30PM ET yes=0.55 window=900s
2026-03-22 19:15:10 [INFO] NEW ETH-USD Ethereum Up or Down - March 22, 3:15PM-3:30PM ET yes=0.55 window=900s
2026-03-22 19:15:10 [INFO] NEW SOL-USD Solana Up or Down - March 22, 3:15PM-3:30PM ET yes=0.50 window=900s
2026-03-22 19:15:10 [INFO] NEW XRP-USD XRP Up or Down - March 22, 3:15PM-3:30PM ET yes=0.56 window=900s
2026-03-22 19:15:10 [INFO] NEW DOGE-USD Dogecoin Up or Down - March 22, 3:15PM-3:30PM ET yes=0.50 window=900s
2026-03-22 19:15:10 [INFO] NEW BNB-USD BNB Up or Down - March 22, 3:15PM-3:30PM ET yes=0.54 window=900s
2026-03-22 19:15:10 [INFO] NEW HYPE-USD Hyperliquid Up or Down - March 22, 3:15PM-3:30PM ET yes=0.50 window=900s
2026-03-22 19:15:27 [INFO] RESOLVED BTC-USD -> DOWN yes=0.50 Bitcoin Up or Down - March 22, 3:00PM-3:
2026-03-22 19:15:27 [INFO] RESOLVED ETH-USD -> DOWN yes=0.50 Ethereum Up or Down - March 22, 3:00PM-3
2026-03-22 19:15:27 [INFO] RESOLVED SOL-USD -> DOWN yes=0.50 Solana Up or Down - March 22, 3:00PM-3:1
2026-03-22 19:15:27 [INFO] RESOLVED XRP-USD -> DOWN yes=0.50 XRP Up or Down - March 22, 3:00PM-3:15PM
2026-03-22 19:15:27 [INFO] RESOLVED DOGE-USD -> DOWN yes=0.50 Dogecoin Up or Down - March 22, 3:00PM-3
2026-03-22 19:15:27 [INFO] RESOLVED BNB-USD -> DOWN yes=0.50 BNB Up or Down - March 22, 3:00PM-3:15PM
2026-03-22 19:15:27 [INFO] RESOLVED HYPE-USD -> DOWN yes=0.50 Hyperliquid Up or Down - March 22, 3:00P
2026-03-22 19:15:27 [INFO] RESOLVED BTC-USD -> DOWN yes=0.50 Bitcoin Up or Down - March 22, 3:10PM-3:
2026-03-22 19:15:27 [INFO] RESOLVED ETH-USD -> DOWN yes=0.50 Ethereum Up or Down - March 22, 3:10PM-3
2026-03-22 19:15:27 [INFO] RESOLVED SOL-USD -> DOWN yes=0.50 Solana Up or Down - March 22, 3:10PM-3:1
2026-03-22 19:15:27 [INFO] RESOLVED XRP-USD -> DOWN yes=0.50 XRP Up or Down - March 22, 3:10PM-3:15PM
2026-03-22 19:15:27 [INFO] RESOLVED DOGE-USD -> DOWN yes=0.50 Dogecoin Up or Down - March 22, 3:10PM-3
2026-03-22 19:15:27 [INFO] RESOLVED BNB-USD -> DOWN yes=0.50 BNB Up or Down - March 22, 3:10PM-3:15PM
2026-03-22 19:15:27 [INFO] RESOLVED HYPE-USD -> DOWN yes=0.50 Hyperliquid Up or Down - March 22, 3:10P
2026-03-22 19:15:45 [INFO] Status: 14 active, 1372 disc, 56000 poly, 240175 price, 129585 flow, 86808 funding, 1358 resolved | DOGE-USD=$0 | SOL-USD=$87 | BTC-USD=$68353 | ETH-USD=$2063 | BNB-USD=$627 | XRP-USD=$1 | BTC-USD fr=-0.000031 | ETH-USD fr=-0.000060
2026-03-22 19:16:48 [INFO] Status: 14 active, 1372 disc, 56084 poly, 240533 price, 129777 flow, 86934 funding, 1358 resolved | DOGE-USD=$0 | SOL-USD=$87 | BTC-USD=$68361 | ETH-USD=$2062 | BNB-USD=$627 | XRP-USD=$1 | BTC-USD fr=-0.000031 | ETH-USD fr=-0.000060
2026-03-22 19:17:52 [INFO] Status: 14 active, 1372 disc, 56168 poly, 240895 price, 129978 flow, 87060 funding, 1358 resolved | DOGE-USD=$0 | SOL-USD=$87 | BTC-USD=$68330 | ETH-USD=$2062 | BNB-USD=$627 | XRP-USD=$1 | BTC-USD fr=-0.000031 | ETH-USD fr=-0.000060
2026-03-22 19:18:55 [INFO] Status: 14 active, 1372 disc, 56252 poly, 241266 price, 130171 flow, 87188 funding, 1358 resolved | DOGE-USD=$0 | SOL-USD=$87 | BTC-USD=$68330 | ETH-USD=$2060 | BNB-USD=$627 | XRP-USD=$1 | BTC-USD fr=-0.000031 | ETH-USD fr=-0.000059
2026-03-22 19:19:58 [INFO] Status: 14 active, 1372 disc, 56336 poly, 241614 price, 130342 flow, 87314 funding, 1358 resolved | DOGE-USD=$0 | SOL-USD=$87 | BTC-USD=$68371 | ETH-USD=$2062 | BNB-USD=$627 | XRP-USD=$1 | BTC-USD fr=-0.000031 | ETH-USD fr=-0.000059
2026-03-22 19:20:01 [INFO] NEW BTC-USD Bitcoin Up or Down - March 22, 3:20PM-3:25PM ET yes=0.53 window=300s
2026-03-22 19:20:01 [INFO] NEW ETH-USD Ethereum Up or Down - March 22, 3:20PM-3:25PM ET yes=0.56 window=300s
2026-03-22 19:20:01 [INFO] NEW SOL-USD Solana Up or Down - March 22, 3:20PM-3:25PM ET yes=0.56 window=300s
2026-03-22 19:20:01 [INFO] NEW XRP-USD XRP Up or Down - March 22, 3:20PM-3:25PM ET yes=0.55 window=300s
2026-03-22 19:20:01 [INFO] NEW DOGE-USD Dogecoin Up or Down - March 22, 3:20PM-3:25PM ET yes=0.54 window=300s
2026-03-22 19:20:01 [INFO] NEW BNB-USD BNB Up or Down - March 22, 3:20PM-3:25PM ET yes=0.58 window=300s
2026-03-22 19:20:01 [INFO] NEW HYPE-USD Hyperliquid Up or Down - March 22, 3:20PM-3:25PM ET yes=0.50 window=300s
2026-03-22 19:20:17 [INFO] RESOLVED BTC-USD -> DOWN yes=0.50 Bitcoin Up or Down - March 22, 3:15PM-3:
2026-03-22 19:20:17 [INFO] RESOLVED ETH-USD -> DOWN yes=0.50 Ethereum Up or Down - March 22, 3:15PM-3
2026-03-22 19:20:17 [INFO] RESOLVED SOL-USD -> DOWN yes=0.50 Solana Up or Down - March 22, 3:15PM-3:2
2026-03-22 19:20:17 [INFO] RESOLVED XRP-USD -> DOWN yes=0.50 XRP Up or Down - March 22, 3:15PM-3:20PM
2026-03-22 19:20:17 [INFO] RESOLVED DOGE-USD -> DOWN yes=0.50 Dogecoin Up or Down - March 22, 3:15PM-3
2026-03-22 19:20:17 [INFO] RESOLVED BNB-USD -> DOWN yes=0.50 BNB Up or Down - March 22, 3:15PM-3:20PM
2026-03-22 19:20:17 [INFO] RESOLVED HYPE-USD -> DOWN yes=0.50 Hyperliquid Up or Down - March 22, 3:15P
2026-03-22 19:21:06 [INFO] Status: 14 active, 1379 disc, 56427 poly, 241991 price, 130546 flow, 87450 funding, 1365 resolved | DOGE-USD=$0 | SOL-USD=$87 | BTC-USD=$68343 | ETH-USD=$2061 | BNB-USD=$627 | XRP-USD=$1 | BTC-USD fr=-0.000030 | ETH-USD fr=-0.000059
2026-03-22 19:22:09 [INFO] Status: 14 active, 1379 disc, 56511 poly, 242340 price, 130728 flow, 87576 funding, 1365 resolved | DOGE-USD=$0 | SOL-USD=$87 | BTC-USD=$68388 | ETH-USD=$2062 | BNB-USD=$627 | XRP-USD=$1 | BTC-USD fr=-0.000029 | ETH-USD fr=-0.000059
2026-03-22 19:23:12 [INFO] Status: 14 active, 1379 disc, 56595 poly, 242683 price, 130922 flow, 87702 funding, 1365 resolved | DOGE-USD=$0 | SOL-USD=$87 | BTC-USD=$68361 | ETH-USD=$2061 | BNB-USD=$627 | XRP-USD=$1 | BTC-USD fr=-0.000028 | ETH-USD fr=-0.000059
2026-03-22 19:24:16 [INFO] Status: 14 active, 1379 disc, 56679 poly, 243020 price, 131078 flow, 87830 funding, 1365 resolved | DOGE-USD=$0 | SOL-USD=$87 | BTC-USD=$68374 | ETH-USD=$2062 | BNB-USD=$627 | XRP-USD=$1 | BTC-USD fr=-0.000028 | ETH-USD fr=-0.000059
2026-03-22 19:25:03 [INFO] NEW BTC-USD Bitcoin Up or Down - March 22, 3:25PM-3:30PM ET yes=0.52 window=300s
2026-03-22 19:25:03 [INFO] NEW ETH-USD Ethereum Up or Down - March 22, 3:25PM-3:30PM ET yes=0.56 window=300s
2026-03-22 19:25:03 [INFO] NEW SOL-USD Solana Up or Down - March 22, 3:25PM-3:30PM ET yes=0.54 window=300s
2026-03-22 19:25:03 [INFO] NEW XRP-USD XRP Up or Down - March 22, 3:25PM-3:30PM ET yes=0.52 window=300s
2026-03-22 19:25:03 [INFO] NEW DOGE-USD Dogecoin Up or Down - March 22, 3:25PM-3:30PM ET yes=0.54 window=300s
2026-03-22 19:25:03 [INFO] NEW BNB-USD BNB Up or Down - March 22, 3:25PM-3:30PM ET yes=0.55 window=300s
2026-03-22 19:25:03 [INFO] NEW HYPE-USD Hyperliquid Up or Down - March 22, 3:25PM-3:30PM ET yes=0.50 window=300s
2026-03-22 19:25:22 [INFO] RESOLVED BTC-USD -> DOWN yes=0.50 Bitcoin Up or Down - March 22, 3:20PM-3:
2026-03-22 19:25:22 [INFO] RESOLVED ETH-USD -> DOWN yes=0.50 Ethereum Up or Down - March 22, 3:20PM-3
2026-03-22 19:25:22 [INFO] RESOLVED SOL-USD -> DOWN yes=0.50 Solana Up or Down - March 22, 3:20PM-3:2
2026-03-22 19:25:22 [INFO] RESOLVED XRP-USD -> DOWN yes=0.50 XRP Up or Down - March 22, 3:20PM-3:25PM
2026-03-22 19:25:22 [INFO] RESOLVED DOGE-USD -> DOWN yes=0.50 Dogecoin Up or Down - March 22, 3:20PM-3
2026-03-22 19:25:22 [INFO] RESOLVED BNB-USD -> DOWN yes=0.50 BNB Up or Down - March 22, 3:20PM-3:25PM
2026-03-22 19:25:22 [INFO] RESOLVED HYPE-USD -> DOWN yes=0.50 Hyperliquid Up or Down - March 22, 3:20P
2026-03-22 19:25:26 [INFO] Status: 14 active, 1386 disc, 56770 poly, 243408 price, 131270 flow, 87970 funding, 1372 resolved | DOGE-USD=$0 | SOL-USD=$87 | BTC-USD=$68372 | ETH-USD=$2062 | BNB-USD=$627 | XRP-USD=$1 | BTC-USD fr=-0.000028 | ETH-USD fr=-0.000058
2026-03-22 19:26:30 [INFO] Status: 14 active, 1386 disc, 56854 poly, 243768 price, 131442 flow, 88098 funding, 1372 resolved | DOGE-USD=$0 | SOL-USD=$87 | BTC-USD=$68362 | ETH-USD=$2062 | BNB-USD=$627 | XRP-USD=$1 | BTC-USD fr=-0.000028 | ETH-USD fr=-0.000058
2026-03-22 19:27:34 [INFO] Status: 14 active, 1386 disc, 56938 poly, 244110 price, 131616 flow, 88226 funding, 1372 resolved | DOGE-USD=$0 | SOL-USD=$87 | BTC-USD=$68347 | ETH-USD=$2062 | BNB-USD=$628 | XRP-USD=$1 | BTC-USD fr=-0.000028 | ETH-USD fr=-0.000058
2026-03-22 19:28:39 [INFO] Status: 14 active, 1386 disc, 57022 poly, 244440 price, 131788 flow, 88354 funding, 1372 resolved | DOGE-USD=$0 | SOL-USD=$87 | BTC-USD=$68357 | ETH-USD=$2062 | BNB-USD=$628 | XRP-USD=$1 | BTC-USD fr=-0.000028 | ETH-USD fr=-0.000059
2026-03-22 19:29:43 [INFO] Status: 14 active, 1386 disc, 57106 poly, 244782 price, 131947 flow, 88484 funding, 1372 resolved | DOGE-USD=$0 | SOL-USD=$87 | BTC-USD=$68334 | ETH-USD=$2062 | BNB-USD=$628 | XRP-USD=$1 | BTC-USD fr=-0.000028 | ETH-USD fr=-0.000059
2026-03-22 19:30:09 [INFO] NEW BTC-USD Bitcoin Up or Down - March 22, 3:30PM-3:35PM ET yes=0.52 window=300s
2026-03-22 19:30:09 [INFO] NEW ETH-USD Ethereum Up or Down - March 22, 3:30PM-3:35PM ET yes=0.54 window=300s
2026-03-22 19:30:09 [INFO] NEW SOL-USD Solana Up or Down - March 22, 3:30PM-3:35PM ET yes=0.50 window=300s
2026-03-22 19:30:09 [INFO] NEW XRP-USD XRP Up or Down - March 22, 3:30PM-3:35PM ET yes=0.54 window=300s
2026-03-22 19:30:09 [INFO] NEW DOGE-USD Dogecoin Up or Down - March 22, 3:30PM-3:35PM ET yes=0.50 window=300s
2026-03-22 19:30:09 [INFO] NEW BNB-USD BNB Up or Down - March 22, 3:30PM-3:35PM ET yes=0.55 window=300s
2026-03-22 19:30:09 [INFO] NEW HYPE-USD Hyperliquid Up or Down - March 22, 3:30PM-3:35PM ET yes=0.50 window=300s
2026-03-22 19:30:09 [INFO] NEW BTC-USD Bitcoin Up or Down - March 22, 3:30PM-3:45PM ET yes=0.54 window=900s
2026-03-22 19:30:09 [INFO] NEW ETH-USD Ethereum Up or Down - March 22, 3:30PM-3:45PM ET yes=0.56 window=900s
2026-03-22 19:30:09 [INFO] NEW SOL-USD Solana Up or Down - March 22, 3:30PM-3:45PM ET yes=0.54 window=900s
2026-03-22 19:30:09 [INFO] NEW XRP-USD XRP Up or Down - March 22, 3:30PM-3:45PM ET yes=0.52 window=900s
2026-03-22 19:30:09 [INFO] NEW DOGE-USD Dogecoin Up or Down - March 22, 3:30PM-3:45PM ET yes=0.50 window=900s
2026-03-22 19:30:09 [INFO] NEW BNB-USD BNB Up or Down - March 22, 3:30PM-3:45PM ET yes=0.57 window=900s
2026-03-22 19:30:09 [INFO] NEW HYPE-USD Hyperliquid Up or Down - March 22, 3:30PM-3:45PM ET yes=0.50 window=900s
2026-03-22 19:30:28 [INFO] RESOLVED BTC-USD -> DOWN yes=0.50 Bitcoin Up or Down - March 22, 3:15PM-3:
2026-03-22 19:30:28 [INFO] RESOLVED ETH-USD -> DOWN yes=0.50 Ethereum Up or Down - March 22, 3:15PM-3
2026-03-22 19:30:28 [INFO] RESOLVED SOL-USD -> DOWN yes=0.50 Solana Up or Down - March 22, 3:15PM-3:3
2026-03-22 19:30:28 [INFO] RESOLVED XRP-USD -> DOWN yes=0.50 XRP Up or Down - March 22, 3:15PM-3:30PM
2026-03-22 19:30:28 [INFO] RESOLVED DOGE-USD -> DOWN yes=0.50 Dogecoin Up or Down - March 22, 3:15PM-3
2026-03-22 19:30:28 [INFO] RESOLVED BNB-USD -> DOWN yes=0.50 BNB Up or Down - March 22, 3:15PM-3:30PM
2026-03-22 19:30:28 [INFO] RESOLVED HYPE-USD -> DOWN yes=0.49 Hyperliquid Up or Down - March 22, 3:15P
2026-03-22 19:30:28 [INFO] RESOLVED BTC-USD -> DOWN yes=0.50 Bitcoin Up or Down - March 22, 3:25PM-3:
2026-03-22 19:30:28 [INFO] RESOLVED ETH-USD -> DOWN yes=0.50 Ethereum Up or Down - March 22, 3:25PM-3
2026-03-22 19:30:28 [INFO] RESOLVED SOL-USD -> DOWN yes=0.50 Solana Up or Down - March 22, 3:25PM-3:3
2026-03-22 19:30:28 [INFO] RESOLVED XRP-USD -> DOWN yes=0.50 XRP Up or Down - March 22, 3:25PM-3:30PM
2026-03-22 19:30:28 [INFO] RESOLVED DOGE-USD -> DOWN yes=0.50 Dogecoin Up or Down - March 22, 3:25PM-3
2026-03-22 19:30:28 [INFO] RESOLVED BNB-USD -> DOWN yes=0.50 BNB Up or Down - March 22, 3:25PM-3:30PM
2026-03-22 19:30:28 [INFO] RESOLVED HYPE-USD -> DOWN yes=0.50 Hyperliquid Up or Down - March 22, 3:25P
2026-03-22 19:30:46 [INFO] Status: 14 active, 1400 disc, 57190 poly, 245143 price, 132173 flow, 88610 funding, 1386 resolved | DOGE-USD=$0 | SOL-USD=$87 | BTC-USD=$68323 | ETH-USD=$2060 | BNB-USD=$627 | XRP-USD=$1 | BTC-USD fr=-0.000028 | ETH-USD fr=-0.000059
2026-03-22 19:31:50 [INFO] Status: 14 active, 1400 disc, 57274 poly, 245515 price, 132398 flow, 88738 funding, 1386 resolved | DOGE-USD=$0 | SOL-USD=$87 | BTC-USD=$68271 | ETH-USD=$2057 | BNB-USD=$627 | XRP-USD=$1 | BTC-USD fr=-0.000028 | ETH-USD fr=-0.000059
2026-03-22 19:32:55 [INFO] Status: 14 active, 1400 disc, 57358 poly, 245896 price, 132625 flow, 88866 funding, 1386 resolved | DOGE-USD=$0 | SOL-USD=$87 | BTC-USD=$68226 | ETH-USD=$2055 | BNB-USD=$627 | XRP-USD=$1 | BTC-USD fr=-0.000028 | ETH-USD fr=-0.000059
2026-03-22 19:33:59 [INFO] Status: 14 active, 1400 disc, 57442 poly, 246265 price, 132819 flow, 88996 funding, 1386 resolved | DOGE-USD=$0 | SOL-USD=$87 | BTC-USD=$68241 | ETH-USD=$2056 | BNB-USD=$627 | XRP-USD=$1 | BTC-USD fr=-0.000029 | ETH-USD fr=-0.000060
2026-03-22 19:35:04 [INFO] Status: 14 active, 1400 disc, 57526 poly, 246631 price, 133020 flow, 89126 funding, 1386 resolved | DOGE-USD=$0 | SOL-USD=$87 | BTC-USD=$68355 | ETH-USD=$2062 | BNB-USD=$628 | XRP-USD=$1 | BTC-USD fr=-0.000028 | ETH-USD fr=-0.000060
2026-03-22 19:35:08 [INFO] NEW BTC-USD Bitcoin Up or Down - March 22, 3:35PM-3:40PM ET yes=0.54 window=300s
2026-03-22 19:35:08 [INFO] NEW ETH-USD Ethereum Up or Down - March 22, 3:35PM-3:40PM ET yes=0.55 window=300s
2026-03-22 19:35:08 [INFO] NEW SOL-USD Solana Up or Down - March 22, 3:35PM-3:40PM ET yes=0.54 window=300s
2026-03-22 19:35:08 [INFO] NEW XRP-USD XRP Up or Down - March 22, 3:35PM-3:40PM ET yes=0.52 window=300s
2026-03-22 19:35:08 [INFO] NEW DOGE-USD Dogecoin Up or Down - March 22, 3:35PM-3:40PM ET yes=0.55 window=300s
2026-03-22 19:35:08 [INFO] NEW BNB-USD BNB Up or Down - March 22, 3:35PM-3:40PM ET yes=0.50 window=300s
2026-03-22 19:35:08 [INFO] NEW HYPE-USD Hyperliquid Up or Down - March 22, 3:35PM-3:40PM ET yes=0.50 window=300s
2026-03-22 19:35:22 [INFO] RESOLVED BTC-USD -> DOWN yes=0.50 Bitcoin Up or Down - March 22, 3:30PM-3:
2026-03-22 19:35:22 [INFO] RESOLVED ETH-USD -> DOWN yes=0.50 Ethereum Up or Down - March 22, 3:30PM-3
2026-03-22 19:35:22 [INFO] RESOLVED SOL-USD -> DOWN yes=0.50 Solana Up or Down - March 22, 3:30PM-3:3
2026-03-22 19:35:22 [INFO] RESOLVED XRP-USD -> DOWN yes=0.50 XRP Up or Down - March 22, 3:30PM-3:35PM
2026-03-22 19:35:22 [INFO] RESOLVED DOGE-USD -> DOWN yes=0.50 Dogecoin Up or Down - March 22, 3:30PM-3
2026-03-22 19:35:22 [INFO] RESOLVED BNB-USD -> DOWN yes=0.50 BNB Up or Down - March 22, 3:30PM-3:35PM
2026-03-22 19:35:22 [INFO] RESOLVED HYPE-USD -> DOWN yes=0.50 Hyperliquid Up or Down - March 22, 3:30P
2026-03-22 19:36:13 [INFO] Status: 14 active, 1407 disc, 57617 poly, 247033 price, 133235 flow, 89262 funding, 1393 resolved | DOGE-USD=$0 | SOL-USD=$87 | BTC-USD=$68366 | ETH-USD=$2064 | BNB-USD=$628 | XRP-USD=$1 | BTC-USD fr=-0.000028 | ETH-USD fr=-0.000059
2026-03-22 19:37:16 [INFO] Status: 14 active, 1407 disc, 57701 poly, 247398 price, 133418 flow, 89390 funding, 1393 resolved | DOGE-USD=$0 | SOL-USD=$87 | BTC-USD=$68375 | ETH-USD=$2064 | BNB-USD=$628 | XRP-USD=$1 | BTC-USD fr=-0.000027 | ETH-USD fr=-0.000058
2026-03-22 19:38:19 [INFO] Status: 14 active, 1407 disc, 57785 poly, 247732 price, 133583 flow, 89516 funding, 1393 resolved | DOGE-USD=$0 | SOL-USD=$87 | BTC-USD=$68365 | ETH-USD=$2064 | BNB-USD=$628 | XRP-USD=$1 | BTC-USD fr=-0.000027 | ETH-USD fr=-0.000058
2026-03-22 19:39:22 [INFO] Status: 14 active, 1407 disc, 57869 poly, 248066 price, 133738 flow, 89642 funding, 1393 resolved | DOGE-USD=$0 | SOL-USD=$87 | BTC-USD=$68380 | ETH-USD=$2066 | BNB-USD=$628 | XRP-USD=$1 | BTC-USD fr=-0.000027 | ETH-USD fr=-0.000058
2026-03-22 19:40:08 [INFO] NEW BTC-USD Bitcoin Up or Down - March 22, 3:40PM-3:45PM ET yes=0.52 window=300s
2026-03-22 19:40:08 [INFO] NEW ETH-USD Ethereum Up or Down - March 22, 3:40PM-3:45PM ET yes=0.51 window=300s
2026-03-22 19:40:08 [INFO] NEW SOL-USD Solana Up or Down - March 22, 3:40PM-3:45PM ET yes=0.52 window=300s
2026-03-22 19:40:08 [INFO] NEW XRP-USD XRP Up or Down - March 22, 3:40PM-3:45PM ET yes=0.51 window=300s
2026-03-22 19:40:08 [INFO] NEW DOGE-USD Dogecoin Up or Down - March 22, 3:40PM-3:45PM ET yes=0.54 window=300s
2026-03-22 19:40:08 [INFO] NEW BNB-USD BNB Up or Down - March 22, 3:40PM-3:45PM ET yes=0.50 window=300s
2026-03-22 19:40:08 [INFO] NEW HYPE-USD Hyperliquid Up or Down - March 22, 3:40PM-3:45PM ET yes=0.50 window=300s
2026-03-22 19:40:27 [INFO] RESOLVED BTC-USD -> DOWN yes=0.50 Bitcoin Up or Down - March 22, 3:35PM-3:
2026-03-22 19:40:27 [INFO] RESOLVED ETH-USD -> DOWN yes=0.50 Ethereum Up or Down - March 22, 3:35PM-3
2026-03-22 19:40:27 [INFO] RESOLVED SOL-USD -> DOWN yes=0.50 Solana Up or Down - March 22, 3:35PM-3:4
2026-03-22 19:40:27 [INFO] RESOLVED XRP-USD -> DOWN yes=0.50 XRP Up or Down - March 22, 3:35PM-3:40PM
2026-03-22 19:40:27 [INFO] RESOLVED DOGE-USD -> DOWN yes=0.50 Dogecoin Up or Down - March 22, 3:35PM-3
2026-03-22 19:40:27 [INFO] RESOLVED BNB-USD -> DOWN yes=0.50 BNB Up or Down - March 22, 3:35PM-3:40PM
2026-03-22 19:40:27 [INFO] RESOLVED HYPE-USD -> DOWN yes=0.50 Hyperliquid Up or Down - March 22, 3:35P
2026-03-22 19:40:31 [INFO] Status: 14 active, 1414 disc, 57960 poly, 248448 price, 133930 flow, 89778 funding, 1400 resolved | DOGE-USD=$0 | SOL-USD=$87 | BTC-USD=$68376 | ETH-USD=$2066 | BNB-USD=$628 | XRP-USD=$1 | BTC-USD fr=-0.000027 | ETH-USD fr=-0.000057
2026-03-22 19:41:34 [INFO] Status: 14 active, 1414 disc, 58044 poly, 248807 price, 134122 flow, 89906 funding, 1400 resolved | DOGE-USD=$0 | SOL-USD=$87 | BTC-USD=$68406 | ETH-USD=$2067 | BNB-USD=$628 | XRP-USD=$1 | BTC-USD fr=-0.000026 | ETH-USD fr=-0.000056
2026-03-22 19:42:37 [INFO] Status: 14 active, 1414 disc, 58128 poly, 249147 price, 134293 flow, 90032 funding, 1400 resolved | DOGE-USD=$0 | SOL-USD=$87 | BTC-USD=$68369 | ETH-USD=$2065 | BNB-USD=$628 | XRP-USD=$1 | BTC-USD fr=-0.000026 | ETH-USD fr=-0.000056
2026-03-22 19:43:40 [INFO] Status: 14 active, 1414 disc, 58212 poly, 249462 price, 134437 flow, 90158 funding, 1400 resolved | DOGE-USD=$0 | SOL-USD=$87 | BTC-USD=$68388 | ETH-USD=$2066 | BNB-USD=$628 | XRP-USD=$1 | BTC-USD fr=-0.000027 | ETH-USD fr=-0.000056
2026-03-22 19:44:43 [INFO] Status: 14 active, 1414 disc, 58296 poly, 249797 price, 134599 flow, 90284 funding, 1400 resolved | DOGE-USD=$0 | SOL-USD=$87 | BTC-USD=$68397 | ETH-USD=$2066 | BNB-USD=$628 | XRP-USD=$1 | BTC-USD fr=-0.000027 | ETH-USD fr=-0.000056
2026-03-22 19:45:08 [INFO] NEW BTC-USD Bitcoin Up or Down - March 22, 3:45PM-3:50PM ET yes=0.49 window=300s
2026-03-22 19:45:08 [INFO] NEW ETH-USD Ethereum Up or Down - March 22, 3:45PM-3:50PM ET yes=0.48 window=300s
2026-03-22 19:45:08 [INFO] NEW SOL-USD Solana Up or Down - March 22, 3:45PM-3:50PM ET yes=0.48 window=300s
2026-03-22 19:45:08 [INFO] NEW XRP-USD XRP Up or Down - March 22, 3:45PM-3:50PM ET yes=0.47 window=300s
2026-03-22 19:45:08 [INFO] NEW DOGE-USD Dogecoin Up or Down - March 22, 3:45PM-3:50PM ET yes=0.45 window=300s
2026-03-22 19:45:08 [INFO] NEW BNB-USD BNB Up or Down - March 22, 3:45PM-3:50PM ET yes=0.50 window=300s
2026-03-22 19:45:08 [INFO] NEW HYPE-USD Hyperliquid Up or Down - March 22, 3:45PM-3:50PM ET yes=0.50 window=300s
2026-03-22 19:45:08 [INFO] NEW BTC-USD Bitcoin Up or Down - March 22, 3:45PM-4:00PM ET yes=0.51 window=900s
2026-03-22 19:45:08 [INFO] NEW ETH-USD Ethereum Up or Down - March 22, 3:45PM-4:00PM ET yes=0.52 window=900s
2026-03-22 19:45:08 [INFO] NEW SOL-USD Solana Up or Down - March 22, 3:45PM-4:00PM ET yes=0.47 window=900s
2026-03-22 19:45:08 [INFO] NEW XRP-USD XRP Up or Down - March 22, 3:45PM-4:00PM ET yes=0.51 window=900s
2026-03-22 19:45:08 [INFO] NEW DOGE-USD Dogecoin Up or Down - March 22, 3:45PM-4:00PM ET yes=0.50 window=900s
2026-03-22 19:45:08 [INFO] NEW BNB-USD BNB Up or Down - March 22, 3:45PM-4:00PM ET yes=0.50 window=900s
2026-03-22 19:45:08 [INFO] NEW HYPE-USD Hyperliquid Up or Down - March 22, 3:45PM-4:00PM ET yes=0.50 window=900s
2026-03-22 19:45:26 [INFO] RESOLVED BTC-USD -> DOWN yes=0.50 Bitcoin Up or Down - March 22, 3:30PM-3:
2026-03-22 19:45:26 [INFO] RESOLVED ETH-USD -> DOWN yes=0.50 Ethereum Up or Down - March 22, 3:30PM-3
2026-03-22 19:45:26 [INFO] RESOLVED SOL-USD -> DOWN yes=0.50 Solana Up or Down - March 22, 3:30PM-3:4
2026-03-22 19:45:26 [INFO] RESOLVED XRP-USD -> DOWN yes=0.50 XRP Up or Down - March 22, 3:30PM-3:45PM
2026-03-22 19:45:26 [INFO] RESOLVED DOGE-USD -> DOWN yes=0.50 Dogecoin Up or Down - March 22, 3:30PM-3
2026-03-22 19:45:26 [INFO] RESOLVED BNB-USD -> DOWN yes=0.50 BNB Up or Down - March 22, 3:30PM-3:45PM
2026-03-22 19:45:26 [INFO] RESOLVED HYPE-USD -> DOWN yes=0.50 Hyperliquid Up or Down - March 22, 3:30P
2026-03-22 19:45:26 [INFO] RESOLVED BTC-USD -> DOWN yes=0.50 Bitcoin Up or Down - March 22, 3:40PM-3:
2026-03-22 19:45:26 [INFO] RESOLVED ETH-USD -> DOWN yes=0.50 Ethereum Up or Down - March 22, 3:40PM-3
2026-03-22 19:45:26 [INFO] RESOLVED SOL-USD -> DOWN yes=0.50 Solana Up or Down - March 22, 3:40PM-3:4
2026-03-22 19:45:26 [INFO] RESOLVED XRP-USD -> DOWN yes=0.50 XRP Up or Down - March 22, 3:40PM-3:45PM
2026-03-22 19:45:26 [INFO] RESOLVED DOGE-USD -> DOWN yes=0.50 Dogecoin Up or Down - March 22, 3:40PM-3
2026-03-22 19:45:26 [INFO] RESOLVED BNB-USD -> DOWN yes=0.50 BNB Up or Down - March 22, 3:40PM-3:45PM
2026-03-22 19:45:26 [INFO] RESOLVED HYPE-USD -> DOWN yes=0.50 Hyperliquid Up or Down - March 22, 3:40P
2026-03-22 19:45:44 [INFO] Status: 14 active, 1428 disc, 58380 poly, 250138 price, 134772 flow, 90406 funding, 1414 resolved | DOGE-USD=$0 | SOL-USD=$87 | BTC-USD=$68388 | ETH-USD=$2066 | BNB-USD=$628 | XRP-USD=$1 | BTC-USD fr=-0.000027 | ETH-USD fr=-0.000056
2026-03-22 19:46:47 [INFO] Status: 14 active, 1428 disc, 58464 poly, 250478 price, 134952 flow, 90532 funding, 1414 resolved | DOGE-USD=$0 | SOL-USD=$87 | BTC-USD=$68354 | ETH-USD=$2064 | BNB-USD=$628 | XRP-USD=$1 | BTC-USD fr=-0.000026 | ETH-USD fr=-0.000056
2026-03-22 19:47:50 [INFO] Status: 14 active, 1428 disc, 58548 poly, 250816 price, 135107 flow, 90658 funding, 1414 resolved | DOGE-USD=$0 | SOL-USD=$87 | BTC-USD=$68284 | ETH-USD=$2063 | BNB-USD=$628 | XRP-USD=$1 | BTC-USD fr=-0.000026 | ETH-USD fr=-0.000056
2026-03-22 19:48:53 [INFO] Status: 14 active, 1428 disc, 58632 poly, 251172 price, 135298 flow, 90784 funding, 1414 resolved | DOGE-USD=$0 | SOL-USD=$87 | BTC-USD=$68202 | ETH-USD=$2060 | BNB-USD=$628 | XRP-USD=$1 | BTC-USD fr=-0.000026 | ETH-USD fr=-0.000057
2026-03-22 19:49:57 [INFO] Status: 14 active, 1428 disc, 58716 poly, 251539 price, 135504 flow, 90912 funding, 1414 resolved | DOGE-USD=$0 | SOL-USD=$87 | BTC-USD=$68156 | ETH-USD=$2060 | BNB-USD=$627 | XRP-USD=$1 | BTC-USD fr=-0.000026 | ETH-USD fr=-0.000057
2026-03-22 19:50:13 [INFO] NEW BTC-USD Bitcoin Up or Down - March 22, 3:50PM-3:55PM ET yes=0.49 window=300s
2026-03-22 19:50:13 [INFO] NEW ETH-USD Ethereum Up or Down - March 22, 3:50PM-3:55PM ET yes=0.54 window=300s
2026-03-22 19:50:13 [INFO] NEW SOL-USD Solana Up or Down - March 22, 3:50PM-3:55PM ET yes=0.47 window=300s
2026-03-22 19:50:13 [INFO] NEW XRP-USD XRP Up or Down - March 22, 3:50PM-3:55PM ET yes=0.52 window=300s
2026-03-22 19:50:13 [INFO] NEW DOGE-USD Dogecoin Up or Down - March 22, 3:50PM-3:55PM ET yes=0.45 window=300s
2026-03-22 19:50:13 [INFO] NEW BNB-USD BNB Up or Down - March 22, 3:50PM-3:55PM ET yes=0.50 window=300s
2026-03-22 19:50:13 [INFO] NEW HYPE-USD Hyperliquid Up or Down - March 22, 3:50PM-3:55PM ET yes=0.50 window=300s
2026-03-22 19:50:13 [INFO] RESOLVED BTC-USD -> DOWN yes=0.50 Bitcoin Up or Down - March 22, 3:45PM-3:
2026-03-22 19:50:13 [INFO] RESOLVED ETH-USD -> DOWN yes=0.50 Ethereum Up or Down - March 22, 3:45PM-3
2026-03-22 19:50:13 [INFO] RESOLVED SOL-USD -> DOWN yes=0.50 Solana Up or Down - March 22, 3:45PM-3:5
2026-03-22 19:50:13 [INFO] RESOLVED XRP-USD -> DOWN yes=0.50 XRP Up or Down - March 22, 3:45PM-3:50PM
2026-03-22 19:50:13 [INFO] RESOLVED DOGE-USD -> DOWN yes=0.50 Dogecoin Up or Down - March 22, 3:45PM-3
2026-03-22 19:50:13 [INFO] RESOLVED BNB-USD -> DOWN yes=0.50 BNB Up or Down - March 22, 3:45PM-3:50PM
2026-03-22 19:50:13 [INFO] RESOLVED HYPE-USD -> DOWN yes=0.50 Hyperliquid Up or Down - March 22, 3:45P
2026-03-22 19:51:03 [INFO] Status: 14 active, 1435 disc, 58800 poly, 251908 price, 135705 flow, 91044 funding, 1421 resolved | DOGE-USD=$0 | SOL-USD=$87 | BTC-USD=$68192 | ETH-USD=$2062 | BNB-USD=$628 | XRP-USD=$1 | BTC-USD fr=-0.000026 | ETH-USD fr=-0.000057
2026-03-22 19:52:06 [INFO] Status: 14 active, 1435 disc, 58884 poly, 252247 price, 135873 flow, 91170 funding, 1421 resolved | DOGE-USD=$0 | SOL-USD=$87 | BTC-USD=$68197 | ETH-USD=$2061 | BNB-USD=$627 | XRP-USD=$1 | BTC-USD fr=-0.000026 | ETH-USD fr=-0.000057
2026-03-22 19:53:09 [INFO] Status: 14 active, 1435 disc, 58968 poly, 252583 price, 136026 flow, 91296 funding, 1421 resolved | DOGE-USD=$0 | SOL-USD=$87 | BTC-USD=$68194 | ETH-USD=$2061 | BNB-USD=$628 | XRP-USD=$1 | BTC-USD fr=-0.000026 | ETH-USD fr=-0.000056
2026-03-22 19:54:12 [INFO] Status: 14 active, 1435 disc, 59052 poly, 252913 price, 136171 flow, 91422 funding, 1421 resolved | DOGE-USD=$0 | SOL-USD=$87 | BTC-USD=$68235 | ETH-USD=$2064 | BNB-USD=$628 | XRP-USD=$1 | BTC-USD fr=-0.000026 | ETH-USD fr=-0.000056
2026-03-22 19:55:09 [INFO] NEW BTC-USD Bitcoin Up or Down - March 22, 3:55PM-4:00PM ET yes=0.53 window=300s
2026-03-22 19:55:09 [INFO] NEW ETH-USD Ethereum Up or Down - March 22, 3:55PM-4:00PM ET yes=0.53 window=300s
2026-03-22 19:55:09 [INFO] NEW SOL-USD Solana Up or Down - March 22, 3:55PM-4:00PM ET yes=0.54 window=300s
2026-03-22 19:55:09 [INFO] NEW XRP-USD XRP Up or Down - March 22, 3:55PM-4:00PM ET yes=0.53 window=300s
2026-03-22 19:55:09 [INFO] NEW DOGE-USD Dogecoin Up or Down - March 22, 3:55PM-4:00PM ET yes=0.50 window=300s
2026-03-22 19:55:09 [INFO] NEW BNB-USD BNB Up or Down - March 22, 3:55PM-4:00PM ET yes=0.50 window=300s
2026-03-22 19:55:09 [INFO] NEW HYPE-USD Hyperliquid Up or Down - March 22, 3:55PM-4:00PM ET yes=0.50 window=300s
2026-03-22 19:55:20 [INFO] Status: 21 active, 1442 disc, 59143 poly, 253283 price, 136344 flow, 91558 funding, 1421 resolved | DOGE-USD=$0 | SOL-USD=$87 | BTC-USD=$68228 | ETH-USD=$2063 | BNB-USD=$628 | XRP-USD=$1 | BTC-USD fr=-0.000025 | ETH-USD fr=-0.000056
2026-03-22 19:55:27 [INFO] RESOLVED BTC-USD -> DOWN yes=0.50 Bitcoin Up or Down - March 22, 3:50PM-3:
2026-03-22 19:55:27 [INFO] RESOLVED ETH-USD -> DOWN yes=0.50 Ethereum Up or Down - March 22, 3:50PM-3
2026-03-22 19:55:27 [INFO] RESOLVED SOL-USD -> DOWN yes=0.50 Solana Up or Down - March 22, 3:50PM-3:5
2026-03-22 19:55:27 [INFO] RESOLVED XRP-USD -> DOWN yes=0.50 XRP Up or Down - March 22, 3:50PM-3:55PM
2026-03-22 19:55:27 [INFO] RESOLVED DOGE-USD -> DOWN yes=0.50 Dogecoin Up or Down - March 22, 3:50PM-3
2026-03-22 19:55:27 [INFO] RESOLVED BNB-USD -> DOWN yes=0.50 BNB Up or Down - March 22, 3:50PM-3:55PM
2026-03-22 19:55:27 [INFO] RESOLVED HYPE-USD -> DOWN yes=0.50 Hyperliquid Up or Down - March 22, 3:50P
2026-03-22 19:56:24 [INFO] Status: 14 active, 1442 disc, 59227 poly, 253599 price, 136478 flow, 91684 funding, 1428 resolved | DOGE-USD=$0 | SOL-USD=$87 | BTC-USD=$68235 | ETH-USD=$2063 | BNB-USD=$628 | XRP-USD=$1 | BTC-USD fr=-0.000025 | ETH-USD fr=-0.000056
2026-03-22 19:57:26 [INFO] Status: 14 active, 1442 disc, 59311 poly, 253944 price, 136638 flow, 91810 funding, 1428 resolved | DOGE-USD=$0 | SOL-USD=$87 | BTC-USD=$68191 | ETH-USD=$2063 | BNB-USD=$627 | XRP-USD=$1 | BTC-USD fr=-0.000025 | ETH-USD fr=-0.000056
2026-03-22 19:58:31 [INFO] Status: 14 active, 1442 disc, 59395 poly, 254268 price, 136785 flow, 91940 funding, 1428 resolved | DOGE-USD=$0 | SOL-USD=$87 | BTC-USD=$68179 | ETH-USD=$2062 | BNB-USD=$627 | XRP-USD=$1 | BTC-USD fr=-0.000024 | ETH-USD fr=-0.000056
2026-03-22 19:59:34 [INFO] Status: 14 active, 1442 disc, 59479 poly, 254570 price, 136923 flow, 92066 funding, 1428 resolved | DOGE-USD=$0 | SOL-USD=$87 | BTC-USD=$68189 | ETH-USD=$2063 | BNB-USD=$627 | XRP-USD=$1 | BTC-USD fr=-0.000024 | ETH-USD fr=-0.000056
2026-03-22 20:00:11 [INFO] NEW BTC-USD Bitcoin Up or Down - March 22, 4:00PM-4:05PM ET yes=0.53 window=300s
2026-03-22 20:00:11 [INFO] NEW ETH-USD Ethereum Up or Down - March 22, 4:00PM-4:05PM ET yes=0.51 window=300s
2026-03-22 20:00:11 [INFO] NEW SOL-USD Solana Up or Down - March 22, 4:00PM-4:05PM ET yes=0.52 window=300s
2026-03-22 20:00:11 [INFO] NEW XRP-USD XRP Up or Down - March 22, 4:00PM-4:05PM ET yes=0.52 window=300s
2026-03-22 20:00:11 [INFO] NEW DOGE-USD Dogecoin Up or Down - March 22, 4:00PM-4:05PM ET yes=0.50 window=300s
2026-03-22 20:00:11 [INFO] NEW BNB-USD BNB Up or Down - March 22, 4:00PM-4:05PM ET yes=0.50 window=300s
2026-03-22 20:00:11 [INFO] NEW HYPE-USD Hyperliquid Up or Down - March 22, 4:00PM-4:05PM ET yes=0.50 window=300s
2026-03-22 20:00:11 [INFO] NEW BTC-USD Bitcoin Up or Down - March 22, 4:00PM-4:15PM ET yes=0.56 window=900s
2026-03-22 20:00:11 [INFO] NEW ETH-USD Ethereum Up or Down - March 22, 4:00PM-4:15PM ET yes=0.55 window=900s
2026-03-22 20:00:11 [INFO] NEW SOL-USD Solana Up or Down - March 22, 4:00PM-4:15PM ET yes=0.53 window=900s
2026-03-22 20:00:11 [INFO] NEW XRP-USD XRP Up or Down - March 22, 4:00PM-4:15PM ET yes=0.53 window=900s
2026-03-22 20:00:11 [INFO] NEW DOGE-USD Dogecoin Up or Down - March 22, 4:00PM-4:15PM ET yes=0.50 window=900s
2026-03-22 20:00:11 [INFO] NEW BNB-USD BNB Up or Down - March 22, 4:00PM-4:15PM ET yes=0.50 window=900s
2026-03-22 20:00:11 [INFO] NEW HYPE-USD Hyperliquid Up or Down - March 22, 4:00PM-4:15PM ET yes=0.50 window=900s
2026-03-22 20:00:31 [INFO] RESOLVED BTC-USD -> DOWN yes=0.50 Bitcoin Up or Down - March 22, 3:45PM-4:
2026-03-22 20:00:31 [INFO] RESOLVED ETH-USD -> DOWN yes=0.50 Ethereum Up or Down - March 22, 3:45PM-4
2026-03-22 20:00:31 [INFO] RESOLVED SOL-USD -> DOWN yes=0.50 Solana Up or Down - March 22, 3:45PM-4:0
2026-03-22 20:00:31 [INFO] RESOLVED XRP-USD -> DOWN yes=0.50 XRP Up or Down - March 22, 3:45PM-4:00PM
2026-03-22 20:00:31 [INFO] RESOLVED DOGE-USD -> DOWN yes=0.50 Dogecoin Up or Down - March 22, 3:45PM-4
2026-03-22 20:00:31 [INFO] RESOLVED BNB-USD -> DOWN yes=0.50 BNB Up or Down - March 22, 3:45PM-4:00PM
2026-03-22 20:00:31 [INFO] RESOLVED HYPE-USD -> DOWN yes=0.50 Hyperliquid Up or Down - March 22, 3:45P
2026-03-22 20:00:31 [INFO] RESOLVED BTC-USD -> DOWN yes=0.50 Bitcoin Up or Down - March 22, 3:55PM-4:
2026-03-22 20:00:31 [INFO] RESOLVED ETH-USD -> DOWN yes=0.50 Ethereum Up or Down - March 22, 3:55PM-4
2026-03-22 20:00:31 [INFO] RESOLVED SOL-USD -> DOWN yes=0.50 Solana Up or Down - March 22, 3:55PM-4:0
2026-03-22 20:00:31 [INFO] RESOLVED XRP-USD -> DOWN yes=0.50 XRP Up or Down - March 22, 3:55PM-4:00PM
2026-03-22 20:00:31 [INFO] RESOLVED DOGE-USD -> DOWN yes=0.50 Dogecoin Up or Down - March 22, 3:55PM-4
2026-03-22 20:00:31 [INFO] RESOLVED BNB-USD -> DOWN yes=0.50 BNB Up or Down - March 22, 3:55PM-4:00PM
2026-03-22 20:00:31 [INFO] RESOLVED HYPE-USD -> DOWN yes=0.50 Hyperliquid Up or Down - March 22, 3:55P
2026-03-22 20:00:39 [INFO] Status: 14 active, 1456 disc, 59563 poly, 254933 price, 137103 flow, 92196 funding, 1442 resolved | DOGE-USD=$0 | SOL-USD=$87 | BTC-USD=$68245 | ETH-USD=$2065 | BNB-USD=$628 | XRP-USD=$1 | BTC-USD fr=-0.000024 | ETH-USD fr=-0.000056
2026-03-22 20:01:43 [INFO] Status: 14 active, 1456 disc, 59647 poly, 255311 price, 137321 flow, 92324 funding, 1442 resolved | DOGE-USD=$0 | SOL-USD=$87 | BTC-USD=$68300 | ETH-USD=$2067 | BNB-USD=$628 | XRP-USD=$1 | BTC-USD fr=-0.000023 | ETH-USD fr=-0.000055
2026-03-22 20:02:47 [INFO] Status: 14 active, 1456 disc, 59731 poly, 255669 price, 137489 flow, 92452 funding, 1442 resolved | DOGE-USD=$0 | SOL-USD=$87 | BTC-USD=$68282 | ETH-USD=$2067 | BNB-USD=$628 | XRP-USD=$1 | BTC-USD fr=-0.000023 | ETH-USD fr=-0.000054
2026-03-22 20:03:50 [INFO] Status: 14 active, 1456 disc, 59815 poly, 256034 price, 137678 flow, 92578 funding, 1442 resolved | DOGE-USD=$0 | SOL-USD=$87 | BTC-USD=$68301 | ETH-USD=$2067 | BNB-USD=$628 | XRP-USD=$1 | BTC-USD fr=-0.000023 | ETH-USD fr=-0.000054
2026-03-22 20:04:53 [INFO] Status: 14 active, 1456 disc, 59899 poly, 256384 price, 137829 flow, 92704 funding, 1442 resolved | DOGE-USD=$0 | SOL-USD=$87 | BTC-USD=$68298 | ETH-USD=$2067 | BNB-USD=$628 | XRP-USD=$1 | BTC-USD fr=-0.000022 | ETH-USD fr=-0.000054
2026-03-22 20:05:07 [INFO] NEW BTC-USD Bitcoin Up or Down - March 22, 4:05PM-4:10PM ET yes=0.53 window=300s
2026-03-22 20:05:07 [INFO] NEW ETH-USD Ethereum Up or Down - March 22, 4:05PM-4:10PM ET yes=0.49 window=300s
2026-03-22 20:05:07 [INFO] NEW SOL-USD Solana Up or Down - March 22, 4:05PM-4:10PM ET yes=0.50 window=300s
2026-03-22 20:05:07 [INFO] NEW XRP-USD XRP Up or Down - March 22, 4:05PM-4:10PM ET yes=0.49 window=300s
2026-03-22 20:05:07 [INFO] NEW DOGE-USD Dogecoin Up or Down - March 22, 4:05PM-4:10PM ET yes=0.45 window=300s
2026-03-22 20:05:07 [INFO] NEW BNB-USD BNB Up or Down - March 22, 4:05PM-4:10PM ET yes=0.50 window=300s
2026-03-22 20:05:07 [INFO] NEW HYPE-USD Hyperliquid Up or Down - March 22, 4:05PM-4:10PM ET yes=0.50 window=300s
2026-03-22 20:05:21 [INFO] RESOLVED BTC-USD -> DOWN yes=0.50 Bitcoin Up or Down - March 22, 4:00PM-4:
2026-03-22 20:05:21 [INFO] RESOLVED ETH-USD -> DOWN yes=0.50 Ethereum Up or Down - March 22, 4:00PM-4
2026-03-22 20:05:21 [INFO] RESOLVED SOL-USD -> DOWN yes=0.50 Solana Up or Down - March 22, 4:00PM-4:0
2026-03-22 20:05:21 [INFO] RESOLVED XRP-USD -> DOWN yes=0.50 XRP Up or Down - March 22, 4:00PM-4:05PM
2026-03-22 20:05:21 [INFO] RESOLVED DOGE-USD -> DOWN yes=0.50 Dogecoin Up or Down - March 22, 4:00PM-4
2026-03-22 20:05:21 [INFO] RESOLVED BNB-USD -> DOWN yes=0.50 BNB Up or Down - March 22, 4:00PM-4:05PM
2026-03-22 20:05:21 [INFO] RESOLVED HYPE-USD -> DOWN yes=0.50 Hyperliquid Up or Down - March 22, 4:00P
2026-03-22 20:06:00 [INFO] Status: 14 active, 1463 disc, 59990 poly, 256752 price, 138019 flow, 92838 funding, 1449 resolved | DOGE-USD=$0 | SOL-USD=$87 | BTC-USD=$68326 | ETH-USD=$2067 | BNB-USD=$628 | XRP-USD=$1 | BTC-USD fr=-0.000022 | ETH-USD fr=-0.000055
2026-03-22 20:07:04 [INFO] Status: 14 active, 1463 disc, 60074 poly, 257100 price, 138206 flow, 92966 funding, 1449 resolved | DOGE-USD=$0 | SOL-USD=$87 | BTC-USD=$68291 | ETH-USD=$2066 | BNB-USD=$628 | XRP-USD=$1 | BTC-USD fr=-0.000021 | ETH-USD fr=-0.000055
2026-03-22 20:08:08 [INFO] Status: 14 active, 1463 disc, 60158 poly, 257452 price, 138383 flow, 93094 funding, 1449 resolved | DOGE-USD=$0 | SOL-USD=$87 | BTC-USD=$68304 | ETH-USD=$2067 | BNB-USD=$628 | XRP-USD=$1 | BTC-USD fr=-0.000021 | ETH-USD fr=-0.000056
2026-03-22 20:09:11 [INFO] Status: 14 active, 1463 disc, 60242 poly, 257789 price, 138540 flow, 93220 funding, 1449 resolved | DOGE-USD=$0 | SOL-USD=$87 | BTC-USD=$68317 | ETH-USD=$2067 | BNB-USD=$628 | XRP-USD=$1 | BTC-USD fr=-0.000020 | ETH-USD fr=-0.000056
2026-03-22 20:10:08 [INFO] NEW BTC-USD Bitcoin Up or Down - March 22, 4:10PM-4:15PM ET yes=0.51 window=300s
2026-03-22 20:10:08 [INFO] NEW ETH-USD Ethereum Up or Down - March 22, 4:10PM-4:15PM ET yes=0.49 window=300s
2026-03-22 20:10:08 [INFO] NEW SOL-USD Solana Up or Down - March 22, 4:10PM-4:15PM ET yes=0.50 window=300s
2026-03-22 20:10:08 [INFO] NEW XRP-USD XRP Up or Down - March 22, 4:10PM-4:15PM ET yes=0.47 window=300s
2026-03-22 20:10:08 [INFO] NEW DOGE-USD Dogecoin Up or Down - March 22, 4:10PM-4:15PM ET yes=0.48 window=300s
2026-03-22 20:10:08 [INFO] NEW BNB-USD BNB Up or Down - March 22, 4:10PM-4:15PM ET yes=0.50 window=300s
2026-03-22 20:10:08 [INFO] NEW HYPE-USD Hyperliquid Up or Down - March 22, 4:10PM-4:15PM ET yes=0.50 window=300s
2026-03-22 20:10:20 [INFO] Status: 21 active, 1470 disc, 60333 poly, 258162 price, 138714 flow, 93358 funding, 1449 resolved | DOGE-USD=$0 | SOL-USD=$87 | BTC-USD=$68323 | ETH-USD=$2067 | BNB-USD=$628 | XRP-USD=$1 | BTC-USD fr=-0.000020 | ETH-USD fr=-0.000056
2026-03-22 20:10:28 [INFO] RESOLVED BTC-USD -> DOWN yes=0.50 Bitcoin Up or Down - March 22, 4:05PM-4:
2026-03-22 20:10:28 [INFO] RESOLVED ETH-USD -> DOWN yes=0.50 Ethereum Up or Down - March 22, 4:05PM-4
2026-03-22 20:10:28 [INFO] RESOLVED SOL-USD -> DOWN yes=0.50 Solana Up or Down - March 22, 4:05PM-4:1
2026-03-22 20:10:28 [INFO] RESOLVED XRP-USD -> DOWN yes=0.50 XRP Up or Down - March 22, 4:05PM-4:10PM
2026-03-22 20:10:28 [INFO] RESOLVED DOGE-USD -> DOWN yes=0.50 Dogecoin Up or Down - March 22, 4:05PM-4
2026-03-22 20:10:28 [INFO] RESOLVED BNB-USD -> DOWN yes=0.50 BNB Up or Down - March 22, 4:05PM-4:10PM
2026-03-22 20:10:28 [INFO] RESOLVED HYPE-USD -> DOWN yes=0.50 Hyperliquid Up or Down - March 22, 4:05P
2026-03-22 20:11:24 [INFO] Status: 14 active, 1470 disc, 60417 poly, 258509 price, 138898 flow, 93486 funding, 1456 resolved | DOGE-USD=$0 | SOL-USD=$87 | BTC-USD=$68333 | ETH-USD=$2067 | BNB-USD=$628 | XRP-USD=$1 | BTC-USD fr=-0.000020 | ETH-USD fr=-0.000056
2026-03-22 20:12:28 [INFO] Status: 14 active, 1470 disc, 60501 poly, 258857 price, 139068 flow, 93614 funding, 1456 resolved | DOGE-USD=$0 | SOL-USD=$87 | BTC-USD=$68323 | ETH-USD=$2067 | BNB-USD=$628 | XRP-USD=$1 | BTC-USD fr=-0.000019 | ETH-USD fr=-0.000056
2026-03-22 20:13:31 [INFO] Status: 14 active, 1470 disc, 60585 poly, 259181 price, 139236 flow, 93740 funding, 1456 resolved | DOGE-USD=$0 | SOL-USD=$87 | BTC-USD=$68288 | ETH-USD=$2066 | BNB-USD=$628 | XRP-USD=$1 | BTC-USD fr=-0.000019 | ETH-USD fr=-0.000057
2026-03-22 20:14:34 [INFO] Status: 14 active, 1470 disc, 60669 poly, 259514 price, 139396 flow, 93866 funding, 1456 resolved | DOGE-USD=$0 | SOL-USD=$87 | BTC-USD=$68328 | ETH-USD=$2067 | BNB-USD=$629 | XRP-USD=$1 | BTC-USD fr=-0.000019 | ETH-USD fr=-0.000057
2026-03-22 20:15:10 [INFO] NEW BTC-USD Bitcoin Up or Down - March 22, 4:15PM-4:20PM ET yes=0.49 window=300s
2026-03-22 20:15:10 [INFO] NEW ETH-USD Ethereum Up or Down - March 22, 4:15PM-4:20PM ET yes=0.48 window=300s
2026-03-22 20:15:10 [INFO] NEW SOL-USD Solana Up or Down - March 22, 4:15PM-4:20PM ET yes=0.47 window=300s
2026-03-22 20:15:10 [INFO] NEW XRP-USD XRP Up or Down - March 22, 4:15PM-4:20PM ET yes=0.46 window=300s
2026-03-22 20:15:10 [INFO] NEW DOGE-USD Dogecoin Up or Down - March 22, 4:15PM-4:20PM ET yes=0.45 window=300s
2026-03-22 20:15:10 [INFO] NEW BNB-USD BNB Up or Down - March 22, 4:15PM-4:20PM ET yes=0.45 window=300s
2026-03-22 20:15:10 [INFO] NEW HYPE-USD Hyperliquid Up or Down - March 22, 4:15PM-4:20PM ET yes=0.50 window=300s
2026-03-22 20:15:10 [INFO] NEW BTC-USD Bitcoin Up or Down - March 22, 4:15PM-4:30PM ET yes=0.51 window=900s
2026-03-22 20:15:10 [INFO] NEW ETH-USD Ethereum Up or Down - March 22, 4:15PM-4:30PM ET yes=0.51 window=900s
2026-03-22 20:15:10 [INFO] NEW SOL-USD Solana Up or Down - March 22, 4:15PM-4:30PM ET yes=0.47 window=900s
2026-03-22 20:15:10 [INFO] NEW XRP-USD XRP Up or Down - March 22, 4:15PM-4:30PM ET yes=0.48 window=900s
2026-03-22 20:15:10 [INFO] NEW DOGE-USD Dogecoin Up or Down - March 22, 4:15PM-4:30PM ET yes=0.50 window=900s
2026-03-22 20:15:10 [INFO] NEW BNB-USD BNB Up or Down - March 22, 4:15PM-4:30PM ET yes=0.50 window=900s
2026-03-22 20:15:10 [INFO] NEW HYPE-USD Hyperliquid Up or Down - March 22, 4:15PM-4:30PM ET yes=0.50 window=900s
2026-03-22 20:15:28 [INFO] RESOLVED BTC-USD -> DOWN yes=0.50 Bitcoin Up or Down - March 22, 4:00PM-4:
2026-03-22 20:15:28 [INFO] RESOLVED ETH-USD -> DOWN yes=0.50 Ethereum Up or Down - March 22, 4:00PM-4
2026-03-22 20:15:28 [INFO] RESOLVED SOL-USD -> DOWN yes=0.50 Solana Up or Down - March 22, 4:00PM-4:1
2026-03-22 20:15:28 [INFO] RESOLVED XRP-USD -> DOWN yes=0.50 XRP Up or Down - March 22, 4:00PM-4:15PM
2026-03-22 20:15:28 [INFO] RESOLVED DOGE-USD -> DOWN yes=0.50 Dogecoin Up or Down - March 22, 4:00PM-4
2026-03-22 20:15:28 [INFO] RESOLVED BNB-USD -> DOWN yes=0.50 BNB Up or Down - March 22, 4:00PM-4:15PM
2026-03-22 20:15:28 [INFO] RESOLVED HYPE-USD -> DOWN yes=0.50 Hyperliquid Up or Down - March 22, 4:00P
2026-03-22 20:15:28 [INFO] RESOLVED BTC-USD -> DOWN yes=0.50 Bitcoin Up or Down - March 22, 4:10PM-4:
2026-03-22 20:15:28 [INFO] RESOLVED ETH-USD -> DOWN yes=0.50 Ethereum Up or Down - March 22, 4:10PM-4
2026-03-22 20:15:28 [INFO] RESOLVED SOL-USD -> DOWN yes=0.50 Solana Up or Down - March 22, 4:10PM-4:1
2026-03-22 20:15:28 [INFO] RESOLVED XRP-USD -> DOWN yes=0.50 XRP Up or Down - March 22, 4:10PM-4:15PM
2026-03-22 20:15:28 [INFO] RESOLVED DOGE-USD -> DOWN yes=0.50 Dogecoin Up or Down - March 22, 4:10PM-4
2026-03-22 20:15:28 [INFO] RESOLVED BNB-USD -> DOWN yes=0.50 BNB Up or Down - March 22, 4:10PM-4:15PM
2026-03-22 20:15:28 [INFO] RESOLVED HYPE-USD -> DOWN yes=0.50 Hyperliquid Up or Down - March 22, 4:10P
2026-03-22 20:15:35 [INFO] Status: 14 active, 1484 disc, 60753 poly, 259839 price, 139555 flow, 93988 funding, 1470 resolved | DOGE-USD=$0 | SOL-USD=$87 | BTC-USD=$68344 | ETH-USD=$2067 | BNB-USD=$629 | XRP-USD=$1 | BTC-USD fr=-0.000019 | ETH-USD fr=-0.000057
2026-03-22 20:16:38 [INFO] Status: 14 active, 1484 disc, 60837 poly, 260179 price, 139724 flow, 94114 funding, 1470 resolved | DOGE-USD=$0 | SOL-USD=$87 | BTC-USD=$68390 | ETH-USD=$2068 | BNB-USD=$629 | XRP-USD=$1 | BTC-USD fr=-0.000019 | ETH-USD fr=-0.000058
2026-03-22 20:17:43 [INFO] Status: 14 active, 1484 disc, 60921 poly, 260526 price, 139893 flow, 94244 funding, 1470 resolved | DOGE-USD=$0 | SOL-USD=$87 | BTC-USD=$68362 | ETH-USD=$2067 | BNB-USD=$629 | XRP-USD=$1 | BTC-USD fr=-0.000019 | ETH-USD fr=-0.000058
2026-03-22 20:18:46 [INFO] Status: 14 active, 1484 disc, 61005 poly, 260856 price, 140049 flow, 94370 funding, 1470 resolved | DOGE-USD=$0 | SOL-USD=$87 | BTC-USD=$68381 | ETH-USD=$2068 | BNB-USD=$629 | XRP-USD=$1 | BTC-USD fr=-0.000019 | ETH-USD fr=-0.000058
2026-03-22 20:19:50 [INFO] Status: 14 active, 1484 disc, 61089 poly, 261186 price, 140209 flow, 94498 funding, 1470 resolved | DOGE-USD=$0 | SOL-USD=$87 | BTC-USD=$68400 | ETH-USD=$2069 | BNB-USD=$629 | XRP-USD=$1 | BTC-USD fr=-0.000019 | ETH-USD fr=-0.000058
2026-03-22 20:20:06 [INFO] NEW BTC-USD Bitcoin Up or Down - March 22, 4:20PM-4:25PM ET yes=0.48 window=300s
2026-03-22 20:20:06 [INFO] NEW ETH-USD Ethereum Up or Down - March 22, 4:20PM-4:25PM ET yes=0.49 window=300s
2026-03-22 20:20:06 [INFO] NEW SOL-USD Solana Up or Down - March 22, 4:20PM-4:25PM ET yes=0.49 window=300s
2026-03-22 20:20:06 [INFO] NEW XRP-USD XRP Up or Down - March 22, 4:20PM-4:25PM ET yes=0.46 window=300s
2026-03-22 20:20:06 [INFO] NEW DOGE-USD Dogecoin Up or Down - March 22, 4:20PM-4:25PM ET yes=0.50 window=300s
2026-03-22 20:20:06 [INFO] NEW BNB-USD BNB Up or Down - March 22, 4:20PM-4:25PM ET yes=0.45 window=300s
2026-03-22 20:20:06 [INFO] NEW HYPE-USD Hyperliquid Up or Down - March 22, 4:20PM-4:25PM ET yes=0.50 window=300s
2026-03-22 20:20:21 [INFO] RESOLVED BTC-USD -> DOWN yes=0.50 Bitcoin Up or Down - March 22, 4:15PM-4:
2026-03-22 20:20:21 [INFO] RESOLVED ETH-USD -> DOWN yes=0.50 Ethereum Up or Down - March 22, 4:15PM-4
2026-03-22 20:20:21 [INFO] RESOLVED SOL-USD -> DOWN yes=0.50 Solana Up or Down - March 22, 4:15PM-4:2
2026-03-22 20:20:21 [INFO] RESOLVED XRP-USD -> DOWN yes=0.50 XRP Up or Down - March 22, 4:15PM-4:20PM
2026-03-22 20:20:21 [INFO] RESOLVED DOGE-USD -> DOWN yes=0.50 Dogecoin Up or Down - March 22, 4:15PM-4
2026-03-22 20:20:21 [INFO] RESOLVED BNB-USD -> DOWN yes=0.50 BNB Up or Down - March 22, 4:15PM-4:20PM
2026-03-22 20:20:21 [INFO] RESOLVED HYPE-USD -> DOWN yes=0.50 Hyperliquid Up or Down - March 22, 4:15P
2026-03-22 20:21:01 [INFO] Status: 14 active, 1491 disc, 61180 poly, 261543 price, 140391 flow, 94640 funding, 1477 resolved | DOGE-USD=$0 | SOL-USD=$87 | BTC-USD=$68449 | ETH-USD=$2070 | BNB-USD=$629 | XRP-USD=$1 | BTC-USD fr=-0.000019 | ETH-USD fr=-0.000058
2026-03-22 20:22:05 [INFO] Status: 14 active, 1491 disc, 61264 poly, 261920 price, 140591 flow, 94768 funding, 1477 resolved | DOGE-USD=$0 | SOL-USD=$87 | BTC-USD=$68468 | ETH-USD=$2071 | BNB-USD=$630 | XRP-USD=$1 | BTC-USD fr=-0.000018 | ETH-USD fr=-0.000058
2026-03-22 20:23:09 [INFO] Status: 14 active, 1491 disc, 61348 poly, 262265 price, 140757 flow, 94894 funding, 1477 resolved | DOGE-USD=$0 | SOL-USD=$87 | BTC-USD=$68443 | ETH-USD=$2070 | BNB-USD=$630 | XRP-USD=$1 | BTC-USD fr=-0.000018 | ETH-USD fr=-0.000058
2026-03-22 20:24:12 [INFO] Status: 14 active, 1491 disc, 61432 poly, 262602 price, 140932 flow, 95022 funding, 1477 resolved | DOGE-USD=$0 | SOL-USD=$87 | BTC-USD=$68402 | ETH-USD=$2068 | BNB-USD=$630 | XRP-USD=$1 | BTC-USD fr=-0.000018 | ETH-USD fr=-0.000058
2026-03-22 20:25:08 [INFO] NEW BTC-USD Bitcoin Up or Down - March 22, 4:25PM-4:30PM ET yes=0.51 window=300s
2026-03-22 20:25:08 [INFO] NEW ETH-USD Ethereum Up or Down - March 22, 4:25PM-4:30PM ET yes=0.51 window=300s
2026-03-22 20:25:08 [INFO] NEW SOL-USD Solana Up or Down - March 22, 4:25PM-4:30PM ET yes=0.49 window=300s
2026-03-22 20:25:08 [INFO] NEW XRP-USD XRP Up or Down - March 22, 4:25PM-4:30PM ET yes=0.46 window=300s
2026-03-22 20:25:08 [INFO] NEW DOGE-USD Dogecoin Up or Down - March 22, 4:25PM-4:30PM ET yes=0.47 window=300s
2026-03-22 20:25:08 [INFO] NEW BNB-USD BNB Up or Down - March 22, 4:25PM-4:30PM ET yes=0.42 window=300s
2026-03-22 20:25:08 [INFO] NEW HYPE-USD Hyperliquid Up or Down - March 22, 4:25PM-4:30PM ET yes=0.50 window=300s
2026-03-22 20:25:19 [INFO] Status: 21 active, 1498 disc, 61523 poly, 262977 price, 141129 flow, 95156 funding, 1477 resolved | DOGE-USD=$0 | SOL-USD=$87 | BTC-USD=$68373 | ETH-USD=$2067 | BNB-USD=$630 | XRP-USD=$1 | BTC-USD fr=-0.000018 | ETH-USD fr=-0.000059
2026-03-22 20:25:26 [INFO] RESOLVED BTC-USD -> DOWN yes=0.50 Bitcoin Up or Down - March 22, 4:20PM-4:
2026-03-22 20:25:26 [INFO] RESOLVED ETH-USD -> DOWN yes=0.50 Ethereum Up or Down - March 22, 4:20PM-4
2026-03-22 20:25:26 [INFO] RESOLVED SOL-USD -> DOWN yes=0.50 Solana Up or Down - March 22, 4:20PM-4:2
2026-03-22 20:25:26 [INFO] RESOLVED XRP-USD -> DOWN yes=0.50 XRP Up or Down - March 22, 4:20PM-4:25PM
2026-03-22 20:25:26 [INFO] RESOLVED DOGE-USD -> DOWN yes=0.50 Dogecoin Up or Down - March 22, 4:20PM-4
2026-03-22 20:25:26 [INFO] RESOLVED BNB-USD -> DOWN yes=0.50 BNB Up or Down - March 22, 4:20PM-4:25PM
2026-03-22 20:25:26 [INFO] RESOLVED HYPE-USD -> DOWN yes=0.50 Hyperliquid Up or Down - March 22, 4:20P
2026-03-22 20:26:23 [INFO] Status: 14 active, 1498 disc, 61607 poly, 263325 price, 141316 flow, 95284 funding, 1484 resolved | DOGE-USD=$0 | SOL-USD=$87 | BTC-USD=$68328 | ETH-USD=$2065 | BNB-USD=$629 | XRP-USD=$1 | BTC-USD fr=-0.000018 | ETH-USD fr=-0.000060
2026-03-22 20:27:25 [INFO] Status: 14 active, 1498 disc, 61691 poly, 263669 price, 141503 flow, 95408 funding, 1484 resolved | DOGE-USD=$0 | SOL-USD=$87 | BTC-USD=$68286 | ETH-USD=$2063 | BNB-USD=$629 | XRP-USD=$1 | BTC-USD fr=-0.000019 | ETH-USD fr=-0.000061
2026-03-22 20:28:30 [INFO] Status: 14 active, 1498 disc, 61775 poly, 264012 price, 141679 flow, 95536 funding, 1484 resolved | DOGE-USD=$0 | SOL-USD=$87 | BTC-USD=$68310 | ETH-USD=$2065 | BNB-USD=$629 | XRP-USD=$1 | BTC-USD fr=-0.000019 | ETH-USD fr=-0.000061
2026-03-22 20:29:34 [INFO] Status: 14 active, 1498 disc, 61859 poly, 264338 price, 141850 flow, 95666 funding, 1484 resolved | DOGE-USD=$0 | SOL-USD=$87 | BTC-USD=$68303 | ETH-USD=$2065 | BNB-USD=$629 | XRP-USD=$1 | BTC-USD fr=-0.000019 | ETH-USD fr=-0.000061
2026-03-22 20:30:11 [INFO] NEW BTC-USD Bitcoin Up or Down - March 22, 4:30PM-4:35PM ET yes=0.49 window=300s
2026-03-22 20:30:11 [INFO] NEW ETH-USD Ethereum Up or Down - March 22, 4:30PM-4:35PM ET yes=0.56 window=300s
2026-03-22 20:30:11 [INFO] NEW SOL-USD Solana Up or Down - March 22, 4:30PM-4:35PM ET yes=0.51 window=300s
2026-03-22 20:30:11 [INFO] NEW XRP-USD XRP Up or Down - March 22, 4:30PM-4:35PM ET yes=0.50 window=300s
2026-03-22 20:30:11 [INFO] NEW DOGE-USD Dogecoin Up or Down - March 22, 4:30PM-4:35PM ET yes=0.45 window=300s
2026-03-22 20:30:11 [INFO] NEW BNB-USD BNB Up or Down - March 22, 4:30PM-4:35PM ET yes=0.42 window=300s
2026-03-22 20:30:11 [INFO] NEW HYPE-USD Hyperliquid Up or Down - March 22, 4:30PM-4:35PM ET yes=0.50 window=300s
2026-03-22 20:30:11 [INFO] NEW BTC-USD Bitcoin Up or Down - March 22, 4:30PM-4:45PM ET yes=0.53 window=900s
2026-03-22 20:30:11 [INFO] NEW ETH-USD Ethereum Up or Down - March 22, 4:30PM-4:45PM ET yes=0.51 window=900s
2026-03-22 20:30:11 [INFO] NEW SOL-USD Solana Up or Down - March 22, 4:30PM-4:45PM ET yes=0.51 window=900s
2026-03-22 20:30:11 [INFO] NEW XRP-USD XRP Up or Down - March 22, 4:30PM-4:45PM ET yes=0.51 window=900s
2026-03-22 20:30:11 [INFO] NEW DOGE-USD Dogecoin Up or Down - March 22, 4:30PM-4:45PM ET yes=0.50 window=900s
2026-03-22 20:30:11 [INFO] NEW BNB-USD BNB Up or Down - March 22, 4:30PM-4:45PM ET yes=0.42 window=900s
2026-03-22 20:30:11 [INFO] NEW HYPE-USD Hyperliquid Up or Down - March 22, 4:30PM-4:45PM ET yes=0.50 window=900s
2026-03-22 20:30:30 [INFO] RESOLVED BTC-USD -> DOWN yes=0.50 Bitcoin Up or Down - March 22, 4:15PM-4:
2026-03-22 20:30:30 [INFO] RESOLVED ETH-USD -> DOWN yes=0.50 Ethereum Up or Down - March 22, 4:15PM-4
2026-03-22 20:30:30 [INFO] RESOLVED SOL-USD -> DOWN yes=0.50 Solana Up or Down - March 22, 4:15PM-4:3
2026-03-22 20:30:30 [INFO] RESOLVED XRP-USD -> DOWN yes=0.50 XRP Up or Down - March 22, 4:15PM-4:30PM
2026-03-22 20:30:30 [INFO] RESOLVED DOGE-USD -> DOWN yes=0.50 Dogecoin Up or Down - March 22, 4:15PM-4
2026-03-22 20:30:30 [INFO] RESOLVED BNB-USD -> DOWN yes=0.50 BNB Up or Down - March 22, 4:15PM-4:30PM
2026-03-22 20:30:30 [INFO] RESOLVED HYPE-USD -> DOWN yes=0.50 Hyperliquid Up or Down - March 22, 4:15P
2026-03-22 20:30:30 [INFO] RESOLVED BTC-USD -> DOWN yes=0.50 Bitcoin Up or Down - March 22, 4:25PM-4:
2026-03-22 20:30:30 [INFO] RESOLVED ETH-USD -> DOWN yes=0.50 Ethereum Up or Down - March 22, 4:25PM-4
2026-03-22 20:30:30 [INFO] RESOLVED SOL-USD -> DOWN yes=0.50 Solana Up or Down - March 22, 4:25PM-4:3
2026-03-22 20:30:30 [INFO] RESOLVED XRP-USD -> DOWN yes=0.50 XRP Up or Down - March 22, 4:25PM-4:30PM
2026-03-22 20:30:30 [INFO] RESOLVED DOGE-USD -> DOWN yes=0.50 Dogecoin Up or Down - March 22, 4:25PM-4
2026-03-22 20:30:30 [INFO] RESOLVED BNB-USD -> DOWN yes=0.50 BNB Up or Down - March 22, 4:25PM-4:30PM
2026-03-22 20:30:30 [INFO] RESOLVED HYPE-USD -> DOWN yes=0.50 Hyperliquid Up or Down - March 22, 4:25P
2026-03-22 20:30:37 [INFO] Status: 14 active, 1512 disc, 61943 poly, 264672 price, 142025 flow, 95792 funding, 1498 resolved | DOGE-USD=$0 | SOL-USD=$87 | BTC-USD=$68316 | ETH-USD=$2064 | BNB-USD=$629 | XRP-USD=$1 | BTC-USD fr=-0.000018 | ETH-USD fr=-0.000061
2026-03-22 20:31:41 [INFO] Status: 14 active, 1512 disc, 62027 poly, 264997 price, 142190 flow, 95920 funding, 1498 resolved | DOGE-USD=$0 | SOL-USD=$87 | BTC-USD=$68329 | ETH-USD=$2066 | BNB-USD=$629 | XRP-USD=$1 | BTC-USD fr=-0.000018 | ETH-USD fr=-0.000061
2026-03-22 20:32:47 [INFO] Status: 14 active, 1512 disc, 62111 poly, 265343 price, 142354 flow, 96052 funding, 1498 resolved | DOGE-USD=$0 | SOL-USD=$87 | BTC-USD=$68332 | ETH-USD=$2066 | BNB-USD=$630 | XRP-USD=$1 | BTC-USD fr=-0.000018 | ETH-USD fr=-0.000061
2026-03-22 20:33:50 [INFO] Status: 14 active, 1512 disc, 62195 poly, 265674 price, 142520 flow, 96178 funding, 1498 resolved | DOGE-USD=$0 | SOL-USD=$87 | BTC-USD=$68304 | ETH-USD=$2064 | BNB-USD=$629 | XRP-USD=$1 | BTC-USD fr=-0.000018 | ETH-USD fr=-0.000061
2026-03-22 20:34:54 [INFO] Status: 14 active, 1512 disc, 62279 poly, 266004 price, 142683 flow, 96306 funding, 1498 resolved | DOGE-USD=$0 | SOL-USD=$87 | BTC-USD=$68304 | ETH-USD=$2064 | BNB-USD=$629 | XRP-USD=$1 | BTC-USD fr=-0.000018 | ETH-USD fr=-0.000062
2026-03-22 20:35:08 [INFO] NEW BTC-USD Bitcoin Up or Down - March 22, 4:35PM-4:40PM ET yes=0.49 window=300s
2026-03-22 20:35:08 [INFO] NEW ETH-USD Ethereum Up or Down - March 22, 4:35PM-4:40PM ET yes=0.54 window=300s
2026-03-22 20:35:08 [INFO] NEW SOL-USD Solana Up or Down - March 22, 4:35PM-4:40PM ET yes=0.56 window=300s
2026-03-22 20:35:08 [INFO] NEW XRP-USD XRP Up or Down - March 22, 4:35PM-4:40PM ET yes=0.51 window=300s
2026-03-22 20:35:08 [INFO] NEW DOGE-USD Dogecoin Up or Down - March 22, 4:35PM-4:40PM ET yes=0.45 window=300s
2026-03-22 20:35:08 [INFO] NEW BNB-USD BNB Up or Down - March 22, 4:35PM-4:40PM ET yes=0.45 window=300s
2026-03-22 20:35:08 [INFO] NEW HYPE-USD Hyperliquid Up or Down - March 22, 4:35PM-4:40PM ET yes=0.50 window=300s
2026-03-22 20:35:22 [INFO] RESOLVED BTC-USD -> DOWN yes=0.50 Bitcoin Up or Down - March 22, 4:30PM-4:
2026-03-22 20:35:22 [INFO] RESOLVED ETH-USD -> DOWN yes=0.50 Ethereum Up or Down - March 22, 4:30PM-4
2026-03-22 20:35:22 [INFO] RESOLVED SOL-USD -> DOWN yes=0.50 Solana Up or Down - March 22, 4:30PM-4:3
2026-03-22 20:35:22 [INFO] RESOLVED XRP-USD -> DOWN yes=0.50 XRP Up or Down - March 22, 4:30PM-4:35PM
2026-03-22 20:35:22 [INFO] RESOLVED DOGE-USD -> DOWN yes=0.50 Dogecoin Up or Down - March 22, 4:30PM-4
2026-03-22 20:35:22 [INFO] RESOLVED BNB-USD -> DOWN yes=0.50 BNB Up or Down - March 22, 4:30PM-4:35PM
2026-03-22 20:35:22 [INFO] RESOLVED HYPE-USD -> DOWN yes=0.50 Hyperliquid Up or Down - March 22, 4:30P
2026-03-22 20:36:01 [INFO] Status: 14 active, 1519 disc, 62370 poly, 266365 price, 142868 flow, 96440 funding, 1505 resolved | DOGE-USD=$0 | SOL-USD=$87 | BTC-USD=$68254 | ETH-USD=$2063 | BNB-USD=$629 | XRP-USD=$1 | BTC-USD fr=-0.000018 | ETH-USD fr=-0.000062
2026-03-22 20:37:04 [INFO] Status: 14 active, 1519 disc, 62454 poly, 266719 price, 143062 flow, 96566 funding, 1505 resolved | DOGE-USD=$0 | SOL-USD=$87 | BTC-USD=$68231 | ETH-USD=$2061 | BNB-USD=$629 | XRP-USD=$1 | BTC-USD fr=-0.000018 | ETH-USD fr=-0.000064
2026-03-22 20:38:07 [INFO] Status: 14 active, 1519 disc, 62538 poly, 267066 price, 143237 flow, 96692 funding, 1505 resolved | DOGE-USD=$0 | SOL-USD=$87 | BTC-USD=$68282 | ETH-USD=$2063 | BNB-USD=$629 | XRP-USD=$1 | BTC-USD fr=-0.000018 | ETH-USD fr=-0.000064
2026-03-22 20:39:10 [INFO] Status: 14 active, 1519 disc, 62622 poly, 267397 price, 143378 flow, 96818 funding, 1505 resolved | DOGE-USD=$0 | SOL-USD=$87 | BTC-USD=$68243 | ETH-USD=$2062 | BNB-USD=$629 | XRP-USD=$1 | BTC-USD fr=-0.000017 | ETH-USD fr=-0.000063
2026-03-22 20:40:07 [INFO] NEW BTC-USD Bitcoin Up or Down - March 22, 4:40PM-4:45PM ET yes=0.51 window=300s
2026-03-22 20:40:07 [INFO] NEW ETH-USD Ethereum Up or Down - March 22, 4:40PM-4:45PM ET yes=0.51 window=300s
2026-03-22 20:40:07 [INFO] NEW SOL-USD Solana Up or Down - March 22, 4:40PM-4:45PM ET yes=0.51 window=300s
2026-03-22 20:40:07 [INFO] NEW XRP-USD XRP Up or Down - March 22, 4:40PM-4:45PM ET yes=0.53 window=300s
2026-03-22 20:40:07 [INFO] NEW DOGE-USD Dogecoin Up or Down - March 22, 4:40PM-4:45PM ET yes=0.50 window=300s
2026-03-22 20:40:07 [INFO] NEW BNB-USD BNB Up or Down - March 22, 4:40PM-4:45PM ET yes=0.50 window=300s
2026-03-22 20:40:07 [INFO] NEW HYPE-USD Hyperliquid Up or Down - March 22, 4:40PM-4:45PM ET yes=0.50 window=300s
2026-03-22 20:40:18 [INFO] Status: 21 active, 1526 disc, 62713 poly, 267771 price, 143551 flow, 96954 funding, 1505 resolved | DOGE-USD=$0 | SOL-USD=$87 | BTC-USD=$68278 | ETH-USD=$2063 | BNB-USD=$629 | XRP-USD=$1 | BTC-USD fr=-0.000017 | ETH-USD fr=-0.000064
2026-03-22 20:40:25 [INFO] RESOLVED BTC-USD -> DOWN yes=0.50 Bitcoin Up or Down - March 22, 4:35PM-4:
2026-03-22 20:40:25 [INFO] RESOLVED ETH-USD -> DOWN yes=0.50 Ethereum Up or Down - March 22, 4:35PM-4
2026-03-22 20:40:25 [INFO] RESOLVED SOL-USD -> DOWN yes=0.50 Solana Up or Down - March 22, 4:35PM-4:4
2026-03-22 20:40:25 [INFO] RESOLVED XRP-USD -> DOWN yes=0.50 XRP Up or Down - March 22, 4:35PM-4:40PM
2026-03-22 20:40:25 [INFO] RESOLVED DOGE-USD -> DOWN yes=0.50 Dogecoin Up or Down - March 22, 4:35PM-4
2026-03-22 20:40:25 [INFO] RESOLVED BNB-USD -> DOWN yes=0.50 BNB Up or Down - March 22, 4:35PM-4:40PM
2026-03-22 20:40:25 [INFO] RESOLVED HYPE-USD -> DOWN yes=0.50 Hyperliquid Up or Down - March 22, 4:35P
2026-03-22 20:41:22 [INFO] Status: 14 active, 1526 disc, 62797 poly, 268094 price, 143702 flow, 97082 funding, 1512 resolved | DOGE-USD=$0 | SOL-USD=$87 | BTC-USD=$68318 | ETH-USD=$2064 | BNB-USD=$629 | XRP-USD=$1 | BTC-USD fr=-0.000016 | ETH-USD fr=-0.000064
2026-03-22 20:42:25 [INFO] Status: 14 active, 1526 disc, 62881 poly, 268431 price, 143842 flow, 97208 funding, 1512 resolved | DOGE-USD=$0 | SOL-USD=$87 | BTC-USD=$68319 | ETH-USD=$2063 | BNB-USD=$629 | XRP-USD=$1 | BTC-USD fr=-0.000016 | ETH-USD fr=-0.000064
2026-03-22 20:43:28 [INFO] Status: 14 active, 1526 disc, 62965 poly, 268775 price, 143994 flow, 97334 funding, 1512 resolved | DOGE-USD=$0 | SOL-USD=$87 | BTC-USD=$68369 | ETH-USD=$2066 | BNB-USD=$629 | XRP-USD=$1 | BTC-USD fr=-0.000016 | ETH-USD fr=-0.000064
2026-03-22 20:44:31 [INFO] Status: 14 active, 1526 disc, 63049 poly, 269112 price, 144157 flow, 97460 funding, 1512 resolved | DOGE-USD=$0 | SOL-USD=$87 | BTC-USD=$68370 | ETH-USD=$2067 | BNB-USD=$629 | XRP-USD=$1 | BTC-USD fr=-0.000015 | ETH-USD fr=-0.000064
2026-03-22 20:45:06 [INFO] NEW BTC-USD Bitcoin Up or Down - March 22, 4:45PM-4:50PM ET yes=0.48 window=300s
2026-03-22 20:45:06 [INFO] NEW ETH-USD Ethereum Up or Down - March 22, 4:45PM-4:50PM ET yes=0.52 window=300s
2026-03-22 20:45:06 [INFO] NEW SOL-USD Solana Up or Down - March 22, 4:45PM-4:50PM ET yes=0.51 window=300s
2026-03-22 20:45:06 [INFO] NEW XRP-USD XRP Up or Down - March 22, 4:45PM-4:50PM ET yes=0.52 window=300s
2026-03-22 20:45:06 [INFO] NEW DOGE-USD Dogecoin Up or Down - March 22, 4:45PM-4:50PM ET yes=0.50 window=300s
2026-03-22 20:45:06 [INFO] NEW BNB-USD BNB Up or Down - March 22, 4:45PM-4:50PM ET yes=0.50 window=300s
2026-03-22 20:45:06 [INFO] NEW HYPE-USD Hyperliquid Up or Down - March 22, 4:45PM-4:50PM ET yes=0.50 window=300s
2026-03-22 20:45:06 [INFO] NEW BTC-USD Bitcoin Up or Down - March 22, 4:45PM-5:00PM ET yes=0.49 window=900s
2026-03-22 20:45:06 [INFO] NEW ETH-USD Ethereum Up or Down - March 22, 4:45PM-5:00PM ET yes=0.55 window=900s
2026-03-22 20:45:06 [INFO] NEW SOL-USD Solana Up or Down - March 22, 4:45PM-5:00PM ET yes=0.55 window=900s
2026-03-22 20:45:06 [INFO] NEW XRP-USD XRP Up or Down - March 22, 4:45PM-5:00PM ET yes=0.51 window=900s
2026-03-22 20:45:06 [INFO] NEW DOGE-USD Dogecoin Up or Down - March 22, 4:45PM-5:00PM ET yes=0.50 window=900s
2026-03-22 20:45:06 [INFO] NEW BNB-USD BNB Up or Down - March 22, 4:45PM-5:00PM ET yes=0.50 window=900s
2026-03-22 20:45:06 [INFO] NEW HYPE-USD Hyperliquid Up or Down - March 22, 4:45PM-5:00PM ET yes=0.50 window=900s
2026-03-22 20:45:24 [INFO] RESOLVED BTC-USD -> DOWN yes=0.50 Bitcoin Up or Down - March 22, 4:30PM-4:
2026-03-22 20:45:24 [INFO] RESOLVED ETH-USD -> DOWN yes=0.50 Ethereum Up or Down - March 22, 4:30PM-4
2026-03-22 20:45:24 [INFO] RESOLVED SOL-USD -> DOWN yes=0.50 Solana Up or Down - March 22, 4:30PM-4:4
2026-03-22 20:45:24 [INFO] RESOLVED XRP-USD -> DOWN yes=0.50 XRP Up or Down - March 22, 4:30PM-4:45PM
2026-03-22 20:45:24 [INFO] RESOLVED DOGE-USD -> DOWN yes=0.50 Dogecoin Up or Down - March 22, 4:30PM-4
2026-03-22 20:45:24 [INFO] RESOLVED BNB-USD -> DOWN yes=0.50 BNB Up or Down - March 22, 4:30PM-4:45PM
2026-03-22 20:45:24 [INFO] RESOLVED HYPE-USD -> DOWN yes=0.50 Hyperliquid Up or Down - March 22, 4:30P
2026-03-22 20:45:24 [INFO] RESOLVED BTC-USD -> DOWN yes=0.50 Bitcoin Up or Down - March 22, 4:40PM-4:
2026-03-22 20:45:24 [INFO] RESOLVED ETH-USD -> DOWN yes=0.50 Ethereum Up or Down - March 22, 4:40PM-4
2026-03-22 20:45:24 [INFO] RESOLVED SOL-USD -> DOWN yes=0.50 Solana Up or Down - March 22, 4:40PM-4:4
2026-03-22 20:45:24 [INFO] RESOLVED XRP-USD -> DOWN yes=0.50 XRP Up or Down - March 22, 4:40PM-4:45PM
2026-03-22 20:45:24 [INFO] RESOLVED DOGE-USD -> DOWN yes=0.50 Dogecoin Up or Down - March 22, 4:40PM-4
2026-03-22 20:45:24 [INFO] RESOLVED BNB-USD -> DOWN yes=0.50 BNB Up or Down - March 22, 4:40PM-4:45PM
2026-03-22 20:45:24 [INFO] RESOLVED HYPE-USD -> DOWN yes=0.50 Hyperliquid Up or Down - March 22, 4:40P
2026-03-22 20:45:32 [INFO] Status: 14 active, 1540 disc, 63133 poly, 269449 price, 144316 flow, 97582 funding, 1526 resolved | DOGE-USD=$0 | SOL-USD=$87 | BTC-USD=$68335 | ETH-USD=$2064 | BNB-USD=$629 | XRP-USD=$1 | BTC-USD fr=-0.000015 | ETH-USD fr=-0.000064
2026-03-22 20:46:34 [INFO] Status: 14 active, 1540 disc, 63217 poly, 269781 price, 144479 flow, 97706 funding, 1526 resolved | DOGE-USD=$0 | SOL-USD=$87 | BTC-USD=$68334 | ETH-USD=$2065 | BNB-USD=$629 | XRP-USD=$1 | BTC-USD fr=-0.000015 | ETH-USD fr=-0.000064
2026-03-22 20:47:36 [INFO] Status: 14 active, 1540 disc, 63301 poly, 270086 price, 144612 flow, 97830 funding, 1526 resolved | DOGE-USD=$0 | SOL-USD=$87 | BTC-USD=$68322 | ETH-USD=$2064 | BNB-USD=$629 | XRP-USD=$1 | BTC-USD fr=-0.000015 | ETH-USD fr=-0.000065
2026-03-22 20:48:39 [INFO] Status: 14 active, 1540 disc, 63385 poly, 270407 price, 144741 flow, 97956 funding, 1526 resolved | DOGE-USD=$0 | SOL-USD=$87 | BTC-USD=$68330 | ETH-USD=$2064 | BNB-USD=$629 | XRP-USD=$1 | BTC-USD fr=-0.000015 | ETH-USD fr=-0.000064
2026-03-22 20:49:42 [INFO] Status: 14 active, 1540 disc, 63469 poly, 270737 price, 144870 flow, 98082 funding, 1526 resolved | DOGE-USD=$0 | SOL-USD=$87 | BTC-USD=$68317 | ETH-USD=$2064 | BNB-USD=$629 | XRP-USD=$1 | BTC-USD fr=-0.000015 | ETH-USD fr=-0.000064
2026-03-22 20:50:06 [INFO] NEW BTC-USD Bitcoin Up or Down - March 22, 4:50PM-4:55PM ET yes=0.48 window=300s
2026-03-22 20:50:06 [INFO] NEW ETH-USD Ethereum Up or Down - March 22, 4:50PM-4:55PM ET yes=0.56 window=300s
2026-03-22 20:50:06 [INFO] NEW SOL-USD Solana Up or Down - March 22, 4:50PM-4:55PM ET yes=0.51 window=300s
2026-03-22 20:50:06 [INFO] NEW XRP-USD XRP Up or Down - March 22, 4:50PM-4:55PM ET yes=0.53 window=300s
2026-03-22 20:50:06 [INFO] NEW DOGE-USD Dogecoin Up or Down - March 22, 4:50PM-4:55PM ET yes=0.50 window=300s
2026-03-22 20:50:06 [INFO] NEW BNB-USD BNB Up or Down - March 22, 4:50PM-4:55PM ET yes=0.50 window=300s
2026-03-22 20:50:06 [INFO] NEW HYPE-USD Hyperliquid Up or Down - March 22, 4:50PM-4:55PM ET yes=0.50 window=300s
2026-03-22 20:50:21 [INFO] RESOLVED BTC-USD -> DOWN yes=0.50 Bitcoin Up or Down - March 22, 4:45PM-4:
2026-03-22 20:50:21 [INFO] RESOLVED ETH-USD -> DOWN yes=0.50 Ethereum Up or Down - March 22, 4:45PM-4
2026-03-22 20:50:21 [INFO] RESOLVED SOL-USD -> DOWN yes=0.50 Solana Up or Down - March 22, 4:45PM-4:5
2026-03-22 20:50:21 [INFO] RESOLVED XRP-USD -> DOWN yes=0.50 XRP Up or Down - March 22, 4:45PM-4:50PM
2026-03-22 20:50:21 [INFO] RESOLVED DOGE-USD -> DOWN yes=0.50 Dogecoin Up or Down - March 22, 4:45PM-4
2026-03-22 20:50:21 [INFO] RESOLVED BNB-USD -> DOWN yes=0.50 BNB Up or Down - March 22, 4:45PM-4:50PM
2026-03-22 20:50:21 [INFO] RESOLVED HYPE-USD -> DOWN yes=0.50 Hyperliquid Up or Down - March 22, 4:45P
2026-03-22 20:50:50 [INFO] Status: 14 active, 1547 disc, 63560 poly, 271099 price, 145051 flow, 98218 funding, 1533 resolved | DOGE-USD=$0 | SOL-USD=$87 | BTC-USD=$68292 | ETH-USD=$2064 | BNB-USD=$629 | XRP-USD=$1 | BTC-USD fr=-0.000015 | ETH-USD fr=-0.000064
2026-03-22 20:51:54 [INFO] Status: 14 active, 1547 disc, 63644 poly, 271471 price, 145267 flow, 98346 funding, 1533 resolved | DOGE-USD=$0 | SOL-USD=$87 | BTC-USD=$68176 | ETH-USD=$2058 | BNB-USD=$628 | XRP-USD=$1 | BTC-USD fr=-0.000015 | ETH-USD fr=-0.000064
2026-03-22 20:52:57 [INFO] Status: 14 active, 1547 disc, 63728 poly, 271823 price, 145447 flow, 98470 funding, 1533 resolved | DOGE-USD=$0 | SOL-USD=$87 | BTC-USD=$68166 | ETH-USD=$2058 | BNB-USD=$628 | XRP-USD=$1 | BTC-USD fr=-0.000015 | ETH-USD fr=-0.000064
2026-03-22 20:54:00 [INFO] Status: 14 active, 1547 disc, 63812 poly, 272181 price, 145633 flow, 98598 funding, 1533 resolved | DOGE-USD=$0 | SOL-USD=$87 | BTC-USD=$68130 | ETH-USD=$2057 | BNB-USD=$628 | XRP-USD=$1 | BTC-USD fr=-0.000016 | ETH-USD fr=-0.000066
2026-03-22 20:55:02 [INFO] Status: 14 active, 1547 disc, 63896 poly, 272520 price, 145811 flow, 98722 funding, 1533 resolved | DOGE-USD=$0 | SOL-USD=$87 | BTC-USD=$68200 | ETH-USD=$2060 | BNB-USD=$628 | XRP-USD=$1 | BTC-USD fr=-0.000016 | ETH-USD fr=-0.000066
2026-03-22 20:55:07 [INFO] NEW BTC-USD Bitcoin Up or Down - March 22, 4:55PM-5:00PM ET yes=0.53 window=300s
2026-03-22 20:55:07 [INFO] NEW ETH-USD Ethereum Up or Down - March 22, 4:55PM-5:00PM ET yes=0.54 window=300s
2026-03-22 20:55:07 [INFO] NEW SOL-USD Solana Up or Down - March 22, 4:55PM-5:00PM ET yes=0.51 window=300s
2026-03-22 20:55:07 [INFO] NEW XRP-USD XRP Up or Down - March 22, 4:55PM-5:00PM ET yes=0.51 window=300s
2026-03-22 20:55:07 [INFO] NEW DOGE-USD Dogecoin Up or Down - March 22, 4:55PM-5:00PM ET yes=0.55 window=300s
2026-03-22 20:55:07 [INFO] NEW BNB-USD BNB Up or Down - March 22, 4:55PM-5:00PM ET yes=0.45 window=300s
2026-03-22 20:55:07 [INFO] NEW HYPE-USD Hyperliquid Up or Down - March 22, 4:55PM-5:00PM ET yes=0.50 window=300s
2026-03-22 20:55:24 [INFO] RESOLVED BTC-USD -> DOWN yes=0.50 Bitcoin Up or Down - March 22, 4:50PM-4:
2026-03-22 20:55:24 [INFO] RESOLVED ETH-USD -> DOWN yes=0.50 Ethereum Up or Down - March 22, 4:50PM-4
2026-03-22 20:55:24 [INFO] RESOLVED SOL-USD -> DOWN yes=0.50 Solana Up or Down - March 22, 4:50PM-4:5
2026-03-22 20:55:24 [INFO] RESOLVED XRP-USD -> DOWN yes=0.50 XRP Up or Down - March 22, 4:50PM-4:55PM
2026-03-22 20:55:24 [INFO] RESOLVED DOGE-USD -> DOWN yes=0.50 Dogecoin Up or Down - March 22, 4:50PM-4
2026-03-22 20:55:24 [INFO] RESOLVED BNB-USD -> DOWN yes=0.50 BNB Up or Down - March 22, 4:50PM-4:55PM
2026-03-22 20:55:24 [INFO] RESOLVED HYPE-USD -> DOWN yes=0.50 Hyperliquid Up or Down - March 22, 4:50P
2026-03-22 20:56:10 [INFO] Status: 14 active, 1554 disc, 63987 poly, 272898 price, 146002 flow, 98856 funding, 1540 resolved | DOGE-USD=$0 | SOL-USD=$87 | BTC-USD=$68166 | ETH-USD=$2059 | BNB-USD=$628 | XRP-USD=$1 | BTC-USD fr=-0.000016 | ETH-USD fr=-0.000066
2026-03-22 20:57:12 [INFO] Status: 14 active, 1554 disc, 64071 poly, 273238 price, 146163 flow, 98982 funding, 1540 resolved | DOGE-USD=$0 | SOL-USD=$87 | BTC-USD=$68192 | ETH-USD=$2059 | BNB-USD=$628 | XRP-USD=$1 | BTC-USD fr=-0.000016 | ETH-USD fr=-0.000067
2026-03-22 20:58:16 [INFO] Status: 14 active, 1554 disc, 64155 poly, 273581 price, 146326 flow, 99110 funding, 1540 resolved | DOGE-USD=$0 | SOL-USD=$87 | BTC-USD=$68200 | ETH-USD=$2060 | BNB-USD=$628 | XRP-USD=$1 | BTC-USD fr=-0.000015 | ETH-USD fr=-0.000066
2026-03-22 20:59:19 [INFO] Status: 14 active, 1554 disc, 64239 poly, 273909 price, 146503 flow, 99236 funding, 1540 resolved | DOGE-USD=$0 | SOL-USD=$87 | BTC-USD=$68176 | ETH-USD=$2059 | BNB-USD=$628 | XRP-USD=$1 | BTC-USD fr=-0.000015 | ETH-USD fr=-0.000066
2026-03-22 21:00:07 [INFO] NEW BTC-USD Bitcoin Up or Down - March 22, 5:00PM-5:05PM ET yes=0.53 window=300s
2026-03-22 21:00:07 [INFO] NEW ETH-USD Ethereum Up or Down - March 22, 5:00PM-5:05PM ET yes=0.54 window=300s
2026-03-22 21:00:07 [INFO] NEW SOL-USD Solana Up or Down - March 22, 5:00PM-5:05PM ET yes=0.54 window=300s
2026-03-22 21:00:07 [INFO] NEW XRP-USD XRP Up or Down - March 22, 5:00PM-5:05PM ET yes=0.49 window=300s
2026-03-22 21:00:07 [INFO] NEW DOGE-USD Dogecoin Up or Down - March 22, 5:00PM-5:05PM ET yes=0.50 window=300s
2026-03-22 21:00:07 [INFO] NEW BNB-USD BNB Up or Down - March 22, 5:00PM-5:05PM ET yes=0.50 window=300s
2026-03-22 21:00:07 [INFO] NEW HYPE-USD Hyperliquid Up or Down - March 22, 5:00PM-5:05PM ET yes=0.50 window=300s
2026-03-22 21:00:07 [INFO] NEW BTC-USD Bitcoin Up or Down - March 22, 5:00PM-5:15PM ET yes=0.55 window=900s
2026-03-22 21:00:07 [INFO] NEW ETH-USD Ethereum Up or Down - March 22, 5:00PM-5:15PM ET yes=0.56 window=900s
2026-03-22 21:00:07 [INFO] NEW SOL-USD Solana Up or Down - March 22, 5:00PM-5:15PM ET yes=0.57 window=900s
2026-03-22 21:00:07 [INFO] NEW XRP-USD XRP Up or Down - March 22, 5:00PM-5:15PM ET yes=0.53 window=900s
2026-03-22 21:00:07 [INFO] NEW DOGE-USD Dogecoin Up or Down - March 22, 5:00PM-5:15PM ET yes=0.50 window=900s
2026-03-22 21:00:07 [INFO] NEW BNB-USD BNB Up or Down - March 22, 5:00PM-5:15PM ET yes=0.50 window=900s
2026-03-22 21:00:07 [INFO] NEW HYPE-USD Hyperliquid Up or Down - March 22, 5:00PM-5:15PM ET yes=0.50 window=900s
2026-03-22 21:00:29 [INFO] RESOLVED BTC-USD -> DOWN yes=0.50 Bitcoin Up or Down - March 22, 4:45PM-5:
2026-03-22 21:00:29 [INFO] RESOLVED ETH-USD -> DOWN yes=0.50 Ethereum Up or Down - March 22, 4:45PM-5
2026-03-22 21:00:29 [INFO] RESOLVED SOL-USD -> DOWN yes=0.50 Solana Up or Down - March 22, 4:45PM-5:0
2026-03-22 21:00:29 [INFO] RESOLVED XRP-USD -> DOWN yes=0.50 XRP Up or Down - March 22, 4:45PM-5:00PM
2026-03-22 21:00:29 [INFO] RESOLVED DOGE-USD -> DOWN yes=0.50 Dogecoin Up or Down - March 22, 4:45PM-5
2026-03-22 21:00:29 [INFO] RESOLVED BNB-USD -> DOWN yes=0.50 BNB Up or Down - March 22, 4:45PM-5:00PM
2026-03-22 21:00:29 [INFO] RESOLVED HYPE-USD -> DOWN yes=0.50 Hyperliquid Up or Down - March 22, 4:45P
2026-03-22 21:00:29 [INFO] RESOLVED BTC-USD -> DOWN yes=0.50 Bitcoin Up or Down - March 22, 4:55PM-5:
2026-03-22 21:00:29 [INFO] RESOLVED ETH-USD -> DOWN yes=0.50 Ethereum Up or Down - March 22, 4:55PM-5
2026-03-22 21:00:29 [INFO] RESOLVED SOL-USD -> DOWN yes=0.50 Solana Up or Down - March 22, 4:55PM-5:0
2026-03-22 21:00:29 [INFO] RESOLVED XRP-USD -> DOWN yes=0.50 XRP Up or Down - March 22, 4:55PM-5:00PM
2026-03-22 21:00:29 [INFO] RESOLVED DOGE-USD -> DOWN yes=0.50 Dogecoin Up or Down - March 22, 4:55PM-5
2026-03-22 21:00:29 [INFO] RESOLVED BNB-USD -> DOWN yes=0.50 BNB Up or Down - March 22, 4:55PM-5:00PM
2026-03-22 21:00:29 [INFO] RESOLVED HYPE-USD -> DOWN yes=0.50 Hyperliquid Up or Down - March 22, 4:55P
2026-03-22 21:00:36 [INFO] Status: 14 active, 1568 disc, 64337 poly, 274323 price, 146715 flow, 99390 funding, 1554 resolved | DOGE-USD=$0 | SOL-USD=$87 | BTC-USD=$68176 | ETH-USD=$2059 | BNB-USD=$628 | XRP-USD=$1 | BTC-USD fr=-0.000015 | ETH-USD fr=-0.000066
2026-03-22 21:01:40 [INFO] Status: 14 active, 1568 disc, 64421 poly, 274675 price, 146896 flow, 99518 funding, 1554 resolved | DOGE-USD=$0 | SOL-USD=$87 | BTC-USD=$68188 | ETH-USD=$2059 | BNB-USD=$628 | XRP-USD=$1 | BTC-USD fr=-0.000015 | ETH-USD fr=-0.000066
2026-03-22 21:02:44 [INFO] Status: 14 active, 1568 disc, 64505 poly, 275022 price, 147070 flow, 99646 funding, 1554 resolved | DOGE-USD=$0 | SOL-USD=$87 | BTC-USD=$68202 | ETH-USD=$2059 | BNB-USD=$629 | XRP-USD=$1 | BTC-USD fr=-0.000015 | ETH-USD fr=-0.000066
2026-03-22 21:03:48 [INFO] Status: 14 active, 1568 disc, 64589 poly, 275387 price, 147287 flow, 99774 funding, 1554 resolved | DOGE-USD=$0 | SOL-USD=$87 | BTC-USD=$68140 | ETH-USD=$2055 | BNB-USD=$628 | XRP-USD=$1 | BTC-USD fr=-0.000015 | ETH-USD fr=-0.000066
2026-03-22 21:04:51 [INFO] Status: 14 active, 1568 disc, 64673 poly, 275758 price, 147493 flow, 99900 funding, 1554 resolved | DOGE-USD=$0 | SOL-USD=$86 | BTC-USD=$68095 | ETH-USD=$2055 | BNB-USD=$627 | XRP-USD=$1 | BTC-USD fr=-0.000014 | ETH-USD fr=-0.000067
2026-03-22 21:05:05 [INFO] NEW BTC-USD Bitcoin Up or Down - March 22, 5:05PM-5:10PM ET yes=0.49 window=300s
2026-03-22 21:05:05 [INFO] NEW ETH-USD Ethereum Up or Down - March 22, 5:05PM-5:10PM ET yes=0.55 window=300s
2026-03-22 21:05:05 [INFO] NEW SOL-USD Solana Up or Down - March 22, 5:05PM-5:10PM ET yes=0.55 window=300s
2026-03-22 21:05:05 [INFO] NEW XRP-USD XRP Up or Down - March 22, 5:05PM-5:10PM ET yes=0.53 window=300s
2026-03-22 21:05:05 [INFO] NEW DOGE-USD Dogecoin Up or Down - March 22, 5:05PM-5:10PM ET yes=0.50 window=300s
2026-03-22 21:05:05 [INFO] NEW BNB-USD BNB Up or Down - March 22, 5:05PM-5:10PM ET yes=0.50 window=300s
2026-03-22 21:05:05 [INFO] NEW HYPE-USD Hyperliquid Up or Down - March 22, 5:05PM-5:10PM ET yes=0.50 window=300s
2026-03-22 21:05:21 [INFO] RESOLVED BTC-USD -> DOWN yes=0.50 Bitcoin Up or Down - March 22, 5:00PM-5:
2026-03-22 21:05:21 [INFO] RESOLVED ETH-USD -> DOWN yes=0.50 Ethereum Up or Down - March 22, 5:00PM-5
2026-03-22 21:05:21 [INFO] RESOLVED SOL-USD -> DOWN yes=0.50 Solana Up or Down - March 22, 5:00PM-5:0
2026-03-22 21:05:21 [INFO] RESOLVED XRP-USD -> DOWN yes=0.50 XRP Up or Down - March 22, 5:00PM-5:05PM
2026-03-22 21:05:21 [INFO] RESOLVED DOGE-USD -> DOWN yes=0.50 Dogecoin Up or Down - March 22, 5:00PM-5
2026-03-22 21:05:21 [INFO] RESOLVED BNB-USD -> DOWN yes=0.50 BNB Up or Down - March 22, 5:00PM-5:05PM
2026-03-22 21:05:21 [INFO] RESOLVED HYPE-USD -> DOWN yes=0.50 Hyperliquid Up or Down - March 22, 5:00P
2026-03-22 21:06:03 [INFO] Status: 14 active, 1575 disc, 64764 poly, 276185 price, 147852 flow, 100044 funding, 1561 resolved | DOGE-USD=$0 | SOL-USD=$86 | BTC-USD=$67688 | ETH-USD=$2036 | BNB-USD=$624 | XRP-USD=$1 | BTC-USD fr=-0.000017 | ETH-USD fr=-0.000070
2026-03-22 21:07:07 [INFO] Status: 14 active, 1575 disc, 64848 poly, 276567 price, 148174 flow, 100172 funding, 1561 resolved | DOGE-USD=$0 | SOL-USD=$86 | BTC-USD=$67793 | ETH-USD=$2044 | BNB-USD=$625 | XRP-USD=$1 | BTC-USD fr=-0.000017 | ETH-USD fr=-0.000070
2026-03-22 21:08:11 [INFO] Status: 14 active, 1575 disc, 64932 poly, 276951 price, 148479 flow, 100300 funding, 1561 resolved | DOGE-USD=$0 | SOL-USD=$86 | BTC-USD=$67923 | ETH-USD=$2047 | BNB-USD=$626 | XRP-USD=$1 | BTC-USD fr=-0.000017 | ETH-USD fr=-0.000070
2026-03-22 21:09:15 [INFO] Status: 14 active, 1575 disc, 65016 poly, 277334 price, 148752 flow, 100428 funding, 1561 resolved | DOGE-USD=$0 | SOL-USD=$86 | BTC-USD=$67914 | ETH-USD=$2049 | BNB-USD=$626 | XRP-USD=$1 | BTC-USD fr=-0.000017 | ETH-USD fr=-0.000069
2026-03-22 21:10:14 [INFO] NEW BTC-USD Bitcoin Up or Down - March 22, 5:10PM-5:15PM ET yes=0.56 window=300s
2026-03-22 21:10:14 [INFO] NEW ETH-USD Ethereum Up or Down - March 22, 5:10PM-5:15PM ET yes=0.56 window=300s
2026-03-22 21:10:14 [INFO] NEW SOL-USD Solana Up or Down - March 22, 5:10PM-5:15PM ET yes=0.56 window=300s
2026-03-22 21:10:14 [INFO] NEW XRP-USD XRP Up or Down - March 22, 5:10PM-5:15PM ET yes=0.54 window=300s
2026-03-22 21:10:14 [INFO] NEW DOGE-USD Dogecoin Up or Down - March 22, 5:10PM-5:15PM ET yes=0.50 window=300s
2026-03-22 21:10:14 [INFO] NEW BNB-USD BNB Up or Down - March 22, 5:10PM-5:15PM ET yes=0.58 window=300s
2026-03-22 21:10:14 [INFO] NEW HYPE-USD Hyperliquid Up or Down - March 22, 5:10PM-5:15PM ET yes=0.50 window=300s
2026-03-22 21:10:17 [INFO] RESOLVED BTC-USD -> DOWN yes=0.50 Bitcoin Up or Down - March 22, 5:05PM-5:
2026-03-22 21:10:17 [INFO] RESOLVED ETH-USD -> DOWN yes=0.50 Ethereum Up or Down - March 22, 5:05PM-5
2026-03-22 21:10:17 [INFO] RESOLVED SOL-USD -> DOWN yes=0.50 Solana Up or Down - March 22, 5:05PM-5:1
2026-03-22 21:10:17 [INFO] RESOLVED XRP-USD -> DOWN yes=0.50 XRP Up or Down - March 22, 5:05PM-5:10PM
2026-03-22 21:10:17 [INFO] RESOLVED DOGE-USD -> DOWN yes=0.50 Dogecoin Up or Down - March 22, 5:05PM-5
2026-03-22 21:10:17 [INFO] RESOLVED BNB-USD -> DOWN yes=0.50 BNB Up or Down - March 22, 5:05PM-5:10PM
2026-03-22 21:10:17 [INFO] RESOLVED HYPE-USD -> DOWN yes=0.50 Hyperliquid Up or Down - March 22, 5:05P
2026-03-22 21:10:21 [INFO] Status: 14 active, 1582 disc, 65100 poly, 277726 price, 149023 flow, 100560 funding, 1568 resolved | DOGE-USD=$0 | SOL-USD=$86 | BTC-USD=$67860 | ETH-USD=$2046 | BNB-USD=$626 | XRP-USD=$1 | BTC-USD fr=-0.000017 | ETH-USD fr=-0.000069
2026-03-22 21:11:26 [INFO] Status: 14 active, 1582 disc, 65184 poly, 278113 price, 149323 flow, 100690 funding, 1568 resolved | DOGE-USD=$0 | SOL-USD=$86 | BTC-USD=$67736 | ETH-USD=$2039 | BNB-USD=$625 | XRP-USD=$1 | BTC-USD fr=-0.000017 | ETH-USD fr=-0.000069
2026-03-22 21:12:29 [INFO] Status: 14 active, 1582 disc, 65268 poly, 278489 price, 149582 flow, 100816 funding, 1568 resolved | DOGE-USD=$0 | SOL-USD=$86 | BTC-USD=$67762 | ETH-USD=$2038 | BNB-USD=$624 | XRP-USD=$1 | BTC-USD fr=-0.000018 | ETH-USD fr=-0.000071
2026-03-22 21:13:32 [INFO] Status: 14 active, 1582 disc, 65352 poly, 278863 price, 149844 flow, 100942 funding, 1568 resolved | DOGE-USD=$0 | SOL-USD=$86 | BTC-USD=$67766 | ETH-USD=$2040 | BNB-USD=$625 | XRP-USD=$1 | BTC-USD fr=-0.000018 | ETH-USD fr=-0.000072
2026-03-22 21:14:35 [INFO] Status: 14 active, 1582 disc, 65436 poly, 279241 price, 150091 flow, 101068 funding, 1568 resolved | DOGE-USD=$0 | SOL-USD=$86 | BTC-USD=$67740 | ETH-USD=$2040 | BNB-USD=$624 | XRP-USD=$1 | BTC-USD fr=-0.000018 | ETH-USD fr=-0.000072
2026-03-22 21:15:12 [INFO] NEW BTC-USD Bitcoin Up or Down - March 22, 5:15PM-5:20PM ET yes=0.53 window=300s
2026-03-22 21:15:12 [INFO] NEW ETH-USD Ethereum Up or Down - March 22, 5:15PM-5:20PM ET yes=0.55 window=300s
2026-03-22 21:15:12 [INFO] NEW SOL-USD Solana Up or Down - March 22, 5:15PM-5:20PM ET yes=0.57 window=300s
2026-03-22 21:15:12 [INFO] NEW XRP-USD XRP Up or Down - March 22, 5:15PM-5:20PM ET yes=0.54 window=300s
2026-03-22 21:15:12 [INFO] NEW DOGE-USD Dogecoin Up or Down - March 22, 5:15PM-5:20PM ET yes=0.50 window=300s
2026-03-22 21:15:12 [INFO] NEW BNB-USD BNB Up or Down - March 22, 5:15PM-5:20PM ET yes=0.58 window=300s
2026-03-22 21:15:12 [INFO] NEW HYPE-USD Hyperliquid Up or Down - March 22, 5:15PM-5:20PM ET yes=0.50 window=300s
2026-03-22 21:15:12 [INFO] NEW BTC-USD Bitcoin Up or Down - March 22, 5:15PM-5:30PM ET yes=0.57 window=900s
2026-03-22 21:15:12 [INFO] NEW ETH-USD Ethereum Up or Down - March 22, 5:15PM-5:30PM ET yes=0.56 window=900s
2026-03-22 21:15:12 [INFO] NEW SOL-USD Solana Up or Down - March 22, 5:15PM-5:30PM ET yes=0.58 window=900s
2026-03-22 21:15:12 [INFO] NEW XRP-USD XRP Up or Down - March 22, 5:15PM-5:30PM ET yes=0.56 window=900s
2026-03-22 21:15:12 [INFO] NEW DOGE-USD Dogecoin Up or Down - March 22, 5:15PM-5:30PM ET yes=0.56 window=900s
2026-03-22 21:15:12 [INFO] NEW BNB-USD BNB Up or Down - March 22, 5:15PM-5:30PM ET yes=0.57 window=900s
2026-03-22 21:15:12 [INFO] NEW HYPE-USD Hyperliquid Up or Down - March 22, 5:15PM-5:30PM ET yes=0.50 window=900s
2026-03-22 21:15:12 [INFO] RESOLVED BTC-USD -> DOWN yes=0.50 Bitcoin Up or Down - March 22, 5:00PM-5:
2026-03-22 21:15:12 [INFO] RESOLVED ETH-USD -> DOWN yes=0.50 Ethereum Up or Down - March 22, 5:00PM-5
2026-03-22 21:15:12 [INFO] RESOLVED SOL-USD -> DOWN yes=0.50 Solana Up or Down - March 22, 5:00PM-5:1
2026-03-22 21:15:12 [INFO] RESOLVED XRP-USD -> DOWN yes=0.50 XRP Up or Down - March 22, 5:00PM-5:15PM
2026-03-22 21:15:12 [INFO] RESOLVED DOGE-USD -> DOWN yes=0.50 Dogecoin Up or Down - March 22, 5:00PM-5
2026-03-22 21:15:12 [INFO] RESOLVED BNB-USD -> DOWN yes=0.50 BNB Up or Down - March 22, 5:00PM-5:15PM
2026-03-22 21:15:12 [INFO] RESOLVED HYPE-USD -> DOWN yes=0.50 Hyperliquid Up or Down - March 22, 5:00P
2026-03-22 21:15:12 [INFO] RESOLVED BTC-USD -> DOWN yes=0.50 Bitcoin Up or Down - March 22, 5:10PM-5:
2026-03-22 21:15:12 [INFO] RESOLVED ETH-USD -> DOWN yes=0.50 Ethereum Up or Down - March 22, 5:10PM-5
2026-03-22 21:15:12 [INFO] RESOLVED SOL-USD -> DOWN yes=0.50 Solana Up or Down - March 22, 5:10PM-5:1
2026-03-22 21:15:12 [INFO] RESOLVED XRP-USD -> DOWN yes=0.50 XRP Up or Down - March 22, 5:10PM-5:15PM
2026-03-22 21:15:12 [INFO] RESOLVED DOGE-USD -> DOWN yes=0.50 Dogecoin Up or Down - March 22, 5:10PM-5
2026-03-22 21:15:12 [INFO] RESOLVED BNB-USD -> DOWN yes=0.50 BNB Up or Down - March 22, 5:10PM-5:15PM
2026-03-22 21:15:12 [INFO] RESOLVED HYPE-USD -> DOWN yes=0.50 Hyperliquid Up or Down - March 22, 5:10P
2026-03-22 21:15:41 [INFO] Status: 14 active, 1596 disc, 65520 poly, 279633 price, 150385 flow, 101200 funding, 1582 resolved | DOGE-USD=$0 | SOL-USD=$86 | BTC-USD=$67728 | ETH-USD=$2038 | BNB-USD=$624 | XRP-USD=$1 | BTC-USD fr=-0.000018 | ETH-USD fr=-0.000071
2026-03-22 21:16:44 [INFO] Status: 14 active, 1596 disc, 65604 poly, 280011 price, 150641 flow, 101326 funding, 1582 resolved | DOGE-USD=$0 | SOL-USD=$86 | BTC-USD=$67657 | ETH-USD=$2037 | BNB-USD=$624 | XRP-USD=$1 | BTC-USD fr=-0.000018 | ETH-USD fr=-0.000071
2026-03-22 21:17:47 [INFO] Status: 14 active, 1596 disc, 65688 poly, 280388 price, 150912 flow, 101452 funding, 1582 resolved | DOGE-USD=$0 | SOL-USD=$86 | BTC-USD=$67592 | ETH-USD=$2034 | BNB-USD=$624 | XRP-USD=$1 | BTC-USD fr=-0.000018 | ETH-USD fr=-0.000071
2026-03-22 21:18:51 [INFO] Status: 14 active, 1596 disc, 65772 poly, 280764 price, 151168 flow, 101578 funding, 1582 resolved | DOGE-USD=$0 | SOL-USD=$86 | BTC-USD=$67668 | ETH-USD=$2037 | BNB-USD=$624 | XRP-USD=$1 | BTC-USD fr=-0.000019 | ETH-USD fr=-0.000072
2026-03-22 21:19:55 [INFO] Status: 14 active, 1596 disc, 65856 poly, 281151 price, 151462 flow, 101708 funding, 1582 resolved | DOGE-USD=$0 | SOL-USD=$85 | BTC-USD=$67405 | ETH-USD=$2029 | BNB-USD=$623 | XRP-USD=$1 | BTC-USD fr=-0.000019 | ETH-USD fr=-0.000073
2026-03-22 21:20:10 [INFO] NEW BTC-USD Bitcoin Up or Down - March 22, 5:20PM-5:25PM ET yes=0.54 window=300s
2026-03-22 21:20:10 [INFO] NEW ETH-USD Ethereum Up or Down - March 22, 5:20PM-5:25PM ET yes=0.55 window=300s
2026-03-22 21:20:10 [INFO] NEW SOL-USD Solana Up or Down - March 22, 5:20PM-5:25PM ET yes=0.55 window=300s
2026-03-22 21:20:10 [INFO] NEW XRP-USD XRP Up or Down - March 22, 5:20PM-5:25PM ET yes=0.54 window=300s
2026-03-22 21:20:10 [INFO] NEW DOGE-USD Dogecoin Up or Down - March 22, 5:20PM-5:25PM ET yes=0.50 window=300s
2026-03-22 21:20:10 [INFO] NEW BNB-USD BNB Up or Down - March 22, 5:20PM-5:25PM ET yes=0.55 window=300s
2026-03-22 21:20:10 [INFO] NEW HYPE-USD Hyperliquid Up or Down - March 22, 5:20PM-5:25PM ET yes=0.50 window=300s
2026-03-22 21:20:25 [INFO] RESOLVED BTC-USD -> DOWN yes=0.50 Bitcoin Up or Down - March 22, 5:15PM-5:
2026-03-22 21:20:25 [INFO] RESOLVED ETH-USD -> DOWN yes=0.50 Ethereum Up or Down - March 22, 5:15PM-5
2026-03-22 21:20:25 [INFO] RESOLVED SOL-USD -> DOWN yes=0.50 Solana Up or Down - March 22, 5:15PM-5:2
2026-03-22 21:20:25 [INFO] RESOLVED XRP-USD -> DOWN yes=0.50 XRP Up or Down - March 22, 5:15PM-5:20PM
2026-03-22 21:20:25 [INFO] RESOLVED DOGE-USD -> DOWN yes=0.50 Dogecoin Up or Down - March 22, 5:15PM-5
2026-03-22 21:20:25 [INFO] RESOLVED BNB-USD -> DOWN yes=0.50 BNB Up or Down - March 22, 5:15PM-5:20PM
2026-03-22 21:20:25 [INFO] RESOLVED HYPE-USD -> DOWN yes=0.50 Hyperliquid Up or Down - March 22, 5:15P
2026-03-22 21:21:04 [INFO] Status: 14 active, 1603 disc, 65947 poly, 281566 price, 151796 flow, 101846 funding, 1589 resolved | DOGE-USD=$0 | SOL-USD=$85 | BTC-USD=$67387 | ETH-USD=$2028 | BNB-USD=$622 | XRP-USD=$1 | BTC-USD fr=-0.000020 | ETH-USD fr=-0.000074
2026-03-22 21:22:07 [INFO] Status: 14 active, 1603 disc, 66031 poly, 281942 price, 152077 flow, 101972 funding, 1589 resolved | DOGE-USD=$0 | SOL-USD=$85 | BTC-USD=$67503 | ETH-USD=$2031 | BNB-USD=$623 | XRP-USD=$1 | BTC-USD fr=-0.000021 | ETH-USD fr=-0.000075
2026-03-22 21:23:11 [INFO] Status: 14 active, 1603 disc, 66115 poly, 282321 price, 152372 flow, 102100 funding, 1589 resolved | DOGE-USD=$0 | SOL-USD=$85 | BTC-USD=$67530 | ETH-USD=$2032 | BNB-USD=$623 | XRP-USD=$1 | BTC-USD fr=-0.000020 | ETH-USD fr=-0.000075
2026-03-22 21:24:14 [INFO] Status: 14 active, 1603 disc, 66199 poly, 282695 price, 152665 flow, 102226 funding, 1589 resolved | DOGE-USD=$0 | SOL-USD=$86 | BTC-USD=$67609 | ETH-USD=$2035 | BNB-USD=$624 | XRP-USD=$1 | BTC-USD fr=-0.000020 | ETH-USD fr=-0.000075
2026-03-22 21:25:10 [INFO] NEW BTC-USD Bitcoin Up or Down - March 22, 5:25PM-5:30PM ET yes=0.54 window=300s
2026-03-22 21:25:10 [INFO] NEW ETH-USD Ethereum Up or Down - March 22, 5:25PM-5:30PM ET yes=0.56 window=300s
2026-03-22 21:25:10 [INFO] NEW SOL-USD Solana Up or Down - March 22, 5:25PM-5:30PM ET yes=0.55 window=300s
2026-03-22 21:25:10 [INFO] NEW XRP-USD XRP Up or Down - March 22, 5:25PM-5:30PM ET yes=0.56 window=300s
2026-03-22 21:25:10 [INFO] NEW DOGE-USD Dogecoin Up or Down - March 22, 5:25PM-5:30PM ET yes=0.50 window=300s
2026-03-22 21:25:10 [INFO] NEW BNB-USD BNB Up or Down - March 22, 5:25PM-5:30PM ET yes=0.50 window=300s
2026-03-22 21:25:10 [INFO] NEW HYPE-USD Hyperliquid Up or Down - March 22, 5:25PM-5:30PM ET yes=0.50 window=300s
2026-03-22 21:25:21 [INFO] Status: 21 active, 1610 disc, 66290 poly, 283100 price, 152962 flow, 102360 funding, 1589 resolved | DOGE-USD=$0 | SOL-USD=$86 | BTC-USD=$67644 | ETH-USD=$2036 | BNB-USD=$624 | XRP-USD=$1 | BTC-USD fr=-0.000020 | ETH-USD fr=-0.000075
2026-03-22 21:25:29 [INFO] RESOLVED BTC-USD -> DOWN yes=0.50 Bitcoin Up or Down - March 22, 5:20PM-5:
2026-03-22 21:25:29 [INFO] RESOLVED ETH-USD -> DOWN yes=0.50 Ethereum Up or Down - March 22, 5:20PM-5
2026-03-22 21:25:29 [INFO] RESOLVED SOL-USD -> DOWN yes=0.50 Solana Up or Down - March 22, 5:20PM-5:2
2026-03-22 21:25:29 [INFO] RESOLVED XRP-USD -> DOWN yes=0.50 XRP Up or Down - March 22, 5:20PM-5:25PM
2026-03-22 21:25:29 [INFO] RESOLVED DOGE-USD -> DOWN yes=0.50 Dogecoin Up or Down - March 22, 5:20PM-5
2026-03-22 21:25:29 [INFO] RESOLVED BNB-USD -> DOWN yes=0.50 BNB Up or Down - March 22, 5:20PM-5:25PM
2026-03-22 21:25:29 [INFO] RESOLVED HYPE-USD -> DOWN yes=0.50 Hyperliquid Up or Down - March 22, 5:20P
2026-03-22 21:26:25 [INFO] Status: 14 active, 1610 disc, 66374 poly, 283477 price, 153200 flow, 102488 funding, 1596 resolved | DOGE-USD=$0 | SOL-USD=$86 | BTC-USD=$67704 | ETH-USD=$2038 | BNB-USD=$625 | XRP-USD=$1 | BTC-USD fr=-0.000020 | ETH-USD fr=-0.000074
2026-03-22 21:27:28 [INFO] Status: 14 active, 1610 disc, 66458 poly, 283853 price, 153434 flow, 102614 funding, 1596 resolved | DOGE-USD=$0 | SOL-USD=$86 | BTC-USD=$67732 | ETH-USD=$2039 | BNB-USD=$625 | XRP-USD=$1 | BTC-USD fr=-0.000020 | ETH-USD fr=-0.000074
2026-03-22 21:28:31 [INFO] Status: 14 active, 1610 disc, 66542 poly, 284216 price, 153675 flow, 102738 funding, 1596 resolved | DOGE-USD=$0 | SOL-USD=$86 | BTC-USD=$67800 | ETH-USD=$2043 | BNB-USD=$626 | XRP-USD=$1 | BTC-USD fr=-0.000020 | ETH-USD fr=-0.000074
2026-03-22 21:29:34 [INFO] Status: 14 active, 1610 disc, 66626 poly, 284585 price, 153912 flow, 102866 funding, 1596 resolved | DOGE-USD=$0 | SOL-USD=$86 | BTC-USD=$67820 | ETH-USD=$2042 | BNB-USD=$626 | XRP-USD=$1 | BTC-USD fr=-0.000019 | ETH-USD fr=-0.000073
2026-03-22 21:30:11 [INFO] NEW BTC-USD Bitcoin Up or Down - March 22, 5:30PM-5:35PM ET yes=0.51 window=300s
2026-03-22 21:30:11 [INFO] NEW ETH-USD Ethereum Up or Down - March 22, 5:30PM-5:35PM ET yes=0.55 window=300s
2026-03-22 21:30:11 [INFO] NEW SOL-USD Solana Up or Down - March 22, 5:30PM-5:35PM ET yes=0.56 window=300s
2026-03-22 21:30:11 [INFO] NEW XRP-USD XRP Up or Down - March 22, 5:30PM-5:35PM ET yes=0.53 window=300s
2026-03-22 21:30:11 [INFO] NEW DOGE-USD Dogecoin Up or Down - March 22, 5:30PM-5:35PM ET yes=0.50 window=300s
2026-03-22 21:30:11 [INFO] NEW BNB-USD BNB Up or Down - March 22, 5:30PM-5:35PM ET yes=0.50 window=300s
2026-03-22 21:30:11 [INFO] NEW HYPE-USD Hyperliquid Up or Down - March 22, 5:30PM-5:35PM ET yes=0.50 window=300s
2026-03-22 21:30:11 [INFO] NEW BTC-USD Bitcoin Up or Down - March 22, 5:30PM-5:45PM ET yes=0.57 window=900s
2026-03-22 21:30:11 [INFO] NEW ETH-USD Ethereum Up or Down - March 22, 5:30PM-5:45PM ET yes=0.56 window=900s
2026-03-22 21:30:11 [INFO] NEW SOL-USD Solana Up or Down - March 22, 5:30PM-5:45PM ET yes=0.57 window=900s
2026-03-22 21:30:11 [INFO] NEW XRP-USD XRP Up or Down - March 22, 5:30PM-5:45PM ET yes=0.55 window=900s
2026-03-22 21:30:11 [INFO] NEW DOGE-USD Dogecoin Up or Down - March 22, 5:30PM-5:45PM ET yes=0.58 window=900s
2026-03-22 21:30:11 [INFO] NEW BNB-USD BNB Up or Down - March 22, 5:30PM-5:45PM ET yes=0.57 window=900s
2026-03-22 21:30:11 [INFO] NEW HYPE-USD Hyperliquid Up or Down - March 22, 5:30PM-5:45PM ET yes=0.50 window=900s
2026-03-22 21:30:30 [INFO] RESOLVED BTC-USD -> DOWN yes=0.50 Bitcoin Up or Down - March 22, 5:15PM-5:
2026-03-22 21:30:30 [INFO] RESOLVED ETH-USD -> DOWN yes=0.50 Ethereum Up or Down - March 22, 5:15PM-5
2026-03-22 21:30:30 [INFO] RESOLVED SOL-USD -> DOWN yes=0.50 Solana Up or Down - March 22, 5:15PM-5:3
2026-03-22 21:30:30 [INFO] RESOLVED XRP-USD -> DOWN yes=0.50 XRP Up or Down - March 22, 5:15PM-5:30PM
2026-03-22 21:30:30 [INFO] RESOLVED DOGE-USD -> DOWN yes=0.50 Dogecoin Up or Down - March 22, 5:15PM-5
2026-03-22 21:30:30 [INFO] RESOLVED BNB-USD -> DOWN yes=0.50 BNB Up or Down - March 22, 5:15PM-5:30PM
2026-03-22 21:30:30 [INFO] RESOLVED HYPE-USD -> DOWN yes=0.50 Hyperliquid Up or Down - March 22, 5:15P
2026-03-22 21:30:30 [INFO] RESOLVED BTC-USD -> DOWN yes=0.50 Bitcoin Up or Down - March 22, 5:25PM-5:
2026-03-22 21:30:30 [INFO] RESOLVED ETH-USD -> DOWN yes=0.50 Ethereum Up or Down - March 22, 5:25PM-5
2026-03-22 21:30:30 [INFO] RESOLVED SOL-USD -> DOWN yes=0.50 Solana Up or Down - March 22, 5:25PM-5:3
2026-03-22 21:30:30 [INFO] RESOLVED XRP-USD -> DOWN yes=0.50 XRP Up or Down - March 22, 5:25PM-5:30PM
2026-03-22 21:30:30 [INFO] RESOLVED DOGE-USD -> DOWN yes=0.50 Dogecoin Up or Down - March 22, 5:25PM-5
2026-03-22 21:30:30 [INFO] RESOLVED BNB-USD -> DOWN yes=0.50 BNB Up or Down - March 22, 5:25PM-5:30PM
2026-03-22 21:30:30 [INFO] RESOLVED HYPE-USD -> DOWN yes=0.50 Hyperliquid Up or Down - March 22, 5:25P
2026-03-22 21:30:38 [INFO] Status: 14 active, 1624 disc, 66710 poly, 284956 price, 154132 flow, 102994 funding, 1610 resolved | DOGE-USD=$0 | SOL-USD=$86 | BTC-USD=$67790 | ETH-USD=$2043 | BNB-USD=$625 | XRP-USD=$1 | BTC-USD fr=-0.000019 | ETH-USD fr=-0.000073
2026-03-22 21:31:42 [INFO] Status: 14 active, 1624 disc, 66794 poly, 285331 price, 154374 flow, 103122 funding, 1610 resolved | DOGE-USD=$0 | SOL-USD=$86 | BTC-USD=$67745 | ETH-USD=$2042 | BNB-USD=$625 | XRP-USD=$1 | BTC-USD fr=-0.000019 | ETH-USD fr=-0.000073
2026-03-22 21:32:45 [INFO] Status: 14 active, 1624 disc, 66878 poly, 285698 price, 154605 flow, 103248 funding, 1610 resolved | DOGE-USD=$0 | SOL-USD=$86 | BTC-USD=$67785 | ETH-USD=$2043 | BNB-USD=$625 | XRP-USD=$1 | BTC-USD fr=-0.000020 | ETH-USD fr=-0.000075
2026-03-22 21:33:48 [INFO] Status: 14 active, 1624 disc, 66962 poly, 286048 price, 154810 flow, 103372 funding, 1610 resolved | DOGE-USD=$0 | SOL-USD=$86 | BTC-USD=$67734 | ETH-USD=$2042 | BNB-USD=$625 | XRP-USD=$1 | BTC-USD fr=-0.000020 | ETH-USD fr=-0.000074
2026-03-22 21:34:50 [INFO] Status: 14 active, 1624 disc, 67046 poly, 286410 price, 155017 flow, 103498 funding, 1610 resolved | DOGE-USD=$0 | SOL-USD=$86 | BTC-USD=$67732 | ETH-USD=$2041 | BNB-USD=$625 | XRP-USD=$1 | BTC-USD fr=-0.000021 | ETH-USD fr=-0.000075
2026-03-22 21:35:05 [INFO] NEW BTC-USD Bitcoin Up or Down - March 22, 5:35PM-5:40PM ET yes=0.51 window=300s
2026-03-22 21:35:05 [INFO] NEW ETH-USD Ethereum Up or Down - March 22, 5:35PM-5:40PM ET yes=0.52 window=300s
2026-03-22 21:35:05 [INFO] NEW SOL-USD Solana Up or Down - March 22, 5:35PM-5:40PM ET yes=0.54 window=300s
2026-03-22 21:35:05 [INFO] NEW XRP-USD XRP Up or Down - March 22, 5:35PM-5:40PM ET yes=0.49 window=300s
2026-03-22 21:35:05 [INFO] NEW DOGE-USD Dogecoin Up or Down - March 22, 5:35PM-5:40PM ET yes=0.50 window=300s
2026-03-22 21:35:05 [INFO] NEW BNB-USD BNB Up or Down - March 22, 5:35PM-5:40PM ET yes=0.50 window=300s
2026-03-22 21:35:05 [INFO] NEW HYPE-USD Hyperliquid Up or Down - March 22, 5:35PM-5:40PM ET yes=0.50 window=300s
2026-03-22 21:35:19 [INFO] RESOLVED BTC-USD -> DOWN yes=0.50 Bitcoin Up or Down - March 22, 5:30PM-5:
2026-03-22 21:35:19 [INFO] RESOLVED ETH-USD -> DOWN yes=0.50 Ethereum Up or Down - March 22, 5:30PM-5
2026-03-22 21:35:19 [INFO] RESOLVED SOL-USD -> DOWN yes=0.50 Solana Up or Down - March 22, 5:30PM-5:3
2026-03-22 21:35:19 [INFO] RESOLVED XRP-USD -> DOWN yes=0.50 XRP Up or Down - March 22, 5:30PM-5:35PM
2026-03-22 21:35:19 [INFO] RESOLVED DOGE-USD -> DOWN yes=0.50 Dogecoin Up or Down - March 22, 5:30PM-5
2026-03-22 21:35:19 [INFO] RESOLVED BNB-USD -> DOWN yes=0.50 BNB Up or Down - March 22, 5:30PM-5:35PM
2026-03-22 21:35:19 [INFO] RESOLVED HYPE-USD -> DOWN yes=0.50 Hyperliquid Up or Down - March 22, 5:30P
2026-03-22 21:35:58 [INFO] Status: 14 active, 1631 disc, 67137 poly, 286798 price, 155234 flow, 103634 funding, 1617 resolved | DOGE-USD=$0 | SOL-USD=$86 | BTC-USD=$67735 | ETH-USD=$2042 | BNB-USD=$625 | XRP-USD=$1 | BTC-USD fr=-0.000021 | ETH-USD fr=-0.000075
2026-03-22 21:37:01 [INFO] Status: 14 active, 1631 disc, 67221 poly, 287159 price, 155451 flow, 103760 funding, 1617 resolved | DOGE-USD=$0 | SOL-USD=$86 | BTC-USD=$67734 | ETH-USD=$2040 | BNB-USD=$624 | XRP-USD=$1 | BTC-USD fr=-0.000022 | ETH-USD fr=-0.000077
2026-03-22 21:38:05 [INFO] Status: 14 active, 1631 disc, 67305 poly, 287530 price, 155692 flow, 103886 funding, 1617 resolved | DOGE-USD=$0 | SOL-USD=$86 | BTC-USD=$67897 | ETH-USD=$2047 | BNB-USD=$626 | XRP-USD=$1 | BTC-USD fr=-0.000022 | ETH-USD fr=-0.000076
2026-03-22 21:39:08 [INFO] Status: 14 active, 1631 disc, 67389 poly, 287905 price, 155936 flow, 104014 funding, 1617 resolved | DOGE-USD=$0 | SOL-USD=$86 | BTC-USD=$67892 | ETH-USD=$2046 | BNB-USD=$626 | XRP-USD=$1 | BTC-USD fr=-0.000022 | ETH-USD fr=-0.000076
2026-03-22 21:40:05 [INFO] NEW BTC-USD Bitcoin Up or Down - March 22, 5:40PM-5:45PM ET yes=0.53 window=300s
2026-03-22 21:40:05 [INFO] NEW ETH-USD Ethereum Up or Down - March 22, 5:40PM-5:45PM ET yes=0.54 window=300s
2026-03-22 21:40:05 [INFO] NEW SOL-USD Solana Up or Down - March 22, 5:40PM-5:45PM ET yes=0.55 window=300s
2026-03-22 21:40:05 [INFO] NEW XRP-USD XRP Up or Down - March 22, 5:40PM-5:45PM ET yes=0.54 window=300s
2026-03-22 21:40:05 [INFO] NEW DOGE-USD Dogecoin Up or Down - March 22, 5:40PM-5:45PM ET yes=0.50 window=300s
2026-03-22 21:40:05 [INFO] NEW BNB-USD BNB Up or Down - March 22, 5:40PM-5:45PM ET yes=0.50 window=300s
2026-03-22 21:40:05 [INFO] NEW HYPE-USD Hyperliquid Up or Down - March 22, 5:40PM-5:45PM ET yes=0.50 window=300s
2026-03-22 21:40:17 [INFO] Status: 21 active, 1638 disc, 67480 poly, 288307 price, 156177 flow, 104152 funding, 1617 resolved | DOGE-USD=$0 | SOL-USD=$86 | BTC-USD=$67937 | ETH-USD=$2049 | BNB-USD=$626 | XRP-USD=$1 | BTC-USD fr=-0.000021 | ETH-USD fr=-0.000076
2026-03-22 21:40:24 [INFO] RESOLVED BTC-USD -> DOWN yes=0.50 Bitcoin Up or Down - March 22, 5:35PM-5:
2026-03-22 21:40:24 [INFO] RESOLVED ETH-USD -> DOWN yes=0.50 Ethereum Up or Down - March 22, 5:35PM-5
2026-03-22 21:40:24 [INFO] RESOLVED SOL-USD -> DOWN yes=0.50 Solana Up or Down - March 22, 5:35PM-5:4
2026-03-22 21:40:24 [INFO] RESOLVED XRP-USD -> DOWN yes=0.50 XRP Up or Down - March 22, 5:35PM-5:40PM
2026-03-22 21:40:24 [INFO] RESOLVED DOGE-USD -> DOWN yes=0.50 Dogecoin Up or Down - March 22, 5:35PM-5
2026-03-22 21:40:24 [INFO] RESOLVED BNB-USD -> DOWN yes=0.50 BNB Up or Down - March 22, 5:35PM-5:40PM
2026-03-22 21:40:24 [INFO] RESOLVED HYPE-USD -> DOWN yes=0.50 Hyperliquid Up or Down - March 22, 5:35P
2026-03-22 21:41:20 [INFO] Status: 14 active, 1638 disc, 67564 poly, 288657 price, 156383 flow, 104278 funding, 1624 resolved | DOGE-USD=$0 | SOL-USD=$86 | BTC-USD=$67945 | ETH-USD=$2048 | BNB-USD=$626 | XRP-USD=$1 | BTC-USD fr=-0.000021 | ETH-USD fr=-0.000076
2026-03-22 21:42:23 [INFO] Status: 14 active, 1638 disc, 67648 poly, 289022 price, 156597 flow, 104404 funding, 1624 resolved | DOGE-USD=$0 | SOL-USD=$86 | BTC-USD=$67876 | ETH-USD=$2044 | BNB-USD=$625 | XRP-USD=$1 | BTC-USD fr=-0.000021 | ETH-USD fr=-0.000076
2026-03-22 21:43:26 [INFO] Status: 14 active, 1638 disc, 67732 poly, 289364 price, 156787 flow, 104530 funding, 1624 resolved | DOGE-USD=$0 | SOL-USD=$86 | BTC-USD=$67856 | ETH-USD=$2045 | BNB-USD=$625 | XRP-USD=$1 | BTC-USD fr=-0.000021 | ETH-USD fr=-0.000076
2026-03-22 21:44:29 [INFO] Status: 14 active, 1638 disc, 67816 poly, 289702 price, 156988 flow, 104654 funding, 1624 resolved | DOGE-USD=$0 | SOL-USD=$86 | BTC-USD=$67877 | ETH-USD=$2046 | BNB-USD=$626 | XRP-USD=$1 | BTC-USD fr=-0.000022 | ETH-USD fr=-0.000077
2026-03-22 21:45:05 [INFO] NEW BTC-USD Bitcoin Up or Down - March 22, 5:45PM-5:50PM ET yes=0.51 window=300s
2026-03-22 21:45:05 [INFO] NEW ETH-USD Ethereum Up or Down - March 22, 5:45PM-5:50PM ET yes=0.49 window=300s
2026-03-22 21:45:05 [INFO] NEW SOL-USD Solana Up or Down - March 22, 5:45PM-5:50PM ET yes=0.53 window=300s
2026-03-22 21:45:05 [INFO] NEW XRP-USD XRP Up or Down - March 22, 5:45PM-5:50PM ET yes=0.47 window=300s
2026-03-22 21:45:05 [INFO] NEW DOGE-USD Dogecoin Up or Down - March 22, 5:45PM-5:50PM ET yes=0.50 window=300s
2026-03-22 21:45:05 [INFO] NEW BNB-USD BNB Up or Down - March 22, 5:45PM-5:50PM ET yes=0.50 window=300s
2026-03-22 21:45:05 [INFO] NEW HYPE-USD Hyperliquid Up or Down - March 22, 5:45PM-5:50PM ET yes=0.50 window=300s
2026-03-22 21:45:05 [INFO] NEW BTC-USD Bitcoin Up or Down - March 22, 5:45PM-6:00PM ET yes=0.51 window=900s
2026-03-22 21:45:05 [INFO] NEW ETH-USD Ethereum Up or Down - March 22, 5:45PM-6:00PM ET yes=0.54 window=900s
2026-03-22 21:45:05 [INFO] NEW SOL-USD Solana Up or Down - March 22, 5:45PM-6:00PM ET yes=0.46 window=900s
2026-03-22 21:45:05 [INFO] NEW XRP-USD XRP Up or Down - March 22, 5:45PM-6:00PM ET yes=0.50 window=900s
2026-03-22 21:45:05 [INFO] NEW DOGE-USD Dogecoin Up or Down - March 22, 5:45PM-6:00PM ET yes=0.54 window=900s
2026-03-22 21:45:05 [INFO] NEW BNB-USD BNB Up or Down - March 22, 5:45PM-6:00PM ET yes=0.50 window=900s
2026-03-22 21:45:05 [INFO] NEW HYPE-USD Hyperliquid Up or Down - March 22, 5:45PM-6:00PM ET yes=0.50 window=900s
2026-03-22 21:45:23 [INFO] RESOLVED BTC-USD -> DOWN yes=0.50 Bitcoin Up or Down - March 22, 5:30PM-5:
2026-03-22 21:45:23 [INFO] RESOLVED ETH-USD -> DOWN yes=0.50 Ethereum Up or Down - March 22, 5:30PM-5
2026-03-22 21:45:23 [INFO] RESOLVED SOL-USD -> DOWN yes=0.50 Solana Up or Down - March 22, 5:30PM-5:4
2026-03-22 21:45:23 [INFO] RESOLVED XRP-USD -> DOWN yes=0.50 XRP Up or Down - March 22, 5:30PM-5:45PM
2026-03-22 21:45:23 [INFO] RESOLVED DOGE-USD -> DOWN yes=0.50 Dogecoin Up or Down - March 22, 5:30PM-5
2026-03-22 21:45:23 [INFO] RESOLVED BNB-USD -> DOWN yes=0.50 BNB Up or Down - March 22, 5:30PM-5:45PM
2026-03-22 21:45:23 [INFO] RESOLVED HYPE-USD -> DOWN yes=0.50 Hyperliquid Up or Down - March 22, 5:30P
2026-03-22 21:45:23 [INFO] RESOLVED BTC-USD -> DOWN yes=0.50 Bitcoin Up or Down - March 22, 5:40PM-5:
2026-03-22 21:45:23 [INFO] RESOLVED ETH-USD -> DOWN yes=0.50 Ethereum Up or Down - March 22, 5:40PM-5
2026-03-22 21:45:23 [INFO] RESOLVED SOL-USD -> DOWN yes=0.50 Solana Up or Down - March 22, 5:40PM-5:4
2026-03-22 21:45:23 [INFO] RESOLVED XRP-USD -> DOWN yes=0.50 XRP Up or Down - March 22, 5:40PM-5:45PM
2026-03-22 21:45:23 [INFO] RESOLVED DOGE-USD -> DOWN yes=0.50 Dogecoin Up or Down - March 22, 5:40PM-5
2026-03-22 21:45:23 [INFO] RESOLVED BNB-USD -> DOWN yes=0.50 BNB Up or Down - March 22, 5:40PM-5:45PM
2026-03-22 21:45:23 [INFO] RESOLVED HYPE-USD -> DOWN yes=0.50 Hyperliquid Up or Down - March 22, 5:40P
2026-03-22 21:45:30 [INFO] Status: 14 active, 1652 disc, 67900 poly, 290041 price, 157178 flow, 104778 funding, 1638 resolved | DOGE-USD=$0 | SOL-USD=$86 | BTC-USD=$67878 | ETH-USD=$2045 | BNB-USD=$626 | XRP-USD=$1 | BTC-USD fr=-0.000022 | ETH-USD fr=-0.000077
2026-03-22 21:46:34 [INFO] Status: 14 active, 1652 disc, 67984 poly, 290400 price, 157390 flow, 104906 funding, 1638 resolved | DOGE-USD=$0 | SOL-USD=$86 | BTC-USD=$67808 | ETH-USD=$2042 | BNB-USD=$626 | XRP-USD=$1 | BTC-USD fr=-0.000022 | ETH-USD fr=-0.000077
2026-03-22 21:47:36 [INFO] Status: 14 active, 1652 disc, 68068 poly, 290756 price, 157601 flow, 105030 funding, 1638 resolved | DOGE-USD=$0 | SOL-USD=$86 | BTC-USD=$67789 | ETH-USD=$2041 | BNB-USD=$625 | XRP-USD=$1 | BTC-USD fr=-0.000022 | ETH-USD fr=-0.000077
2026-03-22 21:48:38 [INFO] Status: 14 active, 1652 disc, 68152 poly, 291091 price, 157791 flow, 105154 funding, 1638 resolved | DOGE-USD=$0 | SOL-USD=$86 | BTC-USD=$67843 | ETH-USD=$2044 | BNB-USD=$625 | XRP-USD=$1 | BTC-USD fr=-0.000024 | ETH-USD fr=-0.000078
2026-03-22 21:49:41 [INFO] Status: 14 active, 1652 disc, 68236 poly, 291438 price, 157991 flow, 105280 funding, 1638 resolved | DOGE-USD=$0 | SOL-USD=$86 | BTC-USD=$67835 | ETH-USD=$2043 | BNB-USD=$625 | XRP-USD=$1 | BTC-USD fr=-0.000024 | ETH-USD fr=-0.000078
